[10:47:40] [main/INFO]: ModLauncher running: args [--username, HexTrack, --version, 1.19.2, --gameDir, /Users/rebeccataylor/Library/Application Support/ModrinthApp/profiles/Create+, --assetsDir, /Users/rebeccataylor/Library/Application Support/ModrinthApp/meta/assets, --assetIndex, 1.19, --uuid, 7ef8dc365ef6411c88e1f1f86f2b1daf, --accessToken, ❄❄❄❄❄❄❄❄, --clientId, c4502edb-87c6-40cb-b595-64a280cf8906, --xuid, 0, --userType, msa, --versionType, release, --width, 1650, --height, 1050, --launchTarget, forgeclient, --fml.forgeVersion, 43.5.1, --fml.mcVersion, 1.19.2, --fml.forgeGroup, net.minecraftforge, --fml.mcpVersion, 20220805.130853]
[10:47:40] [main/INFO]: ModLauncher 10.0.8+10.0.8+main.0ef7e830 starting: java version 17.0.17 by Azul Systems, Inc.; OS Mac OS X arch aarch64 version 15.7
[10:47:42] [main/INFO]: Starting Essential Loader (stage2) version 1.6.6 (0e5a0c2dc3815b0a4d4626f551309cf5) [stable]
[10:47:42] [main/INFO]: SpongePowered MIXIN Subsystem Version=0.8.5 Source=union:/Users/rebeccataylor/Library/Application%20Support/ModrinthApp/meta/libraries/org/spongepowered/mixin/0.8.5/mixin-0.8.5.jar%23141!/ Service=ModLauncher Env=CLIENT
[10:47:43] [main/INFO]: Launching CrashAssistantApp (CrashAssistant-forge-1.19-1.20.1-1.9.15.jar)
[10:47:43] [CrashAssistantApp process logger/INFO]: CrashAssistantApp process successfully started.
[10:47:43] [main/INFO]: Found mod file abnormals_delight-1.19.2-4.1.2.jar of type MOD with provider {mods folder locator at /Users/rebeccataylor/Library/Application Support/ModrinthApp/profiles/Create+/mods}
[10:47:43] [main/INFO]: Found mod file AdditionalBanners-Forge-1.19.2-10.1.7.jar of type MOD with provider {mods folder locator at /Users/rebeccataylor/Library/Application Support/ModrinthApp/profiles/Create+/mods}
[10:47:43] [main/INFO]: Found mod file advancementframes-1.19.2-2.0.0.jar of type MOD with provider {mods folder locator at /Users/rebeccataylor/Library/Application Support/ModrinthApp/profiles/Create+/mods}
[10:47:43] [main/INFO]: Found mod file alloyed-1.19.2-v1.5a.jar of type MOD with provider {mods folder locator at /Users/rebeccataylor/Library/Application Support/ModrinthApp/profiles/Create+/mods}
[10:47:43] [main/INFO]: Found mod file allurement-1.19.2-3.2.1.jar of type MOD with provider {mods folder locator at /Users/rebeccataylor/Library/Application Support/ModrinthApp/profiles/Create+/mods}
[10:47:43] [main/INFO]: Found mod file alternate-current-mc1.19-1.7.0.jar of type MOD with provider {mods folder locator at /Users/rebeccataylor/Library/Application Support/ModrinthApp/profiles/Create+/mods}
[10:47:43] [main/INFO]: Found mod file another_furniture-forge-1.19.2-2.1.4.jar of type MOD with provider {mods folder locator at /Users/rebeccataylor/Library/Application Support/ModrinthApp/profiles/Create+/mods}
[10:47:43] [main/INFO]: Found mod file appleskin-forge-mc1.19-2.4.2.jar of type MOD with provider {mods folder locator at /Users/rebeccataylor/Library/Application Support/ModrinthApp/profiles/Create+/mods}
[10:47:43] [main/INFO]: Found mod file aquatictorches-1.19-1.1.0.jar of type MOD with provider {mods folder locator at /Users/rebeccataylor/Library/Application Support/ModrinthApp/profiles/Create+/mods}
[10:47:43] [main/INFO]: Found mod file architectury-6.6.92-forge.jar of type MOD with provider {mods folder locator at /Users/rebeccataylor/Library/Application Support/ModrinthApp/profiles/Create+/mods}
[10:47:43] [main/INFO]: Found mod file ArmorStatues-v4.0.8-1.19.2-Forge.jar of type MOD with provider {mods folder locator at /Users/rebeccataylor/Library/Application Support/ModrinthApp/profiles/Create+/mods}
[10:47:43] [main/INFO]: Found mod file async-locator-forge-1.19.2-1.3.0.jar of type MOD with provider {mods folder locator at /Users/rebeccataylor/Library/Application Support/ModrinthApp/profiles/Create+/mods}
[10:47:43] [main/INFO]: Found mod file AutoRegLib-1.8.2-55.jar of type MOD with provider {mods folder locator at /Users/rebeccataylor/Library/Application Support/ModrinthApp/profiles/Create+/mods}
[10:47:43] [main/INFO]: Found mod file AxesAreWeapons-1.7.3-forge-1.19.2.jar of type MOD with provider {mods folder locator at /Users/rebeccataylor/Library/Application Support/ModrinthApp/profiles/Create+/mods}
[10:47:43] [main/INFO]: Found mod file BadOptimizations-2.1.4-1.19.1-19.2.jar of type MOD with provider {mods folder locator at /Users/rebeccataylor/Library/Application Support/ModrinthApp/profiles/Create+/mods}
[10:47:43] [main/INFO]: Found mod file badpackets-forge-0.2.3.jar of type MOD with provider {mods folder locator at /Users/rebeccataylor/Library/Application Support/ModrinthApp/profiles/Create+/mods}
[10:47:43] [main/INFO]: Found mod file balm-forge-1.19.2-4.6.0.jar of type MOD with provider {mods folder locator at /Users/rebeccataylor/Library/Application Support/ModrinthApp/profiles/Create+/mods}
[10:47:43] [main/INFO]: Found mod file Barsita-1.19.2-1.1.2.jar of type MOD with provider {mods folder locator at /Users/rebeccataylor/Library/Application Support/ModrinthApp/profiles/Create+/mods}
[10:47:43] [main/INFO]: Found mod file BedBenefits-Forge-1.19.2-9.1.3.jar of type MOD with provider {mods folder locator at /Users/rebeccataylor/Library/Application Support/ModrinthApp/profiles/Create+/mods}
[10:47:43] [main/INFO]: Found mod file bedspreads-forge-6.0.0+1.19.2.jar of type MOD with provider {mods folder locator at /Users/rebeccataylor/Library/Application Support/ModrinthApp/profiles/Create+/mods}
[10:47:43] [main/INFO]: Found mod file BeeFix-1.19-1.0.7.jar of type MOD with provider {mods folder locator at /Users/rebeccataylor/Library/Application Support/ModrinthApp/profiles/Create+/mods}
[10:47:43] [main/INFO]: Found mod file bellsandwhistles-v0.4.4-1.19.2.jar of type MOD with provider {mods folder locator at /Users/rebeccataylor/Library/Application Support/ModrinthApp/profiles/Create+/mods}
[10:47:43] [main/INFO]: Found mod file berry_good-1.19.2-6.1.0.jar of type MOD with provider {mods folder locator at /Users/rebeccataylor/Library/Application Support/ModrinthApp/profiles/Create+/mods}
[10:47:43] [main/INFO]: Found mod file BetterAdvancements-1.19.2-0.3.0.148.jar of type MOD with provider {mods folder locator at /Users/rebeccataylor/Library/Application Support/ModrinthApp/profiles/Create+/mods}
[10:47:43] [main/INFO]: Found mod file BetterF3-4.0.1-Forge-1.19.2.jar of type MOD with provider {mods folder locator at /Users/rebeccataylor/Library/Application Support/ModrinthApp/profiles/Create+/mods}
[10:47:43] [main/INFO]: Found mod file bettersafebed-forge-1.19-4.jar of type MOD with provider {mods folder locator at /Users/rebeccataylor/Library/Application Support/ModrinthApp/profiles/Create+/mods}
[10:47:43] [main/INFO]: Found mod file betterstats-2.2.2+1.19.2.jar of type MOD with provider {mods folder locator at /Users/rebeccataylor/Library/Application Support/ModrinthApp/profiles/Create+/mods}
[10:47:43] [main/INFO]: Found mod file BetterTridents-v4.0.2-1.19.2-Forge.jar of type MOD with provider {mods folder locator at /Users/rebeccataylor/Library/Application Support/ModrinthApp/profiles/Create+/mods}
[10:47:43] [main/INFO]: Found mod file BlockRunner-v4.2.2-1.19.2-Forge.jar of type MOD with provider {mods folder locator at /Users/rebeccataylor/Library/Application Support/ModrinthApp/profiles/Create+/mods}
[10:47:43] [main/INFO]: Found mod file blueprint-1.19.2-6.2.0.jar of type MOD with provider {mods folder locator at /Users/rebeccataylor/Library/Application Support/ModrinthApp/profiles/Create+/mods}
[10:47:43] [main/INFO]: Found mod file BoatBreakFix-Universal-1.0.2.jar of type MOD with provider {mods folder locator at /Users/rebeccataylor/Library/Application Support/ModrinthApp/profiles/Create+/mods}
[10:47:43] [main/INFO]: Found mod file boatload-1.19.2-4.2.2.jar of type MOD with provider {mods folder locator at /Users/rebeccataylor/Library/Application Support/ModrinthApp/profiles/Create+/mods}
[10:47:43] [main/INFO]: Found mod file Bookshelf-Forge-1.19.2-16.3.20.jar of type MOD with provider {mods folder locator at /Users/rebeccataylor/Library/Application Support/ModrinthApp/profiles/Create+/mods}
[10:47:43] [main/INFO]: Found mod file caelus-forge-1.19.2-3.0.0.6.jar of type MOD with provider {mods folder locator at /Users/rebeccataylor/Library/Application Support/ModrinthApp/profiles/Create+/mods}
[10:47:43] [main/INFO]: Found mod file cakechomps-forge-6.0.0+1.19.2.jar of type MOD with provider {mods folder locator at /Users/rebeccataylor/Library/Application Support/ModrinthApp/profiles/Create+/mods}
[10:47:43] [main/INFO]: Found mod file canary-mc1.19.2-0.3.3.jar of type MOD with provider {mods folder locator at /Users/rebeccataylor/Library/Application Support/ModrinthApp/profiles/Create+/mods}
[10:47:43] [main/INFO]: Found mod file capes-1.5.2+1.19.2-forge.jar of type MOD with provider {mods folder locator at /Users/rebeccataylor/Library/Application Support/ModrinthApp/profiles/Create+/mods}
[10:47:44] [main/INFO]: Found mod file carpeted-1.19.2-1.8.jar of type MOD with provider {mods folder locator at /Users/rebeccataylor/Library/Application Support/ModrinthApp/profiles/Create+/mods}
[10:47:44] [main/INFO]: Found mod file carryon-forge-1.19.2-2.1.2.23.jar of type MOD with provider {mods folder locator at /Users/rebeccataylor/Library/Application Support/ModrinthApp/profiles/Create+/mods}
[10:47:44] [main/INFO]: Found mod file catalogue-1.7.0-1.19.2.jar of type MOD with provider {mods folder locator at /Users/rebeccataylor/Library/Application Support/ModrinthApp/profiles/Create+/mods}
[10:47:44] [main/INFO]: Found mod file chalk-1.19.2-1.6.3.jar of type MOD with provider {mods folder locator at /Users/rebeccataylor/Library/Application Support/ModrinthApp/profiles/Create+/mods}
[10:47:44] [main/INFO]: Found mod file chat_heads-0.13.18-forge-1.19.2.jar of type MOD with provider {mods folder locator at /Users/rebeccataylor/Library/Application Support/ModrinthApp/profiles/Create+/mods}
[10:47:44] [main/INFO]: Found mod file Chimes-v2.0.1-1.19.2.jar of type MOD with provider {mods folder locator at /Users/rebeccataylor/Library/Application Support/ModrinthApp/profiles/Create+/mods}
[10:47:44] [main/INFO]: Found mod file CIT Reforged 1.19.jar of type MOD with provider {mods folder locator at /Users/rebeccataylor/Library/Application Support/ModrinthApp/profiles/Create+/mods}
[10:47:44] [main/INFO]: Found mod file citadel-2.1.4-1.19.jar of type MOD with provider {mods folder locator at /Users/rebeccataylor/Library/Application Support/ModrinthApp/profiles/Create+/mods}
[10:47:44] [main/INFO]: Found mod file clayworks-1.19.2-2.1.0.jar of type MOD with provider {mods folder locator at /Users/rebeccataylor/Library/Application Support/ModrinthApp/profiles/Create+/mods}
[10:47:44] [main/INFO]: Found mod file clickadv-1.19.2-3.6.jar of type MOD with provider {mods folder locator at /Users/rebeccataylor/Library/Application Support/ModrinthApp/profiles/Create+/mods}
[10:47:44] [main/INFO]: Found mod file cloth-config-8.3.134-forge.jar of type MOD with provider {mods folder locator at /Users/rebeccataylor/Library/Application Support/ModrinthApp/profiles/Create+/mods}
[10:47:44] [main/INFO]: Found mod file Clumps-forge-1.19.2-9.0.0+14.jar of type MOD with provider {mods folder locator at /Users/rebeccataylor/Library/Application Support/ModrinthApp/profiles/Create+/mods}
[10:47:44] [main/INFO]: Found mod file cobweb-forge-1.19.2-1.0.1.jar of type MOD with provider {mods folder locator at /Users/rebeccataylor/Library/Application Support/ModrinthApp/profiles/Create+/mods}
[10:47:44] [main/INFO]: Found mod file cofh_core-1.19.2-10.3.1.48.jar of type MOD with provider {mods folder locator at /Users/rebeccataylor/Library/Application Support/ModrinthApp/profiles/Create+/mods}
[10:47:44] [main/INFO]: Found mod file collective-1.19.2-7.64.jar of type MOD with provider {mods folder locator at /Users/rebeccataylor/Library/Application Support/ModrinthApp/profiles/Create+/mods}
[10:47:44] [main/INFO]: Found mod file comforts-forge-6.0.7+1.19.2.jar of type MOD with provider {mods folder locator at /Users/rebeccataylor/Library/Application Support/ModrinthApp/profiles/Create+/mods}
[10:47:44] [main/INFO]: Found mod file Companion-1.19.2-forge-3.1.3.jar of type MOD with provider {mods folder locator at /Users/rebeccataylor/Library/Application Support/ModrinthApp/profiles/Create+/mods}
[10:47:44] [main/INFO]: Found mod file configured-2.1.1-1.19.2.jar of type MOD with provider {mods folder locator at /Users/rebeccataylor/Library/Application Support/ModrinthApp/profiles/Create+/mods}
[10:47:44] [main/INFO]: Found mod file ConfiguredDefaults-v8.0.1-1.20.1-Forge.jar of type LANGPROVIDER with provider {mods folder locator at /Users/rebeccataylor/Library/Application Support/ModrinthApp/profiles/Create+/mods}
[10:47:44] [main/INFO]: Found mod file connectedness-2.0.1a.jar of type MOD with provider {mods folder locator at /Users/rebeccataylor/Library/Application Support/ModrinthApp/profiles/Create+/mods}
[10:47:44] [main/INFO]: Found mod file Connectible Chains-forge-1.19.2-2.1.4.jar of type MOD with provider {mods folder locator at /Users/rebeccataylor/Library/Application Support/ModrinthApp/profiles/Create+/mods}
[10:47:44] [main/INFO]: Found mod file connectivity-1.19.2-4.6.jar of type MOD with provider {mods folder locator at /Users/rebeccataylor/Library/Application Support/ModrinthApp/profiles/Create+/mods}
[10:47:44] [main/INFO]: Found mod file Controlling-forge-1.19.2-10.0+7.jar of type MOD with provider {mods folder locator at /Users/rebeccataylor/Library/Application Support/ModrinthApp/profiles/Create+/mods}
[10:47:44] [main/INFO]: Found mod file corn_delight-1.0.3-1.19.2.jar of type MOD with provider {mods folder locator at /Users/rebeccataylor/Library/Application Support/ModrinthApp/profiles/Create+/mods}
[10:47:44] [main/INFO]: Found mod file coroutil-forge-1.19.2-1.3.6.jar of type MOD with provider {mods folder locator at /Users/rebeccataylor/Library/Application Support/ModrinthApp/profiles/Create+/mods}
[10:47:44] [main/INFO]: Found mod file corpse-forge-1.19.2-1.0.17.jar of type MOD with provider {mods folder locator at /Users/rebeccataylor/Library/Application Support/ModrinthApp/profiles/Create+/mods}
[10:47:44] [main/INFO]: Found mod file CraftPresence-2.6.2+1.19.2-forge.jar of type MOD with provider {mods folder locator at /Users/rebeccataylor/Library/Application Support/ModrinthApp/profiles/Create+/mods}
[10:47:44] [main/INFO]: Found mod file create-1.19.2-0.5.1.i.jar of type MOD with provider {mods folder locator at /Users/rebeccataylor/Library/Application Support/ModrinthApp/profiles/Create+/mods}
[10:47:44] [main/INFO]: Found mod file create-confectionery1.19.2_v1.0.9.jar of type MOD with provider {mods folder locator at /Users/rebeccataylor/Library/Application Support/ModrinthApp/profiles/Create+/mods}
[10:47:44] [main/INFO]: Found mod file create_ca-2.1 - 1.19.2.jar of type MOD with provider {mods folder locator at /Users/rebeccataylor/Library/Application Support/ModrinthApp/profiles/Create+/mods}
[10:47:44] [main/INFO]: Found mod file create_central_kitchen-1.19.2-for-create-0.5.1.f-1.3.11.c.jar of type MOD with provider {mods folder locator at /Users/rebeccataylor/Library/Application Support/ModrinthApp/profiles/Create+/mods}
[10:47:44] [main/INFO]: Found mod file create_connected-0.9.4-mc1.19.2-all.jar of type MOD with provider {mods folder locator at /Users/rebeccataylor/Library/Application Support/ModrinthApp/profiles/Create+/mods}
[10:47:44] [main/INFO]: Found mod file create_crystal_clear-0.2.1-1.19.2.jar of type MOD with provider {mods folder locator at /Users/rebeccataylor/Library/Application Support/ModrinthApp/profiles/Create+/mods}
[10:47:44] [main/INFO]: Found mod file create_enchantment_industry-1.19.2-for-create-0.5.1.f-1.2.9.e.jar of type MOD with provider {mods folder locator at /Users/rebeccataylor/Library/Application Support/ModrinthApp/profiles/Create+/mods}
[10:47:44] [main/INFO]: Found mod file create_factory-0.0.2-1.19.2.jar of type MOD with provider {mods folder locator at /Users/rebeccataylor/Library/Application Support/ModrinthApp/profiles/Create+/mods}
[10:47:44] [main/INFO]: Found mod file create_jetpack-forge-3.4.2.jar of type MOD with provider {mods folder locator at /Users/rebeccataylor/Library/Application Support/ModrinthApp/profiles/Create+/mods}
[10:47:44] [main/INFO]: Found mod file create_power_loader-1.5.0-mc1.19.2.jar of type MOD with provider {mods folder locator at /Users/rebeccataylor/Library/Application Support/ModrinthApp/profiles/Create+/mods}
[10:47:44] [main/INFO]: Found mod file createaddition-1.19.2-1.2.2.jar of type MOD with provider {mods folder locator at /Users/rebeccataylor/Library/Application Support/ModrinthApp/profiles/Create+/mods}
[10:47:44] [main/INFO]: Found mod file createaddition-1.19.2-1.2.3.jar of type MOD with provider {mods folder locator at /Users/rebeccataylor/Library/Application Support/ModrinthApp/profiles/Create+/mods}
[10:47:44] [main/INFO]: Found mod file createbigcannons-5.6.0+mc.1.19.2-forge.jar of type MOD with provider {mods folder locator at /Users/rebeccataylor/Library/Application Support/ModrinthApp/profiles/Create+/mods}
[10:47:44] [main/INFO]: Found mod file createdieselgenerators-1.19.2-1.2h.jar of type MOD with provider {mods folder locator at /Users/rebeccataylor/Library/Application Support/ModrinthApp/profiles/Create+/mods}
[10:47:44] [main/INFO]: Found mod file createframed-1.19.2-1.4.5.1.jar of type MOD with provider {mods folder locator at /Users/rebeccataylor/Library/Application Support/ModrinthApp/profiles/Create+/mods}
[10:47:44] [main/INFO]: Found mod file creeper_firework-1.19.2-1.2.0.jar of type MOD with provider {mods folder locator at /Users/rebeccataylor/Library/Application Support/ModrinthApp/profiles/Create+/mods}
[10:47:44] [main/INFO]: Found mod file cullleaves-forge-3.0.1.jar of type MOD with provider {mods folder locator at /Users/rebeccataylor/Library/Application Support/ModrinthApp/profiles/Create+/mods}
[10:47:44] [main/INFO]: Found mod file cupboard-1.19.2-2.6.jar of type MOD with provider {mods folder locator at /Users/rebeccataylor/Library/Application Support/ModrinthApp/profiles/Create+/mods}
[10:47:44] [main/INFO]: Found mod file curios-forge-1.19.2-5.1.6.4.jar of type MOD with provider {mods folder locator at /Users/rebeccataylor/Library/Application Support/ModrinthApp/profiles/Create+/mods}
[10:47:44] [main/INFO]: Found mod file curiouslanterns-1.19.2-1.3.7.jar of type MOD with provider {mods folder locator at /Users/rebeccataylor/Library/Application Support/ModrinthApp/profiles/Create+/mods}
[10:47:44] [main/INFO]: Found mod file customizableelytra-1.19.0-1.7.4.jar of type MOD with provider {mods folder locator at /Users/rebeccataylor/Library/Application Support/ModrinthApp/profiles/Create+/mods}
[10:47:44] [main/INFO]: Found mod file cwb-forge-3.0.0+mc1.19.jar of type MOD with provider {mods folder locator at /Users/rebeccataylor/Library/Application Support/ModrinthApp/profiles/Create+/mods}
[10:47:44] [main/INFO]: Found mod file DeathKnell-Forge-1.19.2-6.0.3.jar of type MOD with provider {mods folder locator at /Users/rebeccataylor/Library/Application Support/ModrinthApp/profiles/Create+/mods}
[10:47:44] [main/INFO]: Found mod file Delightful-1.19.2-3.4.1.jar of type MOD with provider {mods folder locator at /Users/rebeccataylor/Library/Application Support/ModrinthApp/profiles/Create+/mods}
[10:47:44] [main/INFO]: Found mod file despawningeggshatch-1.19.2-4.3.jar of type MOD with provider {mods folder locator at /Users/rebeccataylor/Library/Application Support/ModrinthApp/profiles/Create+/mods}
[10:47:44] [main/INFO]: Found mod file DetailArmorBar-2.6.4+1.19.2-forge.jar of type MOD with provider {mods folder locator at /Users/rebeccataylor/Library/Application Support/ModrinthApp/profiles/Create+/mods}
[10:47:44] [main/INFO]: Found mod file Ding-1.19.2-Forge-1.5.0.jar of type MOD with provider {mods folder locator at /Users/rebeccataylor/Library/Application Support/ModrinthApp/profiles/Create+/mods}
[10:47:44] [main/INFO]: Found mod file do-a-barrel-roll-2.6.2+1.19.2-forge.jar of type MOD with provider {mods folder locator at /Users/rebeccataylor/Library/Application Support/ModrinthApp/profiles/Create+/mods}
[10:47:44] [main/INFO]: Found mod file domesticationinnovation-1.6.1-1.19.2.jar of type MOD with provider {mods folder locator at /Users/rebeccataylor/Library/Application Support/ModrinthApp/profiles/Create+/mods}
[10:47:44] [main/INFO]: Found mod file durabilitytooltip-1.1.6a-forge-mc1.19.jar of type MOD with provider {mods folder locator at /Users/rebeccataylor/Library/Application Support/ModrinthApp/profiles/Create+/mods}
[10:47:44] [main/INFO]: Found mod file dynamic-fps-3.9.5+minecraft-1.19.0-forge.jar of type MOD with provider {mods folder locator at /Users/rebeccataylor/Library/Application Support/ModrinthApp/profiles/Create+/mods}
[10:47:44] [main/INFO]: Found mod file e4mc_minecraft-forge-5.4.1.jar of type MOD with provider {mods folder locator at /Users/rebeccataylor/Library/Application Support/ModrinthApp/profiles/Create+/mods}
[10:47:44] [main/INFO]: Found mod file easy-villagers-forge-1.19.2-1.1.23.jar of type MOD with provider {mods folder locator at /Users/rebeccataylor/Library/Application Support/ModrinthApp/profiles/Create+/mods}
[10:47:44] [main/INFO]: Found mod file EasyAnvils-v4.0.11-1.19.2-Forge.jar of type MOD with provider {mods folder locator at /Users/rebeccataylor/Library/Application Support/ModrinthApp/profiles/Create+/mods}
[10:47:44] [main/INFO]: Found mod file eatinganimation-1.19-3.2.0.jar of type MOD with provider {mods folder locator at /Users/rebeccataylor/Library/Application Support/ModrinthApp/profiles/Create+/mods}
[10:47:44] [main/INFO]: Found mod file ecologics-forge-1.19.2-2.1.11.jar of type MOD with provider {mods folder locator at /Users/rebeccataylor/Library/Application Support/ModrinthApp/profiles/Create+/mods}
[10:47:44] [main/INFO]: Found mod file ElytraBombing-Forge-1.19.2-1.0.0.jar of type MOD with provider {mods folder locator at /Users/rebeccataylor/Library/Application Support/ModrinthApp/profiles/Create+/mods}
[10:47:44] [main/INFO]: Found mod file elytraslot-forge-6.1.2+1.19.2.jar of type MOD with provider {mods folder locator at /Users/rebeccataylor/Library/Application Support/ModrinthApp/profiles/Create+/mods}
[10:47:44] [main/INFO]: Found mod file embeddium-0.3.18.1+mc1.19.2.jar of type MOD with provider {mods folder locator at /Users/rebeccataylor/Library/Application Support/ModrinthApp/profiles/Create+/mods}
[10:47:44] [main/INFO]: Found mod file emi-1.1.22+1.19.2+forge.jar of type MOD with provider {mods folder locator at /Users/rebeccataylor/Library/Application Support/ModrinthApp/profiles/Create+/mods}
[10:47:44] [main/INFO]: Found mod file emi_loot-0.6.6+fix4+1.19.2+forge.jar of type MOD with provider {mods folder locator at /Users/rebeccataylor/Library/Application Support/ModrinthApp/profiles/Create+/mods}
[10:47:44] [main/INFO]: Found mod file Ender-Relay-1.19.2-Forge-1.1.0.jar of type MOD with provider {mods folder locator at /Users/rebeccataylor/Library/Application Support/ModrinthApp/profiles/Create+/mods}
[10:47:44] [main/INFO]: Found mod file ender_chested-1.19.1-1.1.0.jar of type MOD with provider {mods folder locator at /Users/rebeccataylor/Library/Application Support/ModrinthApp/profiles/Create+/mods}
[10:47:44] [main/INFO]: Found mod file endergetic-1.19.2-4.0.0.jar of type MOD with provider {mods folder locator at /Users/rebeccataylor/Library/Application Support/ModrinthApp/profiles/Create+/mods}
[10:47:44] [main/INFO]: Found mod file enderpearlswap-1.19.2-1.0.1.jar of type MOD with provider {mods folder locator at /Users/rebeccataylor/Library/Application Support/ModrinthApp/profiles/Create+/mods}
[10:47:44] [main/INFO]: Found mod file ends_delight-1.19.2-2.1.jar of type MOD with provider {mods folder locator at /Users/rebeccataylor/Library/Application Support/ModrinthApp/profiles/Create+/mods}
[10:47:44] [main/INFO]: Found mod file Entity_Collision_FPS_Fix-forge-1.18.2-1.0.0.jar of type MOD with provider {mods folder locator at /Users/rebeccataylor/Library/Application Support/ModrinthApp/profiles/Create+/mods}
[10:47:44] [main/INFO]: Found mod file entity_model_features_forge_1.19.2-2.0.2.jar of type MOD with provider {mods folder locator at /Users/rebeccataylor/Library/Application Support/ModrinthApp/profiles/Create+/mods}
[10:47:44] [main/INFO]: Found mod file entity_texture_features_forge_1.19.2-6.0.1.jar of type MOD with provider {mods folder locator at /Users/rebeccataylor/Library/Application Support/ModrinthApp/profiles/Create+/mods}
[10:47:44] [main/INFO]: Found mod file entityculling-forge-1.6.1-mc1.19.2.jar of type MOD with provider {mods folder locator at /Users/rebeccataylor/Library/Application Support/ModrinthApp/profiles/Create+/mods}
[10:47:44] [main/INFO]: Found mod file everycomp-1.19.2-2.5.35.jar of type MOD with provider {mods folder locator at /Users/rebeccataylor/Library/Application Support/ModrinthApp/profiles/Create+/mods}
[10:47:44] [main/INFO]: Found mod file extendedbonemeal-1.19.2-3.4.jar of type MOD with provider {mods folder locator at /Users/rebeccataylor/Library/Application Support/ModrinthApp/profiles/Create+/mods}
[10:47:44] [main/INFO]: Found mod file extendedgears-2.1.1-1.19.2-0.5.1.f-forge.jar of type MOD with provider {mods folder locator at /Users/rebeccataylor/Library/Application Support/ModrinthApp/profiles/Create+/mods}
[10:47:44] [main/INFO]: Found mod file fallingtrees-forge-mc1.19.2-0.13.2-SNAPSHOT.jar of type MOD with provider {mods folder locator at /Users/rebeccataylor/Library/Application Support/ModrinthApp/profiles/Create+/mods}
[10:47:44] [main/INFO]: Found mod file fancymenu_forge_3.7.0_MC_1.19.2.jar of type MOD with provider {mods folder locator at /Users/rebeccataylor/Library/Application Support/ModrinthApp/profiles/Create+/mods}
[10:47:44] [main/INFO]: Found mod file farmers-cutting-quark-1.0.0-1.19.jar of type MOD with provider {mods folder locator at /Users/rebeccataylor/Library/Application Support/ModrinthApp/profiles/Create+/mods}
[10:47:44] [main/INFO]: Found mod file FarmersDelight-1.19.2-1.2.4.jar of type MOD with provider {mods folder locator at /Users/rebeccataylor/Library/Application Support/ModrinthApp/profiles/Create+/mods}
[10:47:44] [main/INFO]: Found mod file FarmersRespite-1.19-2.0.jar of type MOD with provider {mods folder locator at /Users/rebeccataylor/Library/Application Support/ModrinthApp/profiles/Create+/mods}
[10:47:44] [main/INFO]: Found mod file Fastload-Reforged-mc1.19.2-3.4.0.jar of type MOD with provider {mods folder locator at /Users/rebeccataylor/Library/Application Support/ModrinthApp/profiles/Create+/mods}
[10:47:44] [main/INFO]: Found mod file fastpaintings-1.19-1.1.3.jar of type MOD with provider {mods folder locator at /Users/rebeccataylor/Library/Application Support/ModrinthApp/profiles/Create+/mods}
[10:47:44] [main/INFO]: Found mod file FastSuite-1.19.2-4.1.1.jar of type MOD with provider {mods folder locator at /Users/rebeccataylor/Library/Application Support/ModrinthApp/profiles/Create+/mods}
[10:47:44] [main/INFO]: Found mod file ferritecore-5.0.3-forge.jar of type MOD with provider {mods folder locator at /Users/rebeccataylor/Library/Application Support/ModrinthApp/profiles/Create+/mods}
[10:47:44] [main/INFO]: Found mod file feytweaks-1.19.2-1.2.6-all.jar of type MOD with provider {mods folder locator at /Users/rebeccataylor/Library/Application Support/ModrinthApp/profiles/Create+/mods}
[10:47:44] [main/INFO]: Found mod file figura-0.1.5+1.19.2-forge-mc.jar of type MOD with provider {mods folder locator at /Users/rebeccataylor/Library/Application Support/ModrinthApp/profiles/Create+/mods}
[10:47:44] [main/INFO]: Found mod file findme-3.1.0-forge.jar of type MOD with provider {mods folder locator at /Users/rebeccataylor/Library/Application Support/ModrinthApp/profiles/Create+/mods}
[10:47:44] [main/INFO]: Found mod file FiveHead-1.19.2-2.0.2.jar of type MOD with provider {mods folder locator at /Users/rebeccataylor/Library/Application Support/ModrinthApp/profiles/Create+/mods}
[10:47:44] [main/INFO]: Found mod file fluidlogged-1.2.0-forge-mc1.19.jar of type MOD with provider {mods folder locator at /Users/rebeccataylor/Library/Application Support/ModrinthApp/profiles/Create+/mods}
[10:47:44] [main/INFO]: Found mod file forgeshot-1.0.jar of type MOD with provider {mods folder locator at /Users/rebeccataylor/Library/Application Support/ModrinthApp/profiles/Create+/mods}
[10:47:44] [main/INFO]: Found mod file forgetmechunk-(forge)-mc1.19.2-0.0.1.jar of type MOD with provider {mods folder locator at /Users/rebeccataylor/Library/Application Support/ModrinthApp/profiles/Create+/mods}
[10:47:44] [main/INFO]: Found mod file friendsandfoes-forge-mc1.19.2-3.0.9.jar of type MOD with provider {mods folder locator at /Users/rebeccataylor/Library/Application Support/ModrinthApp/profiles/Create+/mods}
[10:47:44] [main/INFO]: Found mod file fullbrightnesstoggle-1.19.2-4.0.jar of type MOD with provider {mods folder locator at /Users/rebeccataylor/Library/Application Support/ModrinthApp/profiles/Create+/mods}
[10:47:44] [main/INFO]: Found mod file fusion-1.2.11-forge-mc1.19.2.jar of type MOD with provider {mods folder locator at /Users/rebeccataylor/Library/Application Support/ModrinthApp/profiles/Create+/mods}
[10:47:44] [main/INFO]: Found mod file geckolib-forge-1.19-3.1.40.jar of type MOD with provider {mods folder locator at /Users/rebeccataylor/Library/Application Support/ModrinthApp/profiles/Create+/mods}
[10:47:44] [main/INFO]: Found mod file GeckoLibOculusCompat-Forge-1.0.1.jar of type MOD with provider {mods folder locator at /Users/rebeccataylor/Library/Application Support/ModrinthApp/profiles/Create+/mods}
[10:47:44] [main/INFO]: Found mod file glassbreaker-forge-1.4.0+1.18.2.jar of type MOD with provider {mods folder locator at /Users/rebeccataylor/Library/Application Support/ModrinthApp/profiles/Create+/mods}
[10:47:44] [main/INFO]: Found mod file goldenhopper-1.2.8-1.19.jar of type MOD with provider {mods folder locator at /Users/rebeccataylor/Library/Application Support/ModrinthApp/profiles/Create+/mods}
[10:47:44] [main/INFO]: Found mod file GPUTape-1.18x-1.21x-1.0.5.1.jar of type MOD with provider {mods folder locator at /Users/rebeccataylor/Library/Application Support/ModrinthApp/profiles/Create+/mods}
[10:47:44] [main/INFO]: Found mod file grindstonesharpertools-1.19.2-3.5.jar of type MOD with provider {mods folder locator at /Users/rebeccataylor/Library/Application Support/ModrinthApp/profiles/Create+/mods}
[10:47:44] [main/INFO]: Found mod file Highlighter-1.19.1-1.1.4.jar of type MOD with provider {mods folder locator at /Users/rebeccataylor/Library/Application Support/ModrinthApp/profiles/Create+/mods}
[10:47:44] [main/INFO]: Found mod file horsestonks-forge-1.17+-1.0.1.jar of type MOD with provider {mods folder locator at /Users/rebeccataylor/Library/Application Support/ModrinthApp/profiles/Create+/mods}
[10:47:44] [main/INFO]: Found mod file hourglass-1.19.1-1.2.1.1.jar of type MOD with provider {mods folder locator at /Users/rebeccataylor/Library/Application Support/ModrinthApp/profiles/Create+/mods}
[10:47:44] [main/INFO]: Found mod file Iceberg-1.19.2-forge-1.1.4.jar of type MOD with provider {mods folder locator at /Users/rebeccataylor/Library/Application Support/ModrinthApp/profiles/Create+/mods}
[10:47:44] [main/INFO]: Found mod file iChunUtil-1.19.2-Forge-1.0.3.jar of type MOD with provider {mods folder locator at /Users/rebeccataylor/Library/Application Support/ModrinthApp/profiles/Create+/mods}
[10:47:44] [main/INFO]: Found mod file Icterine-forge-1.2.0.jar of type MOD with provider {mods folder locator at /Users/rebeccataylor/Library/Application Support/ModrinthApp/profiles/Create+/mods}
[10:47:44] [main/INFO]: Found mod file ImmediatelyFast-Forge-1.4.0+1.19.2.jar of type MOD with provider {mods folder locator at /Users/rebeccataylor/Library/Application Support/ModrinthApp/profiles/Create+/mods}
[10:47:44] [main/INFO]: Found mod file infusion_table-1.2.0.jar of type MOD with provider {mods folder locator at /Users/rebeccataylor/Library/Application Support/ModrinthApp/profiles/Create+/mods}
[10:47:44] [main/INFO]: Found mod file interiors-0.5.6+forge-mc1.19.2-build.105.jar of type MOD with provider {mods folder locator at /Users/rebeccataylor/Library/Application Support/ModrinthApp/profiles/Create+/mods}
[10:47:44] [main/INFO]: Found mod file Item-Obliterator-Forge-1.19.2-2.2.1.jar of type MOD with provider {mods folder locator at /Users/rebeccataylor/Library/Application Support/ModrinthApp/profiles/Create+/mods}
[10:47:44] [main/INFO]: Found mod file ItemLocks-Forge-1.19.2-1.3.8.jar of type MOD with provider {mods folder locator at /Users/rebeccataylor/Library/Application Support/ModrinthApp/profiles/Create+/mods}
[10:47:44] [main/INFO]: Found mod file iwtb-1.1.jar of type MOD with provider {mods folder locator at /Users/rebeccataylor/Library/Application Support/ModrinthApp/profiles/Create+/mods}
[10:47:44] [main/INFO]: Found mod file Jade-1.19.1-forge-8.9.2.jar of type MOD with provider {mods folder locator at /Users/rebeccataylor/Library/Application Support/ModrinthApp/profiles/Create+/mods}
[10:47:44] [main/INFO]: Found mod file JadeAddons-1.19.2-forge-3.6.0.jar of type MOD with provider {mods folder locator at /Users/rebeccataylor/Library/Application Support/ModrinthApp/profiles/Create+/mods}
[10:47:44] [main/INFO]: Found mod file jei-1.19.2-forge-11.8.1.1034.jar of type MOD with provider {mods folder locator at /Users/rebeccataylor/Library/Application Support/ModrinthApp/profiles/Create+/mods}
[10:47:44] [main/INFO]: Found mod file journeymap-1.19.2-5.9.8-forge.jar of type MOD with provider {mods folder locator at /Users/rebeccataylor/Library/Application Support/ModrinthApp/profiles/Create+/mods}
[10:47:44] [main/INFO]: Found mod file justplayerheads-1.19.2-4.0.jar of type MOD with provider {mods folder locator at /Users/rebeccataylor/Library/Application Support/ModrinthApp/profiles/Create+/mods}
[10:47:44] [main/INFO]: Found mod file KeepHeadNames-1.5.1-forge-1.19.jar of type MOD with provider {mods folder locator at /Users/rebeccataylor/Library/Application Support/ModrinthApp/profiles/Create+/mods}
[10:47:44] [main/INFO]: Found mod file keepmysoiltilled-1.19.2-2.2.jar of type MOD with provider {mods folder locator at /Users/rebeccataylor/Library/Application Support/ModrinthApp/profiles/Create+/mods}
[10:47:44] [main/INFO]: Found mod file Kiwi-1.19.2-forge-8.3.6.jar of type MOD with provider {mods folder locator at /Users/rebeccataylor/Library/Application Support/ModrinthApp/profiles/Create+/mods}
[10:47:44] [main/INFO]: Found mod file kleeslabs-forge-1.19.2-12.3.0.jar of type MOD with provider {mods folder locator at /Users/rebeccataylor/Library/Application Support/ModrinthApp/profiles/Create+/mods}
[10:47:44] [main/INFO]: Found mod file konkrete_forge_1.8.0_MC_1.19-1.19.2.jar of type MOD with provider {mods folder locator at /Users/rebeccataylor/Library/Application Support/ModrinthApp/profiles/Create+/mods}
[10:47:44] [main/INFO]: Found mod file kotlinforforge-3.12.0-all.jar of type LIBRARY with provider {mods folder locator at /Users/rebeccataylor/Library/Application Support/ModrinthApp/profiles/Create+/mods}
[10:47:44] [main/INFO]: Found mod file labels-1.19.2-1.10.jar of type MOD with provider {mods folder locator at /Users/rebeccataylor/Library/Application Support/ModrinthApp/profiles/Create+/mods}
[10:47:44] [main/INFO]: Found mod file lazydfu-1.19-1.0.2.jar of type MOD with provider {mods folder locator at /Users/rebeccataylor/Library/Application Support/ModrinthApp/profiles/Create+/mods}
[10:47:44] [main/INFO]: Found mod file lightspeed-1.19.2-1.0.5.jar of type MOD with provider {mods folder locator at /Users/rebeccataylor/Library/Application Support/ModrinthApp/profiles/Create+/mods}
[10:47:44] [main/INFO]: Found mod file logprot-1.19.2-1.9.jar of type MOD with provider {mods folder locator at /Users/rebeccataylor/Library/Application Support/ModrinthApp/profiles/Create+/mods}
[10:47:44] [main/INFO]: Found mod file lootr-forge-1.19-0.4.29.76.jar of type MOD with provider {mods folder locator at /Users/rebeccataylor/Library/Application Support/ModrinthApp/profiles/Create+/mods}
[10:47:44] [main/INFO]: Found mod file MagnumTorch-v4.2.3-1.19.2-Forge.jar of type MOD with provider {mods folder locator at /Users/rebeccataylor/Library/Application Support/ModrinthApp/profiles/Create+/mods}
[10:47:44] [main/INFO]: Found mod file majrusz-library-forge-1.19.2-7.0.5-backport.1.jar of type MOD with provider {mods folder locator at /Users/rebeccataylor/Library/Application Support/ModrinthApp/profiles/Create+/mods}
[10:47:44] [main/INFO]: Found mod file majruszs-enchantments-forge-1.19.2-1.10.7-backport.1.jar of type MOD with provider {mods folder locator at /Users/rebeccataylor/Library/Application Support/ModrinthApp/profiles/Create+/mods}
[10:47:44] [main/INFO]: Found mod file mclogs-forge-1.4.2-1.19.jar of type MOD with provider {mods folder locator at /Users/rebeccataylor/Library/Application Support/ModrinthApp/profiles/Create+/mods}
[10:47:44] [main/INFO]: Found mod file Measurements-forge-1.19.2-1.3.2.jar of type MOD with provider {mods folder locator at /Users/rebeccataylor/Library/Application Support/ModrinthApp/profiles/Create+/mods}
[10:47:44] [main/INFO]: Found mod file melody_forge_1.0.1_MC_1.19.2.jar of type MOD with provider {mods folder locator at /Users/rebeccataylor/Library/Application Support/ModrinthApp/profiles/Create+/mods}
[10:47:44] [main/INFO]: Found mod file memoryleakfix-forge-1.17+-1.1.5.jar of type MOD with provider {mods folder locator at /Users/rebeccataylor/Library/Application Support/ModrinthApp/profiles/Create+/mods}
[10:47:44] [main/INFO]: Found mod file memorysettings-1.19.2-5.4.jar of type MOD with provider {mods folder locator at /Users/rebeccataylor/Library/Application Support/ModrinthApp/profiles/Create+/mods}
[10:47:44] [main/INFO]: Found mod file miners_delight-1.19.2-1.1.2.jar of type MOD with provider {mods folder locator at /Users/rebeccataylor/Library/Application Support/ModrinthApp/profiles/Create+/mods}
[10:47:44] [main/INFO]: Found mod file modernfix-forge-5.18.1+mc1.19.2.jar of type MOD with provider {mods folder locator at /Users/rebeccataylor/Library/Application Support/ModrinthApp/profiles/Create+/mods}
[10:47:44] [main/INFO]: Found mod file molten_vents-1.19.2-2.0.8.jar of type MOD with provider {mods folder locator at /Users/rebeccataylor/Library/Application Support/ModrinthApp/profiles/Create+/mods}
[10:47:44] [main/INFO]: Found mod file moonlight-1.19.2-2.3.7-forge.jar of type MOD with provider {mods folder locator at /Users/rebeccataylor/Library/Application Support/ModrinthApp/profiles/Create+/mods}
[10:47:44] [main/INFO]: Found mod file MouseTweaks-forge-mc1.19-2.23.jar of type MOD with provider {mods folder locator at /Users/rebeccataylor/Library/Application Support/ModrinthApp/profiles/Create+/mods}
[10:47:44] [main/INFO]: Found mod file mutil-1.19.2-5.2.0.jar of type MOD with provider {mods folder locator at /Users/rebeccataylor/Library/Application Support/ModrinthApp/profiles/Create+/mods}
[10:47:44] [main/INFO]: Found mod file MyNethersDelight-1.19-1.7.jar of type MOD with provider {mods folder locator at /Users/rebeccataylor/Library/Application Support/ModrinthApp/profiles/Create+/mods}
[10:47:44] [main/INFO]: Found mod file mysterious_mountain_lib-1.2.3-1.19.2.jar of type MOD with provider {mods folder locator at /Users/rebeccataylor/Library/Application Support/ModrinthApp/profiles/Create+/mods}
[10:47:44] [main/INFO]: Found mod file neapolitan-1.19.2-4.1.0.jar of type MOD with provider {mods folder locator at /Users/rebeccataylor/Library/Application Support/ModrinthApp/profiles/Create+/mods}
[10:47:44] [main/INFO]: Found mod file Necronomicon-Forge-1.4.2.jar of type MOD with provider {mods folder locator at /Users/rebeccataylor/Library/Application Support/ModrinthApp/profiles/Create+/mods}
[10:47:44] [main/INFO]: Found mod file nerb-1.19.2-0.3-FORGE.jar of type MOD with provider {mods folder locator at /Users/rebeccataylor/Library/Application Support/ModrinthApp/profiles/Create+/mods}
[10:47:44] [main/INFO]: Found mod file netherite_horse_armor-forge-1.19-1.0.4.jar of type MOD with provider {mods folder locator at /Users/rebeccataylor/Library/Application Support/ModrinthApp/profiles/Create+/mods}
[10:47:44] [main/INFO]: Found mod file netherportalfix-forge-1.19-10.0.2.jar of type MOD with provider {mods folder locator at /Users/rebeccataylor/Library/Application Support/ModrinthApp/profiles/Create+/mods}
[10:47:44] [main/INFO]: Found mod file NMPR-1.19.2-1.1.1.jar of type MOD with provider {mods folder locator at /Users/rebeccataylor/Library/Application Support/ModrinthApp/profiles/Create+/mods}
[10:47:44] [main/INFO]: Found mod file NoChatReports-FORGE-1.19.2-v1.5.1.jar of type MOD with provider {mods folder locator at /Users/rebeccataylor/Library/Application Support/ModrinthApp/profiles/Create+/mods}
[10:47:44] [main/INFO]: Found mod file noisium-1.0.2.jar of type MOD with provider {mods folder locator at /Users/rebeccataylor/Library/Application Support/ModrinthApp/profiles/Create+/mods}
[10:47:44] [main/INFO]: Found mod file notenoughanimations-forge-1.10.1-mc1.19.2.jar of type MOD with provider {mods folder locator at /Users/rebeccataylor/Library/Application Support/ModrinthApp/profiles/Create+/mods}
[10:47:44] [main/INFO]: Found mod file oauth-1.1.15-1.19.2.jar of type MOD with provider {mods folder locator at /Users/rebeccataylor/Library/Application Support/ModrinthApp/profiles/Create+/mods}
[10:47:44] [main/INFO]: Found mod file observable-3.3.1.jar of type MOD with provider {mods folder locator at /Users/rebeccataylor/Library/Application Support/ModrinthApp/profiles/Create+/mods}
[10:47:44] [main/INFO]: Found mod file ObsidianUI-forge-0.2.3+mc1.19.2.jar of type MOD with provider {mods folder locator at /Users/rebeccataylor/Library/Application Support/ModrinthApp/profiles/Create+/mods}
[10:47:44] [main/INFO]: Found mod file oculus-flywheel-compat-forge1.19.2+1.0.3b.jar of type MOD with provider {mods folder locator at /Users/rebeccataylor/Library/Application Support/ModrinthApp/profiles/Create+/mods}
[10:47:44] [main/INFO]: Found mod file oculus-mc1.19.2-1.6.9a.jar of type MOD with provider {mods folder locator at /Users/rebeccataylor/Library/Application Support/ModrinthApp/profiles/Create+/mods}
[10:47:44] [main/INFO]: Found mod file omgourd-1.19.2-4.3.0.16.jar of type MOD with provider {mods folder locator at /Users/rebeccataylor/Library/Application Support/ModrinthApp/profiles/Create+/mods}
[10:47:44] [main/INFO]: Found mod file packetfixer-3.1.4-1.18-1.20.4-merged.jar of type MOD with provider {mods folder locator at /Users/rebeccataylor/Library/Application Support/ModrinthApp/profiles/Create+/mods}
[10:47:44] [main/INFO]: Found mod file paintable-1.0d-1.19.2.jar of type MOD with provider {mods folder locator at /Users/rebeccataylor/Library/Application Support/ModrinthApp/profiles/Create+/mods}
[10:47:44] [main/INFO]: Found mod file pandalib-forge-mc1.19.2-0.5.2-SNAPSHOT.jar of type MOD with provider {mods folder locator at /Users/rebeccataylor/Library/Application Support/ModrinthApp/profiles/Create+/mods}
[10:47:44] [main/INFO]: Found mod file pattern_schematics-1.1.15+forge-1.19.2.jar of type MOD with provider {mods folder locator at /Users/rebeccataylor/Library/Application Support/ModrinthApp/profiles/Create+/mods}
[10:47:44] [main/INFO]: Found mod file Paxi-1.19.2-Forge-3.0.1.jar of type MOD with provider {mods folder locator at /Users/rebeccataylor/Library/Application Support/ModrinthApp/profiles/Create+/mods}
[10:47:44] [main/INFO]: Found mod file Pehkui-3.8.2+1.19.2-forge.jar of type MOD with provider {mods folder locator at /Users/rebeccataylor/Library/Application Support/ModrinthApp/profiles/Create+/mods}
[10:47:44] [main/INFO]: Found mod file Placebo-1.19.2-7.4.0.jar of type MOD with provider {mods folder locator at /Users/rebeccataylor/Library/Application Support/ModrinthApp/profiles/Create+/mods}
[10:47:44] [main/INFO]: Found mod file Placement+-1.19.2_1.0a.jar of type MOD with provider {mods folder locator at /Users/rebeccataylor/Library/Application Support/ModrinthApp/profiles/Create+/mods}
[10:47:44] [main/INFO]: Found mod file pluto-mc1.19.2-0.0.9.jar of type MOD with provider {mods folder locator at /Users/rebeccataylor/Library/Application Support/ModrinthApp/profiles/Create+/mods}
[10:47:44] [main/INFO]: Found mod file polymorph-forge-0.46.6+1.19.2.jar of type MOD with provider {mods folder locator at /Users/rebeccataylor/Library/Application Support/ModrinthApp/profiles/Create+/mods}
[10:47:44] [main/INFO]: Found mod file portalsgui-1.0.1.jar of type MOD with provider {mods folder locator at /Users/rebeccataylor/Library/Application Support/ModrinthApp/profiles/Create+/mods}
[10:47:44] [main/INFO]: Found mod file potionbundles-1.19.1-1.6.jar of type MOD with provider {mods folder locator at /Users/rebeccataylor/Library/Application Support/ModrinthApp/profiles/Create+/mods}
[10:47:44] [main/INFO]: Found mod file Projectiles-1.0.0-1.19.2-Multi.jar of type MOD with provider {mods folder locator at /Users/rebeccataylor/Library/Application Support/ModrinthApp/profiles/Create+/mods}
[10:47:44] [main/INFO]: Found mod file PuzzlesLib-v4.4.3-1.19.2-Forge.jar of type MOD with provider {mods folder locator at /Users/rebeccataylor/Library/Application Support/ModrinthApp/profiles/Create+/mods}
[10:47:44] [main/INFO]: Found mod file Quark-3.4-418.jar of type MOD with provider {mods folder locator at /Users/rebeccataylor/Library/Application Support/ModrinthApp/profiles/Create+/mods}
[10:47:44] [main/INFO]: Found mod file radiantgear-forge-2.0.4+1.19.2.jar of type MOD with provider {mods folder locator at /Users/rebeccataylor/Library/Application Support/ModrinthApp/profiles/Create+/mods}
[10:47:44] [main/INFO]: Found mod file randomium-1.19.2-1.22.jar of type MOD with provider {mods folder locator at /Users/rebeccataylor/Library/Application Support/ModrinthApp/profiles/Create+/mods}
[10:47:44] [main/INFO]: Found mod file randomshulkercolours-1.19.2-3.2.jar of type MOD with provider {mods folder locator at /Users/rebeccataylor/Library/Application Support/ModrinthApp/profiles/Create+/mods}
[10:47:44] [main/INFO]: Found mod file rare-ice-0.5.1.jar of type MOD with provider {mods folder locator at /Users/rebeccataylor/Library/Application Support/ModrinthApp/profiles/Create+/mods}
[10:47:44] [main/INFO]: Found mod file rebind_narrator-forge-1.19.2-2.0.1.jar of type MOD with provider {mods folder locator at /Users/rebeccataylor/Library/Application Support/ModrinthApp/profiles/Create+/mods}
[10:47:44] [main/INFO]: Found mod file rechiseled-1.1.6-forge-mc1.19.2.jar of type MOD with provider {mods folder locator at /Users/rebeccataylor/Library/Application Support/ModrinthApp/profiles/Create+/mods}
[10:47:44] [main/INFO]: Found mod file rechiseledcreate-1.0.2-forge-mc1.19.jar of type MOD with provider {mods folder locator at /Users/rebeccataylor/Library/Application Support/ModrinthApp/profiles/Create+/mods}
[10:47:44] [main/INFO]: Found mod file reforgium-1.0.12a.jar of type MOD with provider {mods folder locator at /Users/rebeccataylor/Library/Application Support/ModrinthApp/profiles/Create+/mods}
[10:47:44] [main/INFO]: Found mod file Resourcify (1.19-1.19.2-forge)-1.6.1.jar of type MOD with provider {mods folder locator at /Users/rebeccataylor/Library/Application Support/ModrinthApp/profiles/Create+/mods}
[10:47:44] [main/INFO]: Found mod file respiteful-1.1.2.c.jar of type MOD with provider {mods folder locator at /Users/rebeccataylor/Library/Application Support/ModrinthApp/profiles/Create+/mods}
[10:47:44] [main/INFO]: Found mod file responsiveshields-2.3-mc1.18-19-20.x.jar of type MOD with provider {mods folder locator at /Users/rebeccataylor/Library/Application Support/ModrinthApp/profiles/Create+/mods}
[10:47:44] [main/INFO]: Found mod file rubidium-extra-0.4.19+mc1.19.2-build.105.jar of type MOD with provider {mods folder locator at /Users/rebeccataylor/Library/Application Support/ModrinthApp/profiles/Create+/mods}
[10:47:44] [main/INFO]: Found mod file RyoamicLights-forge-0.2.2+mc1.19.2.jar of type MOD with provider {mods folder locator at /Users/rebeccataylor/Library/Application Support/ModrinthApp/profiles/Create+/mods}
[10:47:44] [main/INFO]: Found mod file saturn-mc1.19.2-0.1.4.jar of type MOD with provider {mods folder locator at /Users/rebeccataylor/Library/Application Support/ModrinthApp/profiles/Create+/mods}
[10:47:44] [main/INFO]: Found mod file scaffoldingdropsnearby-1.19.2-3.2.jar of type MOD with provider {mods folder locator at /Users/rebeccataylor/Library/Application Support/ModrinthApp/profiles/Create+/mods}
[10:47:44] [main/INFO]: Found mod file screenshot_viewer-1.1.3-forge-mc1.19x.jar of type MOD with provider {mods folder locator at /Users/rebeccataylor/Library/Application Support/ModrinthApp/profiles/Create+/mods}
[10:47:44] [main/INFO]: Found mod file ServerTabInfo-1.19.1-1.3.7.jar of type MOD with provider {mods folder locator at /Users/rebeccataylor/Library/Application Support/ModrinthApp/profiles/Create+/mods}
[10:47:44] [main/INFO]: Found mod file ServerTickReforged-1.19.2-0.0.2.jar of type MOD with provider {mods folder locator at /Users/rebeccataylor/Library/Application Support/ModrinthApp/profiles/Create+/mods}
[10:47:44] [main/INFO]: Found mod file SignButton-1.19-2.5.0.jar of type MOD with provider {mods folder locator at /Users/rebeccataylor/Library/Application Support/ModrinthApp/profiles/Create+/mods}
[10:47:44] [main/INFO]: Found mod file sit-1.19-1.3.3.jar of type MOD with provider {mods folder locator at /Users/rebeccataylor/Library/Application Support/ModrinthApp/profiles/Create+/mods}
[10:47:44] [main/INFO]: Found mod file SizeShiftingPotions-forge-1.19.2-1.5.1.jar of type MOD with provider {mods folder locator at /Users/rebeccataylor/Library/Application Support/ModrinthApp/profiles/Create+/mods}
[10:47:44] [main/INFO]: Found mod file skippy-pearls-1.4.jar of type MOD with provider {mods folder locator at /Users/rebeccataylor/Library/Application Support/ModrinthApp/profiles/Create+/mods}
[10:47:44] [main/INFO]: Found mod file sliceanddice-forge-2.4.0.jar of type MOD with provider {mods folder locator at /Users/rebeccataylor/Library/Application Support/ModrinthApp/profiles/Create+/mods}
[10:47:44] [main/INFO]: Found mod file smarterfarmers-1.19.2-1.7.1.jar of type MOD with provider {mods folder locator at /Users/rebeccataylor/Library/Application Support/ModrinthApp/profiles/Create+/mods}
[10:47:44] [main/INFO]: Found mod file snowballsfreezemobs-1.19.2-3.3.jar of type MOD with provider {mods folder locator at /Users/rebeccataylor/Library/Application Support/ModrinthApp/profiles/Create+/mods}
[10:47:44] [main/INFO]: Found mod file SnowRealMagic-1.19.2-forge-6.5.4.jar of type MOD with provider {mods folder locator at /Users/rebeccataylor/Library/Application Support/ModrinthApp/profiles/Create+/mods}
[10:47:44] [main/INFO]: Found mod file sophisticatedbackpacks-1.19.2-3.20.2.1035.jar of type MOD with provider {mods folder locator at /Users/rebeccataylor/Library/Application Support/ModrinthApp/profiles/Create+/mods}
[10:47:44] [main/INFO]: Found mod file sophisticatedcore-1.19.2-0.6.4.730.jar of type MOD with provider {mods folder locator at /Users/rebeccataylor/Library/Application Support/ModrinthApp/profiles/Create+/mods}
[10:47:44] [main/INFO]: Found mod file sophisticatedstorage-1.19.2-0.9.7.765.jar of type MOD with provider {mods folder locator at /Users/rebeccataylor/Library/Application Support/ModrinthApp/profiles/Create+/mods}
[10:47:44] [main/INFO]: Found mod file Statement-4.2.7+1.19.2-forge.jar of type MOD with provider {mods folder locator at /Users/rebeccataylor/Library/Application Support/ModrinthApp/profiles/Create+/mods}
[10:47:44] [main/INFO]: Found mod file Steam_Rails-1.6.6+forge-mc1.19.2.jar of type MOD with provider {mods folder locator at /Users/rebeccataylor/Library/Application Support/ModrinthApp/profiles/Create+/mods}
[10:47:44] [main/INFO]: Found mod file structure_layout_optimizer-forge-1.0.10.jar of type MOD with provider {mods folder locator at /Users/rebeccataylor/Library/Application Support/ModrinthApp/profiles/Create+/mods}
[10:47:44] [main/INFO]: Found mod file SuggestionProviderFix-1.19-1.0.0.jar of type MOD with provider {mods folder locator at /Users/rebeccataylor/Library/Application Support/ModrinthApp/profiles/Create+/mods}
[10:47:44] [main/INFO]: Found mod file superflatworldnoslimes-1.19.2-3.2.jar of type MOD with provider {mods folder locator at /Users/rebeccataylor/Library/Application Support/ModrinthApp/profiles/Create+/mods}
[10:47:44] [main/INFO]: Found mod file supermartijn642configlib-1.1.8-forge-mc1.19.jar of type MOD with provider {mods folder locator at /Users/rebeccataylor/Library/Application Support/ModrinthApp/profiles/Create+/mods}
[10:47:44] [main/INFO]: Found mod file supermartijn642corelib-1.1.18-forge-mc1.19.2.jar of type MOD with provider {mods folder locator at /Users/rebeccataylor/Library/Application Support/ModrinthApp/profiles/Create+/mods}
[10:47:44] [main/INFO]: Found mod file supplementaries-1.19.2-2.4.20.jar of type MOD with provider {mods folder locator at /Users/rebeccataylor/Library/Application Support/ModrinthApp/profiles/Create+/mods}
[10:47:44] [main/INFO]: Found mod file suppsquared-1.19.2-1.1.1.jar of type MOD with provider {mods folder locator at /Users/rebeccataylor/Library/Application Support/ModrinthApp/profiles/Create+/mods}
[10:47:44] [main/INFO]: Found mod file swingthroughgrass-1.19.2-1.10.0.jar of type MOD with provider {mods folder locator at /Users/rebeccataylor/Library/Application Support/ModrinthApp/profiles/Create+/mods}
[10:47:44] [main/INFO]: Found mod file TerraBlender-forge-1.19.2-2.0.1.166.jar of type MOD with provider {mods folder locator at /Users/rebeccataylor/Library/Application Support/ModrinthApp/profiles/Create+/mods}
[10:47:44] [main/INFO]: Found mod file tetra-1.19.2-5.6.0.jar of type MOD with provider {mods folder locator at /Users/rebeccataylor/Library/Application Support/ModrinthApp/profiles/Create+/mods}
[10:47:44] [main/INFO]: Found mod file textrues_embeddium_options-0.1.1+mc1.19.2.jar of type MOD with provider {mods folder locator at /Users/rebeccataylor/Library/Application Support/ModrinthApp/profiles/Create+/mods}
[10:47:44] [main/INFO]: Found mod file torch-hit-forge-1.19.2-7.0.0.jar of type MOD with provider {mods folder locator at /Users/rebeccataylor/Library/Application Support/ModrinthApp/profiles/Create+/mods}
[10:47:44] [main/INFO]: Found mod file torchslabmod-1.19.2_v1.7.4.jar of type MOD with provider {mods folder locator at /Users/rebeccataylor/Library/Application Support/ModrinthApp/profiles/Create+/mods}
[10:47:44] [main/INFO]: Found mod file trading_floor-1.1.5+forge-1.19.2.jar of type MOD with provider {mods folder locator at /Users/rebeccataylor/Library/Application Support/ModrinthApp/profiles/Create+/mods}
[10:47:44] [main/INFO]: Found mod file trashslot-forge-1.19.2-12.1.0.jar of type MOD with provider {mods folder locator at /Users/rebeccataylor/Library/Application Support/ModrinthApp/profiles/Create+/mods}
[10:47:44] [main/INFO]: Found mod file UniLib-1.1.1+1.19.2-forge.jar of type MOD with provider {mods folder locator at /Users/rebeccataylor/Library/Application Support/ModrinthApp/profiles/Create+/mods}
[10:47:44] [main/INFO]: Found mod file untitledduckmod-0.6.1-1.19.2-forge.jar of type MOD with provider {mods folder locator at /Users/rebeccataylor/Library/Application Support/ModrinthApp/profiles/Create+/mods}
[10:47:44] [main/INFO]: Found mod file v_slab_compat-1.19.2-1.9.jar of type MOD with provider {mods folder locator at /Users/rebeccataylor/Library/Application Support/ModrinthApp/profiles/Create+/mods}
[10:47:44] [main/INFO]: Found mod file visuality-forge-2.0.2.jar of type MOD with provider {mods folder locator at /Users/rebeccataylor/Library/Application Support/ModrinthApp/profiles/Create+/mods}
[10:47:44] [main/INFO]: Found mod file voicechat-forge-1.19.2-2.5.36.jar of type MOD with provider {mods folder locator at /Users/rebeccataylor/Library/Application Support/ModrinthApp/profiles/Create+/mods}
[10:47:44] [main/INFO]: Found mod file voidtotem-forge-1.19.2-2.1.0.jar of type MOD with provider {mods folder locator at /Users/rebeccataylor/Library/Application Support/ModrinthApp/profiles/Create+/mods}
[10:47:44] [main/INFO]: Found mod file watut-forge-1.19.2-1.0.14.jar of type MOD with provider {mods folder locator at /Users/rebeccataylor/Library/Application Support/ModrinthApp/profiles/Create+/mods}
[10:47:44] [main/INFO]: Found mod file waveycapes-forge-1.6.2-mc1.19.2.jar of type MOD with provider {mods folder locator at /Users/rebeccataylor/Library/Application Support/ModrinthApp/profiles/Create+/mods}
[10:47:44] [main/INFO]: Found mod file weakerspiderwebs-1.19.2-3.4.jar of type MOD with provider {mods folder locator at /Users/rebeccataylor/Library/Application Support/ModrinthApp/profiles/Create+/mods}
[10:47:44] [main/INFO]: Found mod file woodworks-1.19.2-2.2.2.jar of type MOD with provider {mods folder locator at /Users/rebeccataylor/Library/Application Support/ModrinthApp/profiles/Create+/mods}
[10:47:44] [main/INFO]: Found mod file Xaeros_Minimap_25.2.6_Forge_1.19.1.jar of type MOD with provider {mods folder locator at /Users/rebeccataylor/Library/Application Support/ModrinthApp/profiles/Create+/mods}
[10:47:44] [main/INFO]: Found mod file XaerosWorldMap_1.39.12_Forge_1.19.1.jar of type MOD with provider {mods folder locator at /Users/rebeccataylor/Library/Application Support/ModrinthApp/profiles/Create+/mods}
[10:47:44] [main/INFO]: Found mod file xercapaint-1.19.2-1.0.2.jar of type MOD with provider {mods folder locator at /Users/rebeccataylor/Library/Application Support/ModrinthApp/profiles/Create+/mods}
[10:47:44] [main/INFO]: Found mod file yeetusexperimentus-1.0.1-build.2+mc1.19.1.jar of type MOD with provider {mods folder locator at /Users/rebeccataylor/Library/Application Support/ModrinthApp/profiles/Create+/mods}
[10:47:44] [main/INFO]: Found mod file YungsApi-1.19.2-Forge-3.8.10.jar of type MOD with provider {mods folder locator at /Users/rebeccataylor/Library/Application Support/ModrinthApp/profiles/Create+/mods}
[10:47:44] [main/INFO]: Found mod file YungsBetterDesertTemples-1.19.2-Forge-2.2.2.jar of type MOD with provider {mods folder locator at /Users/rebeccataylor/Library/Application Support/ModrinthApp/profiles/Create+/mods}
[10:47:44] [main/INFO]: Found mod file YungsBetterDungeons-1.19.2-Forge-3.2.2.jar of type MOD with provider {mods folder locator at /Users/rebeccataylor/Library/Application Support/ModrinthApp/profiles/Create+/mods}
[10:47:44] [main/INFO]: Found mod file YungsBetterJungleTemples-1.19.2-Forge-1.0.1.jar of type MOD with provider {mods folder locator at /Users/rebeccataylor/Library/Application Support/ModrinthApp/profiles/Create+/mods}
[10:47:44] [main/INFO]: Found mod file YungsBetterMineshafts-1.19.2-Forge-3.2.1.jar of type MOD with provider {mods folder locator at /Users/rebeccataylor/Library/Application Support/ModrinthApp/profiles/Create+/mods}
[10:47:44] [main/INFO]: Found mod file YungsBetterNetherFortresses-1.19.2-Forge-1.0.6.jar of type MOD with provider {mods folder locator at /Users/rebeccataylor/Library/Application Support/ModrinthApp/profiles/Create+/mods}
[10:47:44] [main/INFO]: Found mod file YungsBetterOceanMonuments-1.19.2-Forge-2.1.1.jar of type MOD with provider {mods folder locator at /Users/rebeccataylor/Library/Application Support/ModrinthApp/profiles/Create+/mods}
[10:47:44] [main/INFO]: Found mod file YungsBetterStrongholds-1.19.2-Forge-3.2.0.jar of type MOD with provider {mods folder locator at /Users/rebeccataylor/Library/Application Support/ModrinthApp/profiles/Create+/mods}
[10:47:44] [main/INFO]: Found mod file YungsBetterWitchHuts-1.19.2-Forge-2.1.0.jar of type MOD with provider {mods folder locator at /Users/rebeccataylor/Library/Application Support/ModrinthApp/profiles/Create+/mods}
[10:47:44] [main/INFO]: Found mod file YungsBridges-1.19.2-Forge-3.1.0.jar of type MOD with provider {mods folder locator at /Users/rebeccataylor/Library/Application Support/ModrinthApp/profiles/Create+/mods}
[10:47:44] [main/INFO]: Found mod file YungsExtras-1.19.2-Forge-3.1.0.jar of type MOD with provider {mods folder locator at /Users/rebeccataylor/Library/Application Support/ModrinthApp/profiles/Create+/mods}
[10:47:44] [main/INFO]: Found mod file zume-1.1.4.jar of type MOD with provider {mods folder locator at /Users/rebeccataylor/Library/Application Support/ModrinthApp/profiles/Create+/mods}
[10:47:44] [main/WARN]: Mod file /Users/rebeccataylor/Library/Application Support/ModrinthApp/meta/libraries/net/minecraftforge/fmlcore/1.19.2-43.5.1/fmlcore-1.19.2-43.5.1.jar is missing mods.toml file
[10:47:44] [main/WARN]: Mod file /Users/rebeccataylor/Library/Application Support/ModrinthApp/meta/libraries/net/minecraftforge/javafmllanguage/1.19.2-43.5.1/javafmllanguage-1.19.2-43.5.1.jar is missing mods.toml file
[10:47:44] [main/WARN]: Mod file /Users/rebeccataylor/Library/Application Support/ModrinthApp/meta/libraries/net/minecraftforge/lowcodelanguage/1.19.2-43.5.1/lowcodelanguage-1.19.2-43.5.1.jar is missing mods.toml file
[10:47:44] [main/WARN]: Mod file /Users/rebeccataylor/Library/Application Support/ModrinthApp/meta/libraries/net/minecraftforge/mclanguage/1.19.2-43.5.1/mclanguage-1.19.2-43.5.1.jar is missing mods.toml file
[10:47:44] [main/INFO]: Found mod file fmlcore-1.19.2-43.5.1.jar of type LIBRARY with provider net.minecraftforge.fml.loading.moddiscovery.MinecraftLocator@22587507
[10:47:44] [main/INFO]: Found mod file javafmllanguage-1.19.2-43.5.1.jar of type LANGPROVIDER with provider net.minecraftforge.fml.loading.moddiscovery.MinecraftLocator@22587507
[10:47:44] [main/INFO]: Found mod file lowcodelanguage-1.19.2-43.5.1.jar of type LANGPROVIDER with provider net.minecraftforge.fml.loading.moddiscovery.MinecraftLocator@22587507
[10:47:44] [main/INFO]: Found mod file mclanguage-1.19.2-43.5.1.jar of type LANGPROVIDER with provider net.minecraftforge.fml.loading.moddiscovery.MinecraftLocator@22587507
[10:47:44] [main/INFO]: Found mod file client-1.19.2-20220805.130853-srg.jar of type MOD with provider net.minecraftforge.fml.loading.moddiscovery.MinecraftLocator@22587507
[10:47:44] [main/INFO]: Found mod file forge-1.19.2-43.5.1-universal.jar of type MOD with provider net.minecraftforge.fml.loading.moddiscovery.MinecraftLocator@22587507
[10:47:44] [main/INFO]: Found mod file crash_assistant-forge.jar of type MOD with provider dev.kostromdan.mods.crash_assistant.core_mod.services.CrashAssistantDependencyLocator@476fe690
[10:47:44] [main/WARN]: Attempted to select two dependency jars from JarJar which have the same identification: Mod File:  and Mod File: . Using Mod File: 
[10:47:44] [main/WARN]: Attempted to select two dependency jars from JarJar which have the same identification: Mod File:  and Mod File: . Using Mod File: 
[10:47:44] [main/INFO]: Found 29 dependencies adding them to mods collection
[10:47:44] [main/INFO]: Found mod file joml-1.10.8.jar of type GAMELIBRARY with provider net.minecraftforge.fml.loading.moddiscovery.JarInJarDependencyLocator@316acbb5
[10:47:44] [main/INFO]: Found mod file battery-1.3.0.jar of type GAMELIBRARY with provider net.minecraftforge.fml.loading.moddiscovery.JarInJarDependencyLocator@316acbb5
[10:47:44] [main/INFO]: Found mod file mixinsquared-forge-0.1.2-beta.6.jar of type GAMELIBRARY with provider net.minecraftforge.fml.loading.moddiscovery.JarInJarDependencyLocator@316acbb5
[10:47:44] [main/INFO]: Found mod file nv-websocket-client-2.14.jar of type GAMELIBRARY with provider net.minecraftforge.fml.loading.moddiscovery.JarInJarDependencyLocator@316acbb5
[10:47:44] [main/INFO]: Found mod file kfflang-3.12.0.jar of type LANGPROVIDER with provider net.minecraftforge.fml.loading.moddiscovery.JarInJarDependencyLocator@316acbb5
[10:47:44] [main/INFO]: Found mod file spectrelib-forge-0.12.8+1.19.2.jar of type MOD with provider net.minecraftforge.fml.loading.moddiscovery.JarInJarDependencyLocator@316acbb5
[10:47:44] [main/INFO]: Found mod file httpmime-4.5.10.jar of type GAMELIBRARY with provider net.minecraftforge.fml.loading.moddiscovery.JarInJarDependencyLocator@316acbb5
[10:47:44] [main/INFO]: Found mod file toml4j-0.7.2.jar of type GAMELIBRARY with provider net.minecraftforge.fml.loading.moddiscovery.JarInJarDependencyLocator@316acbb5
[10:47:44] [main/INFO]: Found mod file TRender-1.0.5-1.19.2-forge-SNAPSHOT.jar of type MOD with provider net.minecraftforge.fml.loading.moddiscovery.JarInJarDependencyLocator@316acbb5
[10:47:44] [main/INFO]: Found mod file kffmod-3.12.0.jar of type MOD with provider net.minecraftforge.fml.loading.moddiscovery.JarInJarDependencyLocator@316acbb5
[10:47:44] [main/INFO]: Found mod file kfflib-3.12.0.jar of type GAMELIBRARY with provider net.minecraftforge.fml.loading.moddiscovery.JarInJarDependencyLocator@316acbb5
[10:47:44] [main/INFO]: Found mod file flywheel-forge-1.19.2-0.6.11-22.jar of type MOD with provider net.minecraftforge.fml.loading.moddiscovery.JarInJarDependencyLocator@316acbb5
[10:47:44] [main/INFO]: Found mod file Registrate-MC1.19-1.1.5.jar of type GAMELIBRARY with provider net.minecraftforge.fml.loading.moddiscovery.JarInJarDependencyLocator@316acbb5
[10:47:44] [main/INFO]: Found mod file ritchiesprojectilelib-2.0.0-dev+mc.1.19.2-forge-build.181.jar of type MOD with provider net.minecraftforge.fml.loading.moddiscovery.JarInJarDependencyLocator@316acbb5
[10:47:44] [main/INFO]: Found mod file MixinExtras-0.4.1.jar of type GAMELIBRARY with provider net.minecraftforge.fml.loading.moddiscovery.JarInJarDependencyLocator@316acbb5
[10:47:44] [main/INFO]: Found mod file luaj-jse-3.0.8-figura.jar of type GAMELIBRARY with provider net.minecraftforge.fml.loading.moddiscovery.JarInJarDependencyLocator@316acbb5
[10:47:44] [main/INFO]: Found mod file mixinextras-forge-0.4.1.jar of type GAMELIBRARY with provider net.minecraftforge.fml.loading.moddiscovery.JarInJarDependencyLocator@316acbb5
[10:47:44] [main/INFO]: Found mod file luaj-core-3.0.8-figura.jar of type GAMELIBRARY with provider net.minecraftforge.fml.loading.moddiscovery.JarInJarDependencyLocator@316acbb5
[10:47:44] [main/INFO]: Found mod file midnightlib-1.0.0-forge.jar of type MOD with provider net.minecraftforge.fml.loading.moddiscovery.JarInJarDependencyLocator@316acbb5
[10:47:44] [main/INFO]: Found mod file create_dragon_lib-1.19.2-1.4.3.jar of type MOD with provider net.minecraftforge.fml.loading.moddiscovery.JarInJarDependencyLocator@316acbb5
[10:47:44] [main/INFO]: Found mod file tcdcommons-2.2+1.19.2.jar of type MOD with provider net.minecraftforge.fml.loading.moddiscovery.JarInJarDependencyLocator@316acbb5
[10:47:44] [main/INFO]: Found mod file NanoLiveConfig-1.1.0.jar of type GAMELIBRARY with provider net.minecraftforge.fml.loading.moddiscovery.JarInJarDependencyLocator@316acbb5
[10:47:44] [main/INFO]: Found mod file TRansition-1.0.3-1.19.2-forge-SNAPSHOT.jar of type MOD with provider net.minecraftforge.fml.loading.moddiscovery.JarInJarDependencyLocator@316acbb5
[10:47:44] [main/INFO]: Found mod file animated-gif-lib-for-java-animated-gif-lib-1.7.jar of type GAMELIBRARY with provider net.minecraftforge.fml.loading.moddiscovery.JarInJarDependencyLocator@316acbb5
[10:47:44] [main/INFO]: Found mod file flightlib-forge-1.2.0.jar of type MOD with provider net.minecraftforge.fml.loading.moddiscovery.JarInJarDependencyLocator@316acbb5
[10:47:44] [main/INFO]: Found mod file Reflect-1.3.4.jar of type GAMELIBRARY with provider net.minecraftforge.fml.loading.moddiscovery.JarInJarDependencyLocator@316acbb5
[10:47:44] [main/INFO]: Found mod file FabricNetworkingAPIReforged-1192-0.0.1.jar of type MOD with provider net.minecraftforge.fml.loading.moddiscovery.JarInJarDependencyLocator@316acbb5
[10:47:44] [main/INFO]: Found mod file MixinSquared-0.1.2-beta.6.jar of type GAMELIBRARY with provider net.minecraftforge.fml.loading.moddiscovery.JarInJarDependencyLocator@316acbb5
[10:47:44] [main/INFO]: Found mod file japng-0.5.3.jar of type GAMELIBRARY with provider net.minecraftforge.fml.loading.moddiscovery.JarInJarDependencyLocator@316acbb5
[10:47:44] [main/INFO]: Found Kotlin-containing mod Jar[union:/Users/rebeccataylor/Library/Application%20Support/ModrinthApp/profiles/Create+/essential/libraries/forge_1.19.2/kotlin-for-forge-3.6.0-slim.jar%23451!/], checking whether we need to upgrade it..
[10:47:44] [main/INFO]: Found outdated Kotlin core libs 0.0.0 (we ship 1.9.23)
[10:47:44] [main/INFO]: Found outdated Kotlin Coroutines libs 0.0.0 (we ship 1.8.0)
[10:47:44] [main/INFO]: Found outdated Kotlin Serialization libs 0.0.0 (we ship 1.6.3)
[10:47:44] [main/INFO]: Generating jar with updated Kotlin at /var/folders/9j/55k670qj0nj5n3m7lwbfds180000gn/T/kff-updated-kotlin-17448677439764958724-3.6.0-slim.jar
[10:47:45] [main/INFO]: Found Kotlin-containing mod Jar[union:/Users/rebeccataylor/Library/Application%20Support/ModrinthApp/profiles/Create+/mods/kotlinforforge-3.12.0-all.jar%23616!/], checking whether we need to upgrade it..
[10:47:45] [main/INFO]: Found outdated Kotlin core libs 1.8.21 (we ship 1.9.23)
[10:47:45] [main/INFO]: Found outdated Kotlin Coroutines libs 1.6.4 (we ship 1.8.0)
[10:47:45] [main/INFO]: Found outdated Kotlin Serialization libs 0.0.0 (we ship 1.6.3)
[10:47:45] [main/INFO]: Generating jar with updated Kotlin at /var/folders/9j/55k670qj0nj5n3m7lwbfds180000gn/T/kff-updated-kotlin-5992473545822504639-3.12.0-all.jar
[10:47:45] [main/INFO]: Applying default files...
[10:47:49] [main/INFO]: Compatibility level set to JAVA_17
[10:47:49] [main/ERROR]: Mixin config portalsgui.mixins.json does not specify "minVersion" property
[10:47:49] [main/ERROR]: Mixin config mixins.oculus.compat.sodium.json does not specify "minVersion" property
[10:47:49] [main/ERROR]: Mixin config necronomicon.forge.mixins.json does not specify "minVersion" property
[10:47:49] [main/ERROR]: Mixin config ryoamiclights.common.mixins.json does not specify "minVersion" property
[10:47:49] [main/ERROR]: Mixin config ryoamiclights.forge.mixins.json does not specify "minVersion" property
[10:47:49] [main/ERROR]: Mixin config obsidianui.forge.mixins.json does not specify "minVersion" property
[10:47:49] [main/ERROR]: Mixin config emi_loot-common.mixins.json does not specify "minVersion" property
[10:47:49] [main/ERROR]: Mixin config mixins.create_ca.json does not specify "minVersion" property
[10:47:49] [main/ERROR]: Mixin config entity_model_features.mixins.json does not specify "minVersion" property
[10:47:49] [main/ERROR]: Mixin config geckoanimfix.forge.mixins.json does not specify "minVersion" property
[10:47:49] [main/ERROR]: Mixin config forge-projectiles-common.mixins.json does not specify "minVersion" property
[10:47:49] [main/ERROR]: Mixin config forge-projectiles.mixins.json does not specify "minVersion" property
[10:47:49] [main/INFO]: Successfully loaded Mixin Connector [com.aizistral.nochatreports.MixinConnector]
[10:47:49] [main/INFO]: Launching target 'forgeclient' with arguments [--version, 1.19.2, --gameDir, /Users/rebeccataylor/Library/Application Support/ModrinthApp/profiles/Create+, --assetsDir, /Users/rebeccataylor/Library/Application Support/ModrinthApp/meta/assets, --uuid, 7ef8dc365ef6411c88e1f1f86f2b1daf, --username, HexTrack, --assetIndex, 1.19, --accessToken, ❄❄❄❄❄❄❄❄, --clientId, c4502edb-87c6-40cb-b595-64a280cf8906, --xuid, 0, --userType, msa, --versionType, release, --width, 1650, --height, 1050]
[10:47:49] [main/INFO]: Loaded Saturn config file with 4 configurable options
[10:47:49] [main/WARN]: Reference map 'nerb-forge-refmap.json' for nerb.mixins.json could not be read. If this is a development environment you can ignore this message
[10:47:49] [main/WARN]: Reference map 'advancementframes-common-refmap.json' for advancementframes-common.mixins.json could not be read. If this is a development environment you can ignore this message
[10:47:49] [main/WARN]: Reference map 'advancementframes-forge-refmap.json' for advancementframes.mixins.json could not be read. If this is a development environment you can ignore this message
[10:47:49] [main/INFO]: Loaded configuration file for ModernFix 5.18.1+mc1.19.2: 87 options available, 6 override(s) found
[10:47:49] [main/WARN]: Option 'mixin.perf.faster_item_rendering' overriden (by user configuration) to 'true'
[10:47:49] [main/WARN]: Option 'mixin.feature.snapshot_easter_egg' overriden (by user configuration) to 'false'
[10:47:49] [main/WARN]: Option 'mixin.feature.branding' overriden (by user configuration) to 'false'
[10:47:49] [main/WARN]: Option 'mixin.feature.direct_stack_trace' overriden (by user configuration) to 'true'
[10:47:49] [main/WARN]: Option 'mixin.bugfix.item_cache_flag' overriden (by mods [canary]) to 'false'
[10:47:49] [main/WARN]: Option 'mixin.bugfix.restore_old_dragon_movement' overriden (by user configuration) to 'true'
[10:47:49] [main/INFO]: Applying Nashorn fix
[10:47:49] [main/INFO]: Applied Forge config corruption patch
[10:47:49] [main/WARN]: Reference map 'labels-common-refmap.json' for labels-common.mixins.json could not be read. If this is a development environment you can ignore this message
[10:47:49] [main/WARN]: Reference map 'labels-forge-refmap.json' for labels.mixins.json could not be read. If this is a development environment you can ignore this message
[10:47:49] [main/INFO]: Loaded configuration file for Embeddium: 335 options available, 1 override(s) found
[10:47:49] [main/WARN]: Reference map 'yungsextras.refmap.json' for yungsextras.mixins.json could not be read. If this is a development environment you can ignore this message
[10:47:49] [main/WARN]: Reference map 'yungsextras.refmap.json' for yungsextras_forge.mixins.json could not be read. If this is a development environment you can ignore this message
[10:47:49] [main/WARN]: Reference map 'sizeshiftingpotions.refmap.json' for sizeshiftingpotions.forge.mixins.json could not be read. If this is a development environment you can ignore this message
[10:47:49] [main/WARN]: Reference map 'sizeshiftingpotions.refmap.json' for sizeshiftingpotions.mixins.json could not be read. If this is a development environment you can ignore this message
[10:47:49] [main/WARN]: Reference map 'carpeted-common-refmap.json' for carpeted-common.mixins.json could not be read. If this is a development environment you can ignore this message
[10:47:49] [main/WARN]: Reference map 'carpeted-forge-refmap.json' for carpeted.mixins.json could not be read. If this is a development environment you can ignore this message
[10:47:49] [main/WARN]: Reference map 'fastpaintings-forge-refmap.json' for fastpaintings-forge.mixins.json could not be read. If this is a development environment you can ignore this message
[10:47:49] [main/WARN]: Mod 'pluto' attempted to override option 'mixin.world.player_chunk_tick', which doesn't exist, ignoring
[10:47:49] [main/INFO]: Loaded configuration file for Canary: 117 options available, 0 override(s) found
[10:47:49] [main/WARN]: Reference map 'v_slab_compat-common-refmap.json' for v_slab_compat-common.mixins.json could not be read. If this is a development environment you can ignore this message
[10:47:49] [main/WARN]: Reference map 'cobweb.refmap.json' for cobweb.mixins.json could not be read. If this is a development environment you can ignore this message
[10:47:49] [main/WARN]: Reference map 'cobweb.refmap.json' for cobweb.forge.mixins.json could not be read. If this is a development environment you can ignore this message
[10:47:50] [main/WARN]: Reference map 'createframed.refmap.json' for createframed.mixins.json could not be read. If this is a development environment you can ignore this message
[10:47:50] [main/WARN]: Reference map 'pandalib-common-common-refmap.json' for pandalib-common.mixins.json could not be read. If this is a development environment you can ignore this message
[10:47:50] [main/WARN]: Reference map 'suppsquared-common-refmap.json' for suppsquared-common.mixins.json could not be read. If this is a development environment you can ignore this message
[10:47:50] [main/WARN]: Reference map 'suppsquared-forge-refmap.json' for suppsquared.mixins.json could not be read. If this is a development environment you can ignore this message
[10:47:50] [main/WARN]: Reference map 'create_crystal_clear.refmap.json' for create_crystal_clear.mixins.json could not be read. If this is a development environment you can ignore this message
[10:47:50] [main/INFO]: Loaded configuration file for Sodium Extra: 28 options available, 0 override(s) found
[10:47:50] [main/WARN]: Reference map 'capes-forge-refmap.json' for capes-forge.mixins.json could not be read. If this is a development environment you can ignore this message
[10:47:50] [main/WARN]: Reference map 'Projectiles-forge-refmap.json' for forge-projectiles.mixins.json could not be read. If this is a development environment you can ignore this message
[10:47:50] [main/WARN]: Reference map 'randomium-common-refmap.json' for randomium-common.mixins.json could not be read. If this is a development environment you can ignore this message
[10:47:50] [main/WARN]: Reference map 'randomium-forge-refmap.json' for randomium.mixins.json could not be read. If this is a development environment you can ignore this message
[10:47:50] [main/WARN]: Reference map 'torch_hit.refmap.json' for torch_hit.mixins.json could not be read. If this is a development environment you can ignore this message
[10:47:50] [main/WARN]: Reference map 'torch_hit.refmap.json' for torch_hit.forge.mixins.json could not be read. If this is a development environment you can ignore this message
[10:47:50] [main/WARN]: Reference map 'placement_plus.refmap.json' for placement_plus.mixins.json could not be read. If this is a development environment you can ignore this message
[10:47:50] [main/WARN]: Reference map 'coroutil.refmap.json' for coroutil.mixins.json could not be read. If this is a development environment you can ignore this message
[10:47:50] [main/INFO]: Loading config from /Users/rebeccataylor/Library/Application Support/ModrinthApp/profiles/Create+/config/badoptimizations.txt
[10:47:50] [main/INFO]: Config version: 3
[10:47:50] [main/INFO]: BadOptimizations config dump:
[10:47:50] [main/INFO]: enable_toast_optimizations: true
[10:47:50] [main/INFO]: ignore_mod_incompatibilities: false
[10:47:50] [main/INFO]: lightmap_time_change_needed_for_update: 80
[10:47:50] [main/INFO]: enable_lightmap_caching: true
[10:47:50] [main/INFO]: enable_particle_manager_optimization: true
[10:47:50] [main/INFO]: enable_entity_renderer_caching: true
[10:47:50] [main/INFO]: log_config: true
[10:47:50] [main/INFO]: enable_remove_redundant_fov_calculations: true
[10:47:50] [main/INFO]: config_version: 3
[10:47:50] [main/INFO]: enable_sky_angle_caching_in_worldrenderer: true
[10:47:50] [main/INFO]: enable_block_entity_renderer_caching: true
[10:47:50] [main/INFO]: skycolor_time_change_needed_for_update: 3
[10:47:50] [main/INFO]: enable_entity_flag_caching: false
[10:47:50] [main/INFO]: enable_debug_renderer_disable_if_not_needed: true
[10:47:50] [main/INFO]: enable_sky_color_caching: true
[10:47:50] [main/INFO]: enable_remove_tutorial_if_not_demo: true
[10:47:50] [main/INFO]: show_f3_text: false
[10:47:50] [main/INFO]: Packet Fixer forge 1.19-1.19.2 has been applied successfully.
[10:47:50] [main/INFO]: Starting Essential v1.3.10.1 (#5eb5895901) [stable]
[10:47:50] [main/WARN]: Error loading class: sereneseasons/handler/season/RandomUpdateHandler (java.lang.ClassNotFoundException: sereneseasons.handler.season.RandomUpdateHandler)
[10:47:50] [main/WARN]: @Mixin target sereneseasons.handler.season.RandomUpdateHandler was not found snowrealmagic.mixins.json:sereneseasons.RandomUpdateHandlerMixin
[10:47:51] [main/WARN]: Error loading class: mekanism/client/render/entity/RenderFlame (java.lang.ClassNotFoundException: mekanism.client.render.entity.RenderFlame)
[10:47:51] [main/WARN]: Error loading class: mekanism/client/render/armor/MekaSuitArmor (java.lang.ClassNotFoundException: mekanism.client.render.armor.MekaSuitArmor)
[10:47:51] [main/INFO]: Patching IForgeItemStack#getEnchantmentLevel
[10:47:51] [main/INFO]: Patching IForgeItemStack#getEnchantmentLevel
[10:47:51] [main/WARN]: Error loading class: dev/latvian/mods/kubejs/recipe/RecipesEventJS (java.lang.ClassNotFoundException: dev.latvian.mods.kubejs.recipe.RecipesEventJS)
[10:47:51] [main/WARN]: @Mixin target dev.latvian.mods.kubejs.recipe.RecipesEventJS was not found sliceanddice.mixins.json:RecipeEventJSMixin
[10:47:52] [main/WARN]: Error loading class: subaraki/paintings/gui/PaintingScreen (java.lang.ClassNotFoundException: subaraki.paintings.gui.PaintingScreen)
[10:47:52] [main/WARN]: Error loading class: com/copycatsplus/copycats/content/copycat/slab/CopycatSlabBlock (java.lang.ClassNotFoundException: com.copycatsplus.copycats.content.copycat.slab.CopycatSlabBlock)
[10:47:52] [main/WARN]: @Mixin target com.copycatsplus.copycats.content.copycat.slab.CopycatSlabBlock was not found create_connected.mixins.json:compat.CopycatBlockMixin
[10:47:52] [main/WARN]: Error loading class: com/copycatsplus/copycats/content/copycat/board/CopycatBoardBlock (java.lang.ClassNotFoundException: com.copycatsplus.copycats.content.copycat.board.CopycatBoardBlock)
[10:47:52] [main/WARN]: @Mixin target com.copycatsplus.copycats.content.copycat.board.CopycatBoardBlock was not found create_connected.mixins.json:compat.CopycatBlockMixin
[10:47:52] [main/WARN]: Error loading class: me/jellysquid/mods/lithium/common/ai/pathing/PathNodeDefaults (java.lang.ClassNotFoundException: me.jellysquid.mods.lithium.common.ai.pathing.PathNodeDefaults)
[10:47:52] [main/WARN]: Error loading class: net/raphimc/immediatelyfast/feature/core/ImmediateAdapter (java.lang.ClassNotFoundException: net.raphimc.immediatelyfast.feature.core.ImmediateAdapter)
[10:47:52] [main/WARN]: Error loading class: dev/tr7zw/skinlayers/render/CustomizableModelPart (java.lang.ClassNotFoundException: dev.tr7zw.skinlayers.render.CustomizableModelPart)
[10:47:52] [main/WARN]: Error loading class: software/bernie/geckolib/model/GeoModel (java.lang.ClassNotFoundException: software.bernie.geckolib.model.GeoModel)
[10:47:52] [main/WARN]: @Mixin target software.bernie.geckolib.model.GeoModel was not found geckoanimfix.forge.mixins.json:GeoModelMixin
[10:47:53] [main/WARN]: Error loading class: earth/terrarium/botarium/forge/BotariumForge (java.lang.ClassNotFoundException: earth.terrarium.botarium.forge.BotariumForge)
[10:47:53] [main/WARN]: @Mixin target earth.terrarium.botarium.forge.BotariumForge was not found create_central_kitchen.mixins.json:common.botarium.BotariumForgeMixin
[10:47:53] [main/WARN]: Error loading class: umpaz/brewinandchewin/common/block/entity/KegBlockEntity (java.lang.ClassNotFoundException: umpaz.brewinandchewin.common.block.entity.KegBlockEntity)
[10:47:53] [main/WARN]: @Mixin target umpaz.brewinandchewin.common.block.entity.KegBlockEntity was not found create_central_kitchen.mixins.json:common.brewinandchewin.KegBlockEntityMixin
[10:47:53] [main/WARN]: Error loading class: net/orcinus/overweightfarming/blocks/CropFullBlock (java.lang.ClassNotFoundException: net.orcinus.overweightfarming.blocks.CropFullBlock)
[10:47:53] [main/WARN]: @Mixin target net.orcinus.overweightfarming.blocks.CropFullBlock was not found create_central_kitchen.mixins.json:common.overweightfarming.CropFullBlockMixin
[10:47:53] [main/INFO]: [MemoryLeakFix] Will be applying 4 memory leak fixes!
[10:47:53] [main/INFO]: [MemoryLeakFix] Currently enabled memory leak fixes: [targetEntityLeak, entityMemoriesLeak, biomeTemperatureLeak, hugeScreenshotLeak]
[10:47:53] [main/WARN]: Force-disabling mixin 'features.sky.MixinWorldRenderer' as rule 'mixin.features.sky' (added by mods [oculus]) disables it and children
[10:47:54] [main/INFO]: Initializing MixinExtras via com.llamalad7.mixinextras.service.MixinExtrasServiceImpl(version=0.4.1).
[10:47:54] [main/WARN]: Found problematic active MixinExtras instance at me.cael.capes.shaded.com.llamalad7.mixinextras (version 0.2.0-beta.1)
[10:47:54] [main/WARN]: Versions from 0.2.0-beta.1 to 0.2.0-beta.9 have limited support and it is strongly recommended to update.
[10:47:55] [pool-4-thread-1/INFO]: ModernFix reached bootstrap stage (15.87 s after launch)
[10:47:55] [pool-4-thread-1/WARN]: @Final field delegatesByName:Ljava/util/Map; in modernfix-forge.mixins.json:perf.forge_registry_alloc.ForgeRegistryMixin should be final
[10:47:55] [pool-4-thread-1/WARN]: @Final field delegatesByValue:Ljava/util/Map; in modernfix-forge.mixins.json:perf.forge_registry_alloc.ForgeRegistryMixin should be final
[10:47:55] [pool-4-thread-1/INFO]: Patching IForgeItemStack#getEnchantmentLevel
[10:47:55] [pool-4-thread-1/INFO]: Patching IForgeItemStack#getEnchantmentLevel
[10:47:55] [pool-4-thread-1/WARN]: @Inject(@At("INVOKE")) Shift.BY=2 on everycomp-common.mixins.json:LootTableHackMixin::handler$ghl000$everyCompat$addSimpleFastDrops exceeds the maximum allowed value: 0. Increase the value of maxShiftBy to suppress this warning.
[10:47:55] [pool-4-thread-1/INFO]: Injecting BlockStateBase cache population hook into getNeighborPathNodeType from com.abdelaziz.canary.mixin.ai.pathing.BlockStateBaseMixin
[10:47:55] [pool-4-thread-1/INFO]: Injecting BlockStateBase cache population hook into getPathNodeType from com.abdelaziz.canary.mixin.ai.pathing.BlockStateBaseMixin
[10:47:55] [pool-4-thread-1/INFO]: Injecting BlockStateBase cache population hook into m_60823_ from com.abdelaziz.canary.mixin.block.flatten_states.BlockStateBaseMixin
[10:47:56] [pool-4-thread-1/WARN]: @Inject(@At("INVOKE")) Shift.BY=2 on allurement.mixins.json:ItemEntityMixin::handler$fic000$getItemEnchantability exceeds the maximum allowed value: 0. Increase the value of maxShiftBy to suppress this warning.
[10:47:56] [pool-4-thread-1/INFO]: Mixing server.MixinPlayer from nochatreports.mixins.json into net.minecraft.world.entity.player.Player
[10:47:57] [pool-4-thread-1/INFO]: Enforced 1 fluid(s)!
[10:47:57] [pool-4-thread-1/INFO]: Locked 1 fluid(s)! Have fun :)
[10:47:57] [pool-4-thread-1/INFO]: Vanilla bootstrap took 2464 milliseconds
[10:47:57] [pool-4-thread-1/WARN]: @ModifyConstant conflict. Skipping connectivity.mixins.json:ClientBoundCustomPayloadPacketLMixin->@ModifyConstant::modifyLimit(I)I with priority 1, already redirected by packetfixer.v1_19.forge.mixins.json:v1_19_forge.ClientboundCustomPayloadPacketMixin->@ModifyConstant::packetfixer$newSize(I)I with priority 1000
[10:47:57] [pool-4-thread-1/WARN]: @ModifyConstant conflict. Skipping connectivity.mixins.json:ClientBoundCustomPayloadPacketLMixin->@ModifyConstant::modifyLimit(I)I with priority 1, already redirected by packetfixer.v1_19.forge.mixins.json:v1_19_forge.ClientboundCustomPayloadPacketMixin->@ModifyConstant::packetfixer$newSize(I)I with priority 1000
[10:47:58] [pool-4-thread-1/INFO]: Patching IForgeItemStack#getEnchantmentLevel
[10:47:58] [pool-4-thread-1/INFO]: Patching IForgeItemStack#getEnchantmentLevel
[10:48:00] [pool-4-thread-1/INFO]: Mixing client.MixinLocalPlayer from nochatreports.mixins.json into net.minecraft.client.player.LocalPlayer
[10:48:00] [pool-4-thread-1/WARN]: Static binding violation: PRIVATE @Overwrite method m_47505_ in modernfix-common.mixins.json:perf.remove_biome_temperature_cache.BiomeMixin cannot reduce visibiliy of PUBLIC target method, visibility will be upgraded.
[10:48:01] [main/WARN]: Injection warning: LVT in net/minecraft/client/renderer/GameRenderer::m_109089_(FJLcom/mojang/blaze3d/vertex/PoseStack;)V has incompatible changes at opcode 335 in callback figura-common.mixins.json:render.GameRendererMixin->@Inject::renderLevelSaveBobbingOF(FJLcom/mojang/blaze3d/vertex/PoseStack;Lorg/spongepowered/asm/mixin/injection/callback/CallbackInfo;ZZLnet/minecraft/client/Camera;Lcom/mojang/blaze3d/vertex/PoseStack;D)V.
 Expected: [Z, Z, Lnet/minecraft/client/Camera;, Lcom/mojang/blaze3d/vertex/PoseStack;, D]
    Found: [Z, Lnet/minecraft/client/Camera;, Lcom/mojang/blaze3d/vertex/PoseStack;, D, F]
Available: [Z, Lnet/minecraft/client/Camera;, Lcom/mojang/blaze3d/vertex/PoseStack;, D, F, F, I, F, Lcom/mojang/math/Vector3f;, F]
[10:48:01] [main/WARN]: Method overwrite conflict for getTexturesByName in mixins.oculus.json:texture.TextureAtlasAccessor, previously written by org.figuramc.figura.mixin.render.TextureAtlasMixin. Skipping method.
[10:48:02] [Render thread/INFO]: Mixing client.MixinTitleScreen from nochatreports.mixins.json into net.minecraft.client.gui.screens.TitleScreen
[10:48:02] [Render thread/INFO]: Mixing client.MixinChatScreen from nochatreports.mixins.json into net.minecraft.client.gui.screens.ChatScreen
[10:48:02] [Render thread/INFO]: Renaming synthetic method lambda$onInit$4(Lnet/minecraft/client/gui/components/Button;Lcom/mojang/blaze3d/vertex/PoseStack;II)V to md8636ae$lambda$onInit$4$0 in nochatreports.mixins.json:client.MixinChatScreen
[10:48:02] [Render thread/INFO]: Renaming synthetic method lambda$onInit$3(Lnet/minecraft/client/gui/components/Button;)V to md8636ae$lambda$onInit$3$1 in nochatreports.mixins.json:client.MixinChatScreen
[10:48:02] [Render thread/INFO]: Renaming synthetic method lambda$onInit$2(Lcom/aizistral/nochatreports/core/ServerSafetyLevel;Lnet/minecraft/client/gui/components/Button;Lcom/mojang/blaze3d/vertex/PoseStack;II)V to md8636ae$lambda$onInit$2$2 in nochatreports.mixins.json:client.MixinChatScreen
[10:48:02] [Render thread/INFO]: Renaming synthetic method lambda$onInit$1(Lnet/minecraft/client/gui/components/Button;)V to md8636ae$lambda$onInit$1$3 in nochatreports.mixins.json:client.MixinChatScreen
[10:48:02] [Render thread/INFO]: Renaming synthetic method lambda$onBeforeMessage$0(Ljava/lang/String;Lorg/spongepowered/asm/mixin/injection/callback/CallbackInfoReturnable;Lcom/aizistral/nochatreports/encryption/Encryptor;)V to md8636ae$lambda$onBeforeMessage$0$4 in nochatreports.mixins.json:client.MixinChatScreen
[10:48:02] [Render thread/WARN]: Assets URL 'union:/Users/rebeccataylor/Library/Application%20Support/ModrinthApp/meta/libraries/net/minecraft/client/1.19.2-20220805.130853/client-1.19.2-20220805.130853-srg.jar%23740!/assets/.mcassetsroot' uses unexpected schema
[10:48:02] [Render thread/WARN]: Assets URL 'union:/Users/rebeccataylor/Library/Application%20Support/ModrinthApp/meta/libraries/net/minecraft/client/1.19.2-20220805.130853/client-1.19.2-20220805.130853-srg.jar%23740!/data/.mcassetsroot' uses unexpected schema
[10:48:02] [Render thread/INFO]: Environment: authHost='https://authserver.mojang.com', accountsHost='https://api.mojang.com', sessionHost='https://sessionserver.mojang.com', servicesHost='https://api.minecraftservices.com', name='PROD'
[10:48:03] [Render thread/INFO]: Setting user: HexTrack
[10:48:03] [Render thread/INFO]: Bypassed Mojang DFU
[10:48:03] [Render thread/INFO]: Mixing client.MixinToastComponent from nochatreports.mixins.json into net.minecraft.client.gui.components.toasts.ToastComponent
[10:48:03] [Render thread/INFO]: Mixing client.MixinOptions from nochatreports.mixins.json into net.minecraft.client.Options
[10:48:03] [Render thread/INFO]: Renaming synthetic method lambda$onlyShowSecureChat$1(Ljava/lang/Boolean;)V to md8636ae$lambda$onlyShowSecureChat$1$0 in nochatreports.mixins.json:client.MixinOptions
[10:48:03] [Render thread/INFO]: Renaming synthetic method lambda$onlyShowSecureChat$0(Lnet/minecraft/network/chat/Component;Ljava/lang/Boolean;)Lnet/minecraft/network/chat/Component; to md8636ae$lambda$onlyShowSecureChat$0$1 in nochatreports.mixins.json:client.MixinOptions
[10:48:03] [Render thread/INFO]: Mixing client.MixinChatComponent from nochatreports.mixins.json into net.minecraft.client.gui.components.ChatComponent
[10:48:03] [Render thread/INFO]: Renaming synthetic method lambda$modifyGUIMessage$1()V to md8636ae$lambda$modifyGUIMessage$1$2 in nochatreports.mixins.json:client.MixinChatComponent
[10:48:03] [Render thread/INFO]: Renaming synthetic method lambda$modifyGUIMessage$0(Lnet/minecraft/network/chat/FormattedText;Lnet/minecraft/network/chat/Component;)V to md8636ae$lambda$modifyGUIMessage$0$3 in nochatreports.mixins.json:client.MixinChatComponent
[10:48:03] [Render thread/INFO]: Mixing client.MixinGuiMessageTagIcon from nochatreports.mixins.json into net.minecraft.client.GuiMessageTag$Icon
[10:48:03] [Render thread/INFO]: Renaming @Invoker method create(Ljava/lang/String;IIIII)Lnet/minecraft/client/GuiMessageTag$Icon; to create_$md$8636ae$0 in nochatreports.mixins.json:client.MixinGuiMessageTagIcon
[10:48:03] [Render thread/WARN]: Static binding violation: PRIVATE @Overwrite method m_104290_ in embeddium.mixins.json:features.entity.fast_render.MixinModelPart cannot reduce visibiliy of PUBLIC target method, visibility will be upgraded.
[10:48:03] [Render thread/INFO]: Mixing client.MixinServerData from nochatreports.mixins.json into net.minecraft.client.multiplayer.ServerData
[10:48:04] [Render thread/INFO]: OptiFine not detected.
[10:48:04] [Render thread/INFO]: Instantiating Mojang DFU
[10:48:04] [Render thread/INFO]: Building unoptimized datafixer
[10:48:05] [Render thread/INFO]: Starting DI!
[10:48:05] [Render thread/INFO]: Authenticating to Mojang as HexTrack (7ef8dc36-5ef6-411c-88e1-f1f86f2b1daf)
[10:48:05] [Render thread/INFO]: Backend library: LWJGL version 3.3.1 build 7
[10:48:05] [ForkJoinPool.commonPool-worker-1/ERROR]: Could not find parent kotlin/jvm/internal/Lambda for class gg/essential/elementa/components/UIImage$2$1 in classloader jdk.internal.loader.ClassLoaders$AppClassLoader@76ed5528 on thread Thread[ForkJoinPool.commonPool-worker-1,5,main]
[10:48:05] [ForkJoinPool.commonPool-worker-1/ERROR]: An error occurred building event handler
java.lang.ClassNotFoundException: kotlin.jvm.internal.Lambda
	at jdk.internal.loader.BuiltinClassLoader.loadClass(Unknown Source) ~[?:?]
	at jdk.internal.loader.ClassLoaders$AppClassLoader.loadClass(Unknown Source) ~[?:?]
	at java.lang.ClassLoader.loadClass(Unknown Source) ~[?:?]
	at net.minecraftforge.eventbus.EventSubclassTransformer.buildEvents(EventSubclassTransformer.java:92) ~[eventbus-6.0.3.jar:?]
	at net.minecraftforge.eventbus.EventSubclassTransformer.transform(EventSubclassTransformer.java:44) ~[eventbus-6.0.3.jar:?]
	at net.minecraftforge.eventbus.EventBusEngine.processClass(EventBusEngine.java:26) ~[eventbus-6.0.3.jar:?]
	at net.minecraftforge.eventbus.service.ModLauncherService.processClassWithFlags(ModLauncherService.java:32) ~[eventbus-6.0.3.jar:6.0.3+6.0.3+master.039e4ea9]
	at cpw.mods.modlauncher.LaunchPluginHandler.offerClassNodeToPlugins(LaunchPluginHandler.java:88) ~[modlauncher-10.0.8.jar:?]
	at cpw.mods.modlauncher.ClassTransformer.transform(ClassTransformer.java:120) ~[modlauncher-10.0.8.jar:?]
	at cpw.mods.modlauncher.TransformingClassLoader.maybeTransformClassBytes(TransformingClassLoader.java:50) ~[modlauncher-10.0.8.jar:?]
	at cpw.mods.cl.ModuleClassLoader.readerToClass(ModuleClassLoader.java:113) ~[securejarhandler-2.1.4.jar:?]
	at cpw.mods.cl.ModuleClassLoader.lambda$findClass$15(ModuleClassLoader.java:219) ~[securejarhandler-2.1.4.jar:?]
	at cpw.mods.cl.ModuleClassLoader.loadFromModule(ModuleClassLoader.java:229) ~[securejarhandler-2.1.4.jar:?]
	at cpw.mods.cl.ModuleClassLoader.findClass(ModuleClassLoader.java:219) ~[securejarhandler-2.1.4.jar:?]
	at cpw.mods.cl.ModuleClassLoader.loadClass(ModuleClassLoader.java:135) ~[securejarhandler-2.1.4.jar:?]
	at java.lang.ClassLoader.loadClass(Unknown Source) ~[?:?]
	at gg.essential.elementa.components.UIImage$2.invoke(UIImage.kt:62) ~[?:?]
	at gg.essential.elementa.components.UIImage$2.invoke(UIImage.kt:47) ~[?:?]
	at gg.essential.elementa.components.UIImage._init_$lambda$1(UIImage.kt:47) ~[?:?]
	at java.util.concurrent.CompletableFuture$UniAccept.tryFire(Unknown Source) ~[?:?]
	at java.util.concurrent.CompletableFuture$Completion.exec(Unknown Source) ~[?:?]
	at java.util.concurrent.ForkJoinTask.doExec(Unknown Source) ~[?:?]
	at java.util.concurrent.ForkJoinPool$WorkQueue.topLevelExec(Unknown Source) ~[?:?]
	at java.util.concurrent.ForkJoinPool.scan(Unknown Source) ~[?:?]
	at java.util.concurrent.ForkJoinPool.runWorker(Unknown Source) ~[?:?]
	at java.util.concurrent.ForkJoinWorkerThread.run(Unknown Source) ~[?:?]
[10:48:06] [Render thread/INFO]: Initializing ImmediatelyFast 1.4.0+1.19.2 on Apple M1 (Apple) with OpenGL 4.1 Metal - 89.4
[10:48:06] [Render thread/WARN]: Apple GPU detected. Disabling fast buffer upload.
[10:48:06] [Render thread/INFO]: Found Iris/Oculus 1.6.9a. Enabling compatibility.
[10:48:06] [DefaultDispatcher-worker-3/INFO]: Connecting to Essential Connection Manager...
[10:48:06] [DefaultDispatcher-worker-3/INFO]: Using Default JreDnsResolver
[10:48:06] [DefaultDispatcher-worker-3/INFO]: Using Default JreSocketFactory
[10:48:06] [Render thread/INFO]: Debug functionality is disabled.
[10:48:06] [Render thread/INFO]: DSA support not detected.
[10:48:06] [Render thread/INFO]: Shaders are disabled because enableShaders is set to false in oculus.properties
[10:48:06] [Render thread/INFO]: Shaders are disabled
[10:48:07] [modloading-worker-0/INFO]: Mixing forge.client.MixinClientConnection from nochatreports.mixins.json into net.minecraft.network.Connection
[10:48:07] [modloading-worker-0/WARN]: Method overwrite conflict for m_82944_ in suggestionproviderfix.mixins.json:SharedSuggestionProviderMixin, previously written by com.majruszlibrary.mixin.IMixinSharedSuggestionProvider. Skipping method.
[10:48:07] [modloading-worker-0/INFO]: Loading LexZume...
[10:48:07] [modloading-worker-0/INFO]: Mixing server.MixinPlayerList from nochatreports.mixins.json into net.minecraft.server.players.PlayerList
[10:48:07] [modloading-worker-0/INFO]: Constructing client components for mod easyanvils
[10:48:07] [WebSocketConnectReadThread-64/INFO]: Connected to Essential Connection Manager.
[10:48:08] [modloading-worker-0/INFO]: Constructing common components for mod blockrunner
[10:48:08] [modloading-worker-0/INFO]: Constructing common components for mod easyanvils
[10:48:08] [modloading-worker-0/INFO]: Aquatic Torches loaded.
[10:48:08] [modloading-worker-0/INFO]: Mixing forge.client.MixinClientPacketListener from nochatreports.mixins.json into net.minecraft.client.multiplayer.ClientPacketListener
[10:48:08] [modloading-worker-0/INFO]: Loading Noisium.
[10:48:08] [modloading-worker-0/INFO]: Create: Trading Floor initializing! Create version: 0.5.1f on platform: Forge
[10:48:08] [modloading-worker-0/INFO]: Registering all Create: Trading Floor entries
[10:48:08] [modloading-worker-0/INFO]: Registering Particle Emitters for: Create: Trading Floor
[10:48:09] [modloading-worker-0/INFO]: Mixing server.MixinServerGamePacketListenerImpl from nochatreports.mixins.json into net.minecraft.server.network.ServerGamePacketListenerImpl
[10:48:09] [modloading-worker-0/WARN]: @Redirect conflict. Skipping forge-badoptimizations.mixins-common.json:MixinWorldRenderer->@Redirect::getSkyAngle(Lnet/minecraft/client/multiplayer/ClientLevel;F)F with priority 700, already redirected by citadel.mixins.json:client.LevelRendererMixin->@Redirect::citadel_getTimeOfDay(Lnet/minecraft/client/multiplayer/ClientLevel;F)F with priority 1000
[10:48:09] [modloading-worker-0/INFO]: Finished Initialisation For Mod: trading_floor
[10:48:09] [modloading-worker-0/INFO]: Dynamic FPS 3.9.5 active on Forge!
[10:48:09] [UniLib/INFO]: Starting version check for "unilib" (MC 1.19.2) at "https://raw.githubusercontent.com/CDAGaming/VersionLibrary/master/UniLib/update.json"
[10:48:10] [modloading-worker-0/INFO]: Constructing client components for mod armorstatues
[10:48:10] [modloading-worker-0/INFO]: Constructing client components for mod armorstatues
[10:48:10] [modloading-worker-0/INFO]: Constructing common components for mod armorstatues
[10:48:10] [modloading-worker-0/INFO]: Constructing common components for mod armorstatues
[10:48:10] [modloading-worker-0/INFO]: KONNICHIWA ZA WARUDO!
[10:48:10] [modloading-worker-0/INFO]: Default JVM text encoding is: UTF-8
[10:48:10] [modloading-worker-0/INFO]: Reading config file NoChatReports/NCR-Common.json...
[10:48:10] [modloading-worker-0/INFO]: Reading config file NoChatReports/NCR-Client.json...
[10:48:10] [modloading-worker-0/INFO]: Reading config file NoChatReports/NCR-ServerWhitelist.json...
[10:48:10] [UniLib/INFO]: Received update status for "unilib" -> Outdated (Target version: "v1.2.0")
[10:48:10] [modloading-worker-0/INFO]: Reading config file NoChatReports/NCR-Encryption.json...
[10:48:10] [modloading-worker-0/INFO]: Writing config file NoChatReports/NCR-Common.json...
[10:48:10] [modloading-worker-0/INFO]: Writing config file NoChatReports/NCR-Client.json...
[10:48:10] [modloading-worker-0/INFO]: Writing config file NoChatReports/NCR-ServerWhitelist.json...
[10:48:10] [modloading-worker-0/INFO]: Writing config file NoChatReports/NCR-Encryption.json...
[10:48:10] [modloading-worker-0/INFO]: Mixing client.MixinJoinMultiplayerScreen from nochatreports.mixins.json into net.minecraft.client.gui.screens.multiplayer.JoinMultiplayerScreen
[10:48:10] [modloading-worker-0/INFO]: Renaming synthetic method lambda$onInit$3(Lnet/minecraft/client/gui/components/Button;Lcom/mojang/blaze3d/vertex/PoseStack;II)V to md8636ae$lambda$onInit$3$0 in nochatreports.mixins.json:client.MixinJoinMultiplayerScreen
[10:48:10] [modloading-worker-0/INFO]: Renaming synthetic method lambda$onInit$2(Lnet/minecraft/client/gui/components/Button;)V to md8636ae$lambda$onInit$2$1 in nochatreports.mixins.json:client.MixinJoinMultiplayerScreen
[10:48:10] [modloading-worker-0/INFO]: Renaming synthetic method lambda$onInit$1(Lnet/minecraft/client/gui/components/Button;Lcom/mojang/blaze3d/vertex/PoseStack;II)V to md8636ae$lambda$onInit$1$2 in nochatreports.mixins.json:client.MixinJoinMultiplayerScreen
[10:48:10] [modloading-worker-0/INFO]: Renaming synthetic method lambda$onInit$0(Lnet/minecraft/client/gui/components/Button;)V to md8636ae$lambda$onInit$0$3 in nochatreports.mixins.json:client.MixinJoinMultiplayerScreen
[10:48:10] [modloading-worker-0/INFO]: Mixing client.AccessorDisconnectedScreen from nochatreports.mixins.json into net.minecraft.client.gui.screens.DisconnectedScreen
[10:48:10] [modloading-worker-0/INFO]: Processing 3 KiwiModule annotations
[10:48:10] [modloading-worker-0/INFO]: Loading config from file: /Users/rebeccataylor/Library/Application Support/ModrinthApp/profiles/Create+/config/companion-common.toml
[10:48:10] [modloading-worker-0/INFO]: Oculus detected.
[10:48:10] [modloading-worker-0/INFO]: Loading config from file: /Users/rebeccataylor/Library/Application Support/ModrinthApp/profiles/Create+/config/kiwi-client.toml
[10:48:10] [modloading-worker-0/INFO]: Loading config from file: /Users/rebeccataylor/Library/Application Support/ModrinthApp/profiles/Create+/config/snowrealmagic-client.toml
[10:48:10] [modloading-worker-0/INFO]: Loading config from file: /Users/rebeccataylor/Library/Application Support/ModrinthApp/profiles/Create+/config/snowrealmagic-common.toml
[10:48:10] [modloading-worker-0/INFO]: Kotlin For Forge Enabled!
[10:48:10] [modloading-worker-0/INFO]: Constructing common components for mod puzzleslib
[10:48:10] [modloading-worker-0/INFO]: Visuality has initialized, have fun with more particles!
[10:48:10] [modloading-worker-0/INFO]: [RyoamicLights] Initializing RyoamicLights...
[10:48:10] [modloading-worker-0/INFO]: [RyoamicLights] Configuration loaded.
[10:48:11] [modloading-worker-0/INFO]: Preparing mod config directory
[10:48:11] [modloading-worker-0/INFO]: Create: Dragon Lib 1.4.3 has initialized, ready to support your Create add-ons!
[10:48:11] [modloading-worker-0/INFO]: Fixing MC-151457. Crafting remainder for minecraft:pufferfish_bucket is now minecraft:bucket.
[10:48:11] [modloading-worker-0/INFO]: Fixing MC-151457. Crafting remainder for minecraft:salmon_bucket is now minecraft:bucket.
[10:48:11] [modloading-worker-0/INFO]: Fixing MC-151457. Crafting remainder for minecraft:cod_bucket is now minecraft:bucket.
[10:48:11] [modloading-worker-0/INFO]: Fixing MC-151457. Crafting remainder for minecraft:tropical_fish_bucket is now minecraft:bucket.
[10:48:11] [modloading-worker-0/INFO]: Fixing MC-151457. Crafting remainder for minecraft:axolotl_bucket is now minecraft:bucket.
[10:48:11] [modloading-worker-0/INFO]: Fixing MC-151457. Crafting remainder for minecraft:powder_snow_bucket is now minecraft:bucket.
[10:48:11] [modloading-worker-0/INFO]: Fixing MC-151457. Crafting remainder for minecraft:tadpole_bucket is now minecraft:bucket.
[10:48:11] [modloading-worker-0/WARN]: @Inject(@At("INVOKE")) Shift.BY=2 on create_connected.mixins.json:sequencedgearshift.SequencedGearshiftScreenMixin::handler$flk000$updateParamsOfRow exceeds the maximum allowed value: 0. Increase the value of maxShiftBy to suppress this warning.
[10:48:11] [modloading-worker-0/INFO]: [MELODY] Loading Melody background audio library..
[10:48:11] [modloading-worker-0/INFO]: [KONKRETE] Successfully initialized!
[10:48:11] [modloading-worker-0/INFO]: [KONKRETE] Server-side libs ready to use!
[10:48:11] [modloading-worker-0/INFO]: Loading Entity Model Features, 90 =1.5707964!
[10:48:12] [modloading-worker-0/INFO]: Loading Entity Texture Features, Curse you Perry the Platypus!
[10:48:12] [modloading-worker-0/INFO]: 6 new ETF Random Properties registered by entity_model_features.
[10:48:12] [modloading-worker-0/INFO]: Loading Collective version 7.64.
[10:48:12] [modloading-worker-0/INFO]: Loaded config for: memorysettings.json
[10:48:12] [modloading-worker-0/INFO]: Forge mod loading, version 43.5.1, for MC 1.19.2 with MCP 20220805.130853
[10:48:12] [modloading-worker-0/INFO]: MinecraftForge v43.5.1 Initialized
[10:48:12] [modloading-worker-0/INFO]: Registering S2C receiver with id architectury:sync_ids
[10:48:12] [modloading-worker-0/INFO]: Registering C2S receiver with id architectury:sync_ids
[10:48:12] [modloading-worker-0/INFO]: Registering C2S receiver with id findme:default/93a3df5fb37f371cb25c481f6e5b9323
[10:48:12] [modloading-worker-0/INFO]: Registering S2C receiver with id findme:default/93a3df5fb37f371cb25c481f6e5b9323
[10:48:12] [modloading-worker-0/INFO]: Registering C2S receiver with id findme:default/b71e26ec071d32928d9fb5d2c3ec8a7a
[10:48:12] [modloading-worker-0/INFO]: Registering S2C receiver with id findme:default/b71e26ec071d32928d9fb5d2c3ec8a7a
[10:48:12] [modloading-worker-0/INFO]: Loaded config for: cupboard.json
[10:48:12] [modloading-worker-0/INFO]: Loading up Void Totem (Forge)
[10:48:12] [modloading-worker-0/INFO]: Registering class observable.net.BetterChannel$PartialPacketBegin
[10:48:12] [modloading-worker-0/INFO]: Registered bogey styles from railways
[10:48:12] [modloading-worker-0/INFO]: Mixing forge.client.MixinClientHandshakePacketListenerImpl from nochatreports.mixins.json into net.minecraft.client.multiplayer.ClientHandshakePacketListenerImpl
[10:48:12] [modloading-worker-0/INFO]: Successfully loaded config 'fallingtrees_client'
[10:48:12] [modloading-worker-0/INFO]: Successfully saved config 'fallingtrees_client'
[10:48:12] [modloading-worker-0/INFO]: Registering C2S receiver with id minecraft:channel/observable/61a49a35c5283c0aaa7b0dfea5b7a53a
[10:48:12] [modloading-worker-0/INFO]: Registering S2C receiver with id minecraft:channel/observable/61a49a35c5283c0aaa7b0dfea5b7a53a
[10:48:12] [modloading-worker-0/INFO]: Registered class observable.net.BetterChannel$PartialPacketBegin
[10:48:12] [modloading-worker-0/INFO]: Registering class observable.net.BetterChannel$PartialPacketData
[10:48:12] [modloading-worker-0/INFO]: Successfully loaded config 'fallingtrees_common'
[10:48:12] [modloading-worker-0/INFO]: Successfully saved config 'fallingtrees_common'
[10:48:12] [modloading-worker-0/INFO]: Registering C2S receiver with id minecraft:channel/observable/3dd73fd88be832559bc3a3c4a2e63b4a
[10:48:12] [modloading-worker-0/INFO]: Registering S2C receiver with id minecraft:channel/observable/3dd73fd88be832559bc3a3c4a2e63b4a
[10:48:12] [modloading-worker-0/INFO]: Registered class observable.net.BetterChannel$PartialPacketData
[10:48:12] [modloading-worker-0/INFO]: Registering class observable.net.C2SPacket$InitTPSProfile
[10:48:12] [modloading-worker-0/INFO]: Loaded config file.
[10:48:12] [modloading-worker-0/INFO]: Saved config file.
[10:48:12] [modloading-worker-0/INFO]: Registering C2S receiver with id minecraft:channel/observable/b453c08f23b83b82b690c31bf8b2a45a
[10:48:12] [modloading-worker-0/INFO]: Registering S2C receiver with id minecraft:channel/observable/b453c08f23b83b82b690c31bf8b2a45a
[10:48:12] [modloading-worker-0/INFO]: Registered class observable.net.C2SPacket$InitTPSProfile
[10:48:12] [modloading-worker-0/INFO]: Registering class observable.net.C2SPacket$RequestTeleport
[10:48:12] [modloading-worker-0/INFO]: Registering C2S receiver with id minecraft:channel/observable/3a13df9e0b0a3290bb99252e1f8f68a2
[10:48:12] [modloading-worker-0/INFO]: Registering S2C receiver with id minecraft:channel/observable/3a13df9e0b0a3290bb99252e1f8f68a2
[10:48:12] [modloading-worker-0/INFO]: Registered class observable.net.C2SPacket$RequestTeleport
[10:48:12] [modloading-worker-0/INFO]: Registering class observable.net.C2SPacket$RequestAvailability
[10:48:12] [modloading-worker-0/INFO]: Registering C2S receiver with id minecraft:channel/observable/0c662822629034678f5a8f0e70375315
[10:48:12] [modloading-worker-0/INFO]: Registering S2C receiver with id minecraft:channel/observable/0c662822629034678f5a8f0e70375315
[10:48:12] [modloading-worker-0/INFO]: Registered class observable.net.C2SPacket$RequestAvailability
[10:48:12] [modloading-worker-0/INFO]: Registering class observable.net.S2CPacket$ProfilingStarted
[10:48:12] [modloading-worker-0/INFO]: Creating Barista directory :: /Users/rebeccataylor/Library/Application Support/ModrinthApp/profiles/Create+/config/barista
[10:48:12] [modloading-worker-0/INFO]: Creating Barista directory :: /Users/rebeccataylor/Library/Application Support/ModrinthApp/profiles/Create+/config/barista/icon
[10:48:12] [modloading-worker-0/INFO]: Checking if icon exists :: /Users/rebeccataylor/Library/Application Support/ModrinthApp/profiles/Create+/config/barista/icon/icon.png
[10:48:12] [modloading-worker-0/INFO]: Reading Barista bar config JSON file
[10:48:12] [modloading-worker-0/INFO]: Registering C2S receiver with id minecraft:channel/observable/2e815604a29b3a5cbfe0208e619d86c4
[10:48:12] [modloading-worker-0/INFO]: Registering S2C receiver with id minecraft:channel/observable/2e815604a29b3a5cbfe0208e619d86c4
[10:48:12] [modloading-worker-0/INFO]: Registered class observable.net.S2CPacket$ProfilingStarted
[10:48:12] [modloading-worker-0/INFO]: Registering class observable.net.S2CPacket$ProfilingCompleted
[10:48:12] [modloading-worker-0/INFO]: Registering C2S receiver with id minecraft:channel/observable/9ae83199b65a3768862799cc5e461a02
[10:48:12] [modloading-worker-0/INFO]: Registering S2C receiver with id minecraft:channel/observable/9ae83199b65a3768862799cc5e461a02
[10:48:12] [modloading-worker-0/INFO]: Registered class observable.net.S2CPacket$ProfilingCompleted
[10:48:12] [modloading-worker-0/INFO]: Registering class observable.net.S2CPacket$ProfilerInactive
[10:48:12] [modloading-worker-0/INFO]: Registering C2S receiver with id minecraft:channel/observable/ae8dfae1238e312397aa53e9d14c45ca
[10:48:12] [modloading-worker-0/INFO]: Registering S2C receiver with id minecraft:channel/observable/ae8dfae1238e312397aa53e9d14c45ca
[10:48:12] [modloading-worker-0/INFO]: Registered class observable.net.S2CPacket$ProfilerInactive
[10:48:12] [modloading-worker-0/INFO]: Registering class observable.net.S2CPacket$ProfilingResult
[10:48:12] [modloading-worker-0/INFO]: Registering C2S receiver with id minecraft:channel/observable/3a94cae7336038df9152bcb7b4b94825
[10:48:12] [modloading-worker-0/INFO]: Registering S2C receiver with id minecraft:channel/observable/3a94cae7336038df9152bcb7b4b94825
[10:48:12] [modloading-worker-0/INFO]: Registered class observable.net.S2CPacket$ProfilingResult
[10:48:12] [modloading-worker-0/INFO]: Registering class observable.net.S2CPacket$Availability
[10:48:12] [UniLib/INFO]: Starting version check for "craftpresence" (MC 1.19.2) at "https://raw.githubusercontent.com/CDAGaming/VersionLibrary/master/CraftPresence/update.json"
[10:48:12] [modloading-worker-0/INFO]: Registering C2S receiver with id minecraft:channel/observable/c86a824e756d312396d1ba30e943e6aa
[10:48:12] [modloading-worker-0/INFO]: Registering S2C receiver with id minecraft:channel/observable/c86a824e756d312396d1ba30e943e6aa
[10:48:12] [modloading-worker-0/INFO]: Registered class observable.net.S2CPacket$Availability
[10:48:12] [modloading-worker-0/INFO]: Registering class observable.net.S2CPacket$ConsiderProfiling
[10:48:12] [modloading-worker-0/INFO]: Create: Interiors v0.5.6 initializing! Create version: 0.5.1h on platform: Forge
[10:48:12] [modloading-worker-0/INFO]: Registering C2S receiver with id minecraft:channel/observable/80ae5e04c32934dab1c17d27a88baf19
[10:48:12] [modloading-worker-0/INFO]: Registering S2C receiver with id minecraft:channel/observable/80ae5e04c32934dab1c17d27a88baf19
[10:48:12] [modloading-worker-0/INFO]: Registered class observable.net.S2CPacket$ConsiderProfiling
[10:48:13] [CraftPresence/INFO]: Configuration settings have been saved and reloaded successfully!
[10:48:13] [UniLib/INFO]: Received update status for "craftpresence" -> Outdated (Target version: "v2.7.0")
[10:48:13] [CraftPresence/WARN]: [DEBUG] You are running CraftPresence in a debugging environment, some features may not function properly!
[10:48:13] [CraftPresence/INFO]: [DEBUG] Detected OS: Mac OS X (Architecture: aarch64, Is 64-Bit: false)
[10:48:13] [modloading-worker-0/INFO]: Registering data fixers
[10:48:13] [CraftPresence/INFO]: Checking Discord for available assets with Client Id: 1036351790251262063
[10:48:13] [CraftPresence/INFO]: Originally coded by paulhobbel - https://github.com/paulhobbel
[10:48:13] [modloading-worker-0/INFO]: Registering tracks for Hex Casting
[10:48:13] [modloading-worker-0/INFO]: Registering tracks for Oh The Biomes You'll Go
[10:48:13] [modloading-worker-0/INFO]: Registering tracks for Blue Skies
[10:48:13] [modloading-worker-0/INFO]: Registering tracks for Twilight Forest
[10:48:13] [modloading-worker-0/INFO]: Registering tracks for Biomes O' Plenty
[10:48:13] [modloading-worker-0/INFO]: Registering tracks for Dreams and Desires
[10:48:13] [modloading-worker-0/INFO]: Registering tracks for Quark
[10:48:13] [modloading-worker-0/INFO]: Trying to read config file...
[10:48:13] [modloading-worker-0/INFO]: A config file was found, loading it..
[10:48:13] [modloading-worker-0/INFO]: Successfully loaded config file.
[10:48:13] [CraftPresence/INFO]: 8 total assets detected!
[10:48:13] [Worker-Bootstrap-1/INFO]: 54 Datafixer optimizations took 419 milliseconds
[10:48:13] [modloading-worker-0/INFO]: Loaded EveryCompat Another Furniture Module
[10:48:13] [modloading-worker-0/INFO]: Loaded EveryCompat Friendsandfoes Module
[10:48:13] [modloading-worker-0/INFO]: Loaded JourneyMap plugin
[10:48:14] [modloading-worker-0/INFO]: forge loader environment detected
[10:48:14] [modloading-worker-0/INFO]: Constructing common components for mod magnumtorch
[10:48:14] [modloading-worker-0/INFO]: Initializing 'Better Statistics Screen' as 'BetterStatsClient'.
[10:48:14] [modloading-worker-0/INFO]: Initializing 'TCDCommons API' as 'TCDCommonsClient'.
[10:48:14] [modloading-worker-0/INFO]: Found Quark module class vazkii.quark.content.experimental.module.VariantSelectorModule
[10:48:14] [modloading-worker-0/INFO]: Found Quark module class vazkii.quark.content.experimental.module.NarratorReadoutModule
[10:48:14] [modloading-worker-0/INFO]: Found Quark module class vazkii.quark.content.experimental.module.ClimateControlRemoverModule
[10:48:14] [modloading-worker-0/INFO]: Found Quark module class vazkii.quark.content.experimental.module.EnchantmentsBegoneModule
[10:48:14] [modloading-worker-0/INFO]: Found Quark module class vazkii.quark.content.experimental.module.GameNerfsModule
[10:48:14] [modloading-worker-0/INFO]: Found Quark module class vazkii.quark.content.experimental.module.SpawnerReplacerModule
[10:48:14] [modloading-worker-0/INFO]: Found Quark module class vazkii.quark.content.experimental.module.AdjustableChatModule
[10:48:14] [modloading-worker-0/INFO]: Found Quark module class vazkii.quark.content.experimental.module.VillagerRerollingReworkModule
[10:48:14] [modloading-worker-0/INFO]: Found Quark module class vazkii.quark.content.experimental.module.OverlayShaderModule
[10:48:14] [modloading-worker-0/INFO]: Found Quark module class vazkii.quark.content.experimental.module.EnchantmentPredicatesModule
[10:48:14] [modloading-worker-0/INFO]: Found Quark module class vazkii.quark.content.building.module.VariantLaddersModule
[10:48:14] [modloading-worker-0/INFO]: Found Quark module class vazkii.quark.content.building.module.VariantBookshelvesModule
[10:48:14] [modloading-worker-0/INFO]: Found Quark module class vazkii.quark.content.building.module.BambooBackportModule
[10:48:14] [modloading-worker-0/INFO]: Found Quark module class vazkii.quark.content.building.module.CompressedBlocksModule
[10:48:14] [modloading-worker-0/INFO]: Found Quark module class vazkii.quark.content.building.module.MorePottedPlantsModule
[10:48:14] [modloading-worker-0/INFO]: Found Quark module class vazkii.quark.content.building.module.DuskboundBlocksModule
[10:48:14] [modloading-worker-0/INFO]: Found Quark module class vazkii.quark.content.building.module.WoodenPostsModule
[10:48:14] [modloading-worker-0/INFO]: Found Quark module class vazkii.quark.content.building.module.ThatchModule
[10:48:14] [modloading-worker-0/INFO]: Found Quark module class vazkii.quark.content.building.module.MoreStoneVariantsModule
[10:48:14] [modloading-worker-0/INFO]: Found Quark module class vazkii.quark.content.building.module.ShearVinesModule
[10:48:14] [modloading-worker-0/INFO]: Found Quark module class vazkii.quark.content.building.module.NetherBrickFenceGateModule
[10:48:14] [modloading-worker-0/INFO]: Found Quark module class vazkii.quark.content.building.module.GoldBarsModule
[10:48:14] [modloading-worker-0/INFO]: Found Quark module class vazkii.quark.content.building.module.RopeModule
[10:48:14] [modloading-worker-0/INFO]: Found Quark module class vazkii.quark.content.building.module.CelebratoryLampsModule
[10:48:14] [modloading-worker-0/INFO]: Found Quark module class vazkii.quark.content.building.module.SoulSandstoneModule
[10:48:14] [modloading-worker-0/INFO]: Found Quark module class vazkii.quark.content.building.module.VariantChestsModule
[10:48:14] [modloading-worker-0/INFO]: Found Quark module class vazkii.quark.content.building.module.LeafCarpetModule
[10:48:14] [modloading-worker-0/INFO]: Found Quark module class vazkii.quark.content.building.module.FramedGlassModule
[10:48:14] [modloading-worker-0/INFO]: Found Quark module class vazkii.quark.content.building.module.VerticalPlanksModule
[10:48:14] [modloading-worker-0/INFO]: Found Quark module class vazkii.quark.content.building.module.VariantFurnacesModule
[10:48:14] [modloading-worker-0/INFO]: Found Quark module class vazkii.quark.content.building.module.HedgesModule
[10:48:14] [modloading-worker-0/INFO]: Found Quark module class vazkii.quark.content.building.module.HollowLogsModule
[10:48:14] [modloading-worker-0/INFO]: Found Quark module class vazkii.quark.content.building.module.MidoriModule
[10:48:14] [modloading-worker-0/INFO]: Found Quark module class vazkii.quark.content.building.module.RainbowLampsModule
[10:48:14] [modloading-worker-0/INFO]: Found Quark module class vazkii.quark.content.building.module.VerticalSlabsModule
[10:48:14] [modloading-worker-0/INFO]: [FANCYMENU] Loading v3.7.0 in client-side mode on FORGE!
[10:48:14] [modloading-worker-0/INFO]: Found Quark module class vazkii.quark.content.building.module.ShinglesModule
[10:48:14] [modloading-worker-0/INFO]: Found Quark module class vazkii.quark.content.building.module.SturdyStoneModule
[10:48:14] [modloading-worker-0/INFO]: Found Quark module class vazkii.quark.content.building.module.StoolsModule
[10:48:14] [modloading-worker-0/INFO]: Found Quark module class vazkii.quark.content.building.module.RawMetalBricksModule
[10:48:14] [modloading-worker-0/INFO]: Found Quark module class vazkii.quark.content.building.module.MoreMudBlocksModule
[10:48:14] [modloading-worker-0/INFO]: Found Quark module class vazkii.quark.content.building.module.GrateModule
[10:48:14] [modloading-worker-0/INFO]: Found Quark module class vazkii.quark.content.building.module.JapanesePaletteModule
[10:48:14] [modloading-worker-0/INFO]: Found Quark module class vazkii.quark.content.building.module.MoreBrickTypesModule
[10:48:14] [modloading-worker-0/INFO]: Found Quark module class vazkii.quark.content.building.module.GlassItemFrameModule
[10:48:14] [modloading-worker-0/INFO]: Found Quark module class vazkii.quark.content.building.module.IndustrialPaletteModule
[10:48:14] [modloading-worker-0/INFO]: Found Quark module class vazkii.quark.content.world.module.NetherObsidianSpikesModule
[10:48:14] [modloading-worker-0/INFO]: Found Quark module class vazkii.quark.content.world.module.PermafrostModule
[10:48:14] [modloading-worker-0/INFO]: Found Quark module class vazkii.quark.content.world.module.FairyRingsModule
[10:48:14] [modloading-worker-0/INFO]: Found Quark module class vazkii.quark.content.world.module.BigStoneClustersModule
[10:48:14] [CraftPresence/INFO]: Attempting to connect to Discord (1/10)...
[10:48:14] [CraftPresence/INFO]: [DEBUG] Searching for IPC Pipe: "/var/folders/9j/55k670qj0nj5n3m7lwbfds180000gn/T//discord-ipc-0"
[10:48:14] [CraftPresence/INFO]: [DEBUG] Unable to locate IPC Pipe: "/var/folders/9j/55k670qj0nj5n3m7lwbfds180000gn/T//discord-ipc-0"
[10:48:14] [CraftPresence/INFO]: [DEBUG] Searching for IPC Pipe: "/var/folders/9j/55k670qj0nj5n3m7lwbfds180000gn/T//discord-ipc-1"
[10:48:14] [CraftPresence/INFO]: [DEBUG] Unable to locate IPC Pipe: "/var/folders/9j/55k670qj0nj5n3m7lwbfds180000gn/T//discord-ipc-1"
[10:48:14] [CraftPresence/INFO]: [DEBUG] Searching for IPC Pipe: "/var/folders/9j/55k670qj0nj5n3m7lwbfds180000gn/T//discord-ipc-2"
[10:48:14] [CraftPresence/INFO]: [DEBUG] Unable to locate IPC Pipe: "/var/folders/9j/55k670qj0nj5n3m7lwbfds180000gn/T//discord-ipc-2"
[10:48:14] [CraftPresence/INFO]: [DEBUG] Searching for IPC Pipe: "/var/folders/9j/55k670qj0nj5n3m7lwbfds180000gn/T//discord-ipc-3"
[10:48:14] [CraftPresence/INFO]: [DEBUG] Unable to locate IPC Pipe: "/var/folders/9j/55k670qj0nj5n3m7lwbfds180000gn/T//discord-ipc-3"
[10:48:14] [CraftPresence/INFO]: [DEBUG] Searching for IPC Pipe: "/var/folders/9j/55k670qj0nj5n3m7lwbfds180000gn/T//discord-ipc-4"
[10:48:14] [CraftPresence/INFO]: [DEBUG] Unable to locate IPC Pipe: "/var/folders/9j/55k670qj0nj5n3m7lwbfds180000gn/T//discord-ipc-4"
[10:48:14] [CraftPresence/INFO]: [DEBUG] Searching for IPC Pipe: "/var/folders/9j/55k670qj0nj5n3m7lwbfds180000gn/T//discord-ipc-5"
[10:48:14] [CraftPresence/INFO]: [DEBUG] Unable to locate IPC Pipe: "/var/folders/9j/55k670qj0nj5n3m7lwbfds180000gn/T//discord-ipc-5"
[10:48:14] [CraftPresence/INFO]: [DEBUG] Searching for IPC Pipe: "/var/folders/9j/55k670qj0nj5n3m7lwbfds180000gn/T//discord-ipc-6"
[10:48:14] [CraftPresence/INFO]: [DEBUG] Unable to locate IPC Pipe: "/var/folders/9j/55k670qj0nj5n3m7lwbfds180000gn/T//discord-ipc-6"
[10:48:14] [CraftPresence/INFO]: [DEBUG] Searching for IPC Pipe: "/var/folders/9j/55k670qj0nj5n3m7lwbfds180000gn/T//discord-ipc-7"
[10:48:14] [CraftPresence/INFO]: [DEBUG] Unable to locate IPC Pipe: "/var/folders/9j/55k670qj0nj5n3m7lwbfds180000gn/T//discord-ipc-7"
[10:48:14] [CraftPresence/INFO]: [DEBUG] Searching for IPC Pipe: "/var/folders/9j/55k670qj0nj5n3m7lwbfds180000gn/T//discord-ipc-8"
[10:48:14] [CraftPresence/INFO]: [DEBUG] Unable to locate IPC Pipe: "/var/folders/9j/55k670qj0nj5n3m7lwbfds180000gn/T//discord-ipc-8"
[10:48:14] [CraftPresence/INFO]: [DEBUG] Searching for IPC Pipe: "/var/folders/9j/55k670qj0nj5n3m7lwbfds180000gn/T//discord-ipc-9"
[10:48:14] [CraftPresence/INFO]: [DEBUG] Unable to locate IPC Pipe: "/var/folders/9j/55k670qj0nj5n3m7lwbfds180000gn/T//discord-ipc-9"
[10:48:14] [CraftPresence/INFO]: Attempting to connect to Discord (2/10)...
[10:48:14] [CraftPresence/INFO]: [DEBUG] Attempting connection in: 1261ms
[10:48:14] [modloading-worker-0/INFO]: Found Quark module class vazkii.quark.content.world.module.SpiralSpiresModule
[10:48:15] [modloading-worker-0/INFO]: Found Quark module class vazkii.quark.content.world.module.AncientWoodModule
[10:48:15] [modloading-worker-0/INFO]: Found Quark module class vazkii.quark.content.world.module.NewStoneTypesModule
[10:48:15] [modloading-worker-0/INFO]: Found Quark module class vazkii.quark.content.world.module.BlossomTreesModule
[10:48:15] [modloading-worker-0/INFO]: Constructing client components for mod bettertridents
[10:48:15] [modloading-worker-0/INFO]: Found Quark module class vazkii.quark.content.world.module.GlimmeringWealdModule
[10:48:15] [modloading-worker-0/INFO]: Constructing common components for mod bettertridents
[10:48:15] [modloading-worker-0/INFO]: Found Quark module class vazkii.quark.content.world.module.MonsterBoxModule
[10:48:15] [modloading-worker-0/INFO]: Found Quark module class vazkii.quark.content.world.module.AzaleaWoodModule
[10:48:15] [modloading-worker-0/INFO]: Found Quark module class vazkii.quark.content.world.module.NoMoreLavaPocketsModule
[10:48:15] [modloading-worker-0/INFO]: Found Quark module class vazkii.quark.content.world.module.CorundumModule
[10:48:15] [modloading-worker-0/INFO]: Found Quark module class vazkii.quark.content.world.module.ChorusVegetationModule
[10:48:15] [modloading-worker-0/INFO]: Found Quark module class vazkii.quark.content.client.module.CameraModule
[10:48:15] [modloading-worker-0/INFO]: Found Quark module class vazkii.quark.content.client.module.ElytraIndicatorModule
[10:48:15] [modloading-worker-0/INFO]: Found Quark module class vazkii.quark.content.client.module.ImprovedTooltipsModule
[10:48:15] [modloading-worker-0/INFO]: Found Quark module class vazkii.quark.content.client.module.GreenerGrassModule
[10:48:15] [modloading-worker-0/INFO]: [BetterF3] Starting...
[10:48:15] [modloading-worker-0/INFO]: [BetterF3] Loading...
[10:48:15] [modloading-worker-0/INFO]: Found Quark module class vazkii.quark.content.client.module.BucketsShowInhabitantsModule
[10:48:15] [modloading-worker-0/INFO]: Found Quark module class vazkii.quark.content.client.module.SoulCandlesModule
[10:48:15] [modloading-worker-0/INFO]: Found Quark module class vazkii.quark.content.client.module.AutoWalkKeybindModule
[10:48:15] [modloading-worker-0/INFO]: Found Quark module class vazkii.quark.content.client.module.VariantAnimalTexturesModule
[10:48:15] [modloading-worker-0/INFO]: Found Quark module class vazkii.quark.content.client.module.MicrocraftingHelperModule
[10:48:15] [modloading-worker-0/INFO]: Found Quark module class vazkii.quark.content.client.module.UsesForCursesModule
[10:48:15] [modloading-worker-0/INFO]: Found Quark module class vazkii.quark.content.client.module.WoolShutsUpMinecartsModule
[10:48:15] [modloading-worker-0/INFO]: Found Quark module class vazkii.quark.content.client.module.BackButtonKeybindModule
[10:48:15] [modloading-worker-0/INFO]: Found Quark module class vazkii.quark.content.client.module.ChestSearchingModule
[10:48:15] [modloading-worker-0/INFO]: Found Quark module class vazkii.quark.content.client.module.LongRangePickBlockModule
[10:48:15] [modloading-worker-0/INFO]: Found Quark module class vazkii.quark.content.client.module.UsageTickerModule
[10:48:15] [modloading-worker-0/INFO]: Found Quark module class vazkii.quark.content.automation.module.PistonsMoveTileEntitiesModule
[10:48:15] [modloading-worker-0/INFO]: Found Quark module class vazkii.quark.content.automation.module.EnderWatcherModule
[10:48:15] [modloading-worker-0/INFO]: [BetterF3] All done!
[10:48:15] [modloading-worker-0/INFO]: Found Quark module class vazkii.quark.content.automation.module.RedstoneRandomizerModule
[10:48:15] [modloading-worker-0/INFO]: Found Quark module class vazkii.quark.content.automation.module.FeedingTroughModule
[10:48:15] [modloading-worker-0/INFO]: Found Quark module class vazkii.quark.content.automation.module.MetalButtonsModule
[10:48:15] [modloading-worker-0/INFO]: Found Quark module class vazkii.quark.content.automation.module.IronRodModule
[10:48:15] [modloading-worker-0/INFO]: Found Quark module class vazkii.quark.content.automation.module.ObsidianPlateModule
[10:48:15] [modloading-worker-0/INFO]: Found Quark module class vazkii.quark.content.automation.module.ChainsConnectBlocksModule
[10:48:15] [modloading-worker-0/INFO]: Found Quark module class vazkii.quark.content.automation.module.GravisandModule
[10:48:15] [modloading-worker-0/INFO]: Found Quark module class vazkii.quark.content.automation.module.JukeboxAutomationModule
[10:48:15] [modloading-worker-0/INFO]: Found Quark module class vazkii.quark.content.automation.module.DispensersPlaceBlocksModule
[10:48:15] [modloading-worker-0/INFO]: Found Quark module class vazkii.quark.content.automation.module.ChuteModule
[10:48:15] [modloading-worker-0/INFO]: Found Quark module class vazkii.quark.content.management.module.QuickArmorSwappingModule
[10:48:15] [modloading-worker-0/INFO]: Found Quark module class vazkii.quark.content.management.module.ItemSharingModule
[10:48:15] [modloading-worker-0/INFO]: Found Quark module class vazkii.quark.content.management.module.AutomaticToolRestockModule
[10:48:15] [modloading-worker-0/INFO]: Found Quark module class vazkii.quark.content.management.module.ExpandedItemInteractionsModule
[10:48:15] [modloading-worker-0/INFO]: Found Quark module class vazkii.quark.content.management.module.InventorySortingModule
[10:48:15] [modloading-worker-0/INFO]: Found Quark module class vazkii.quark.content.management.module.HotbarChangerModule
[10:48:15] [modloading-worker-0/INFO]: Found Quark module class vazkii.quark.content.management.module.EasyTransferingModule
[10:48:15] [modloading-worker-0/INFO]: Found Quark module class vazkii.quark.content.tweaks.module.GoldToolsHaveFortuneModule
[10:48:15] [modloading-worker-0/INFO]: Found Quark module class vazkii.quark.content.tweaks.module.AutomaticRecipeUnlockModule
[10:48:15] [modloading-worker-0/INFO]: Found Quark module class vazkii.quark.content.tweaks.module.UtilityRecipesModule
[10:48:15] [modloading-worker-0/INFO]: Found Quark module class vazkii.quark.content.tweaks.module.PoisonPotatoUsageModule
[10:48:15] [modloading-worker-0/INFO]: Found Quark module class vazkii.quark.content.tweaks.module.BetterElytraRocketModule
[10:48:15] [modloading-worker-0/INFO]: Found Quark module class vazkii.quark.content.tweaks.module.RenewableSporeBlossomsModule
[10:48:15] [modloading-worker-0/INFO]: Found Quark module class vazkii.quark.content.tweaks.module.CoralOnCactusModule
[10:48:15] [modloading-worker-0/INFO]: Found Quark module class vazkii.quark.content.tweaks.module.GlassShardModule
[10:48:15] [modloading-worker-0/INFO]: Found Quark module class vazkii.quark.content.tweaks.module.PigLittersModule
[10:48:15] [modloading-worker-0/INFO]: Found Quark module class vazkii.quark.content.tweaks.module.CampfiresBoostElytraModule
[10:48:15] [modloading-worker-0/INFO]: Found Quark module class vazkii.quark.content.tweaks.module.DyeableItemFramesModule
[10:48:15] [modloading-worker-0/INFO]: Found Quark module class vazkii.quark.content.tweaks.module.SlabsToBlocksModule
[10:48:15] [modloading-worker-0/INFO]: Found Quark module class vazkii.quark.content.tweaks.module.MapWashingModule
[10:48:15] [modloading-worker-0/INFO]: Found Quark module class vazkii.quark.content.tweaks.module.EnhancedLaddersModule
[10:48:15] [modloading-worker-0/INFO]: Found Quark module class vazkii.quark.content.tweaks.module.ReacharoundPlacingModule
[10:48:15] [modloading-worker-0/INFO]: Found Quark module class vazkii.quark.content.tweaks.module.HorsesSwimModule
[10:48:15] [modloading-worker-0/INFO]: Found Quark module class vazkii.quark.content.tweaks.module.SpongeOnWaterPlacementModule
[10:48:15] [modloading-worker-0/INFO]: Found Quark module class vazkii.quark.content.tweaks.module.ArmedArmorStandsModule
[10:48:15] [modloading-worker-0/INFO]: Found Quark module class vazkii.quark.content.tweaks.module.DoubleDoorOpeningModule
[10:48:15] [modloading-worker-0/INFO]: Found Quark module class vazkii.quark.content.tweaks.module.ZombieVillagersOnNormalModule
[10:48:15] [modloading-worker-0/INFO]: Found Quark module class vazkii.quark.content.tweaks.module.HoeHarvestingModule
[10:48:15] [modloading-worker-0/INFO]: Found Quark module class vazkii.quark.content.tweaks.module.EmotesModule
[10:48:15] [modloading-worker-0/INFO]: Found Quark module class vazkii.quark.content.tweaks.module.SlimesToMagmaCubesModule
[10:48:15] [modloading-worker-0/INFO]: Found Quark module class vazkii.quark.content.tweaks.module.SnowGolemPlayerHeadsModule
[10:48:15] [modloading-worker-0/INFO]: Found Quark module class vazkii.quark.content.tweaks.module.VexesDieWithTheirMastersModule
[10:48:15] [modloading-worker-0/INFO]: Found Quark module class vazkii.quark.content.tweaks.module.MoreNoteBlockSoundsModule
[10:48:15] [modloading-worker-0/INFO]: Found Quark module class vazkii.quark.content.tweaks.module.PatTheDogsModule
[10:48:15] [modloading-worker-0/INFO]: Found Quark module class vazkii.quark.content.tweaks.module.GrabChickensModule
[10:48:15] [modloading-worker-0/INFO]: Found Quark module class vazkii.quark.content.tweaks.module.MoreBannerLayersModule
[10:48:15] [modloading-worker-0/INFO]: Found Quark module class vazkii.quark.content.tweaks.module.ReplaceScaffoldingModule
[10:48:15] [modloading-worker-0/INFO]: Found Quark module class vazkii.quark.content.tweaks.module.DiamondRepairModule
[10:48:15] [modloading-worker-0/INFO]: Found Quark module class vazkii.quark.content.tweaks.module.SaferCreaturesModule
[10:48:15] [modloading-worker-0/INFO]: Found Quark module class vazkii.quark.content.tweaks.module.LockRotationModule
[10:48:15] [modloading-worker-0/INFO]: Found Quark module class vazkii.quark.content.tweaks.module.VillagersFollowEmeraldsModule
[10:48:15] [modloading-worker-0/INFO]: Found Quark module class vazkii.quark.content.tweaks.module.CompassesWorkEverywhereModule
[10:48:15] [modloading-worker-0/INFO]: Found Quark module class vazkii.quark.content.tweaks.module.NoDurabilityOnCosmeticsModule
[10:48:15] [modloading-worker-0/INFO]: Found Quark module class vazkii.quark.content.tweaks.module.SpongesBetterModule
[10:48:15] [modloading-worker-0/INFO]: Found Quark module class vazkii.quark.content.tweaks.module.SignEditingModule
[10:48:15] [modloading-worker-0/INFO]: Found Quark module class vazkii.quark.content.tweaks.module.SimpleHarvestModule
[10:48:15] [modloading-worker-0/INFO]: Found Quark module class vazkii.quark.content.tweaks.module.DragonScalesModule
[10:48:15] [modloading-worker-0/INFO]: Found Quark module class vazkii.quark.content.tweaks.module.ShulkerPackingModule
[10:48:15] [modloading-worker-0/INFO]: Found Quark module class vazkii.quark.content.mobs.module.FoxhoundModule
[10:48:15] [modloading-worker-0/INFO]: Found Quark module class vazkii.quark.content.mobs.module.WraithModule
[10:48:15] [modloading-worker-0/INFO]: Found Quark module class vazkii.quark.content.mobs.module.CrabsModule
[10:48:15] [modloading-worker-0/INFO]: Found Quark module class vazkii.quark.content.mobs.module.ForgottenModule
[10:48:15] [modloading-worker-0/INFO]: Found Quark module class vazkii.quark.content.mobs.module.ShibaModule
[10:48:15] [modloading-worker-0/INFO]: Found Quark module class vazkii.quark.content.mobs.module.StonelingsModule
[10:48:15] [modloading-worker-0/INFO]: Found Quark module class vazkii.quark.content.mobs.module.ToretoiseModule
[10:48:15] [modloading-worker-0/INFO]: Found Quark module class vazkii.quark.content.tools.module.BeaconRedirectionModule
[10:48:15] [modloading-worker-0/INFO]: Found Quark module class vazkii.quark.content.tools.module.AmbientDiscsModule
[10:48:15] [modloading-worker-0/INFO]: Found Quark module class vazkii.quark.content.tools.module.PathfinderMapsModule
[10:48:15] [modloading-worker-0/INFO]: Found Quark module class vazkii.quark.content.tools.module.ColorRunesModule
[10:48:15] [modloading-worker-0/INFO]: Found Quark module class vazkii.quark.content.tools.module.PickarangModule
[10:48:15] [modloading-worker-0/INFO]: Found Quark module class vazkii.quark.content.tools.module.ParrotEggsModule
[10:48:15] [modloading-worker-0/INFO]: Found Quark module class vazkii.quark.content.tools.module.TrowelModule
[10:48:15] [modloading-worker-0/INFO]: Found Quark module class vazkii.quark.content.tools.module.AbacusModule
[10:48:15] [modloading-worker-0/INFO]: Found Quark module class vazkii.quark.content.tools.module.BottledCloudModule
[10:48:15] [modloading-worker-0/INFO]: Found Quark module class vazkii.quark.content.tools.module.TorchArrowModule
[10:48:15] [modloading-worker-0/INFO]: Found Quark module class vazkii.quark.content.tools.module.BundleRecipeModule
[10:48:15] [modloading-worker-0/INFO]: Found Quark module class vazkii.quark.content.tools.module.AncientTomesModule
[10:48:15] [modloading-worker-0/INFO]: Found Quark module class vazkii.quark.content.tools.module.EndermoshMusicDiscModule
[10:48:15] [modloading-worker-0/INFO]: Found Quark module class vazkii.quark.content.tools.module.SeedPouchModule
[10:48:15] [modloading-worker-0/INFO]: Found Quark module class vazkii.quark.content.tools.module.SkullPikesModule
[10:48:15] [modloading-worker-0/INFO]: Found Quark module class vazkii.quark.content.tools.module.SlimeInABucketModule
[10:48:15] [modloading-worker-0/INFO]: Found Quark module class vazkii.quark.addons.oddities.module.PipesModule
[10:48:15] [modloading-worker-0/INFO]: Found Quark module class vazkii.quark.addons.oddities.module.BackpackModule
[10:48:16] [modloading-worker-0/INFO]: Found Quark module class vazkii.quark.addons.oddities.module.TinyPotatoModule
[10:48:16] [modloading-worker-0/INFO]: Mixing common.MixinServerStatus from nochatreports.mixins.json into net.minecraft.network.protocol.status.ServerStatus
[10:48:16] [modloading-worker-0/INFO]: Found Quark module class vazkii.quark.addons.oddities.module.MatrixEnchantingModule
[10:48:16] [modloading-worker-0/INFO]: Found Quark module class vazkii.quark.addons.oddities.module.TotemOfHoldingModule
[10:48:16] [modloading-worker-0/INFO]: Found Quark module class vazkii.quark.addons.oddities.module.CrateModule
[10:48:16] [modloading-worker-0/INFO]: Found Quark module class vazkii.quark.addons.oddities.module.MagnetsModule
[10:48:16] [modloading-worker-0/INFO]: Dispatching Module Step CONSTRUCT
[10:48:16] [CraftPresence/INFO]: [DEBUG] Searching for IPC Pipe: "/var/folders/9j/55k670qj0nj5n3m7lwbfds180000gn/T//discord-ipc-0"
[10:48:16] [CraftPresence/INFO]: [DEBUG] Unable to locate IPC Pipe: "/var/folders/9j/55k670qj0nj5n3m7lwbfds180000gn/T//discord-ipc-0"
[10:48:16] [CraftPresence/INFO]: [DEBUG] Searching for IPC Pipe: "/var/folders/9j/55k670qj0nj5n3m7lwbfds180000gn/T//discord-ipc-1"
[10:48:16] [CraftPresence/INFO]: [DEBUG] Unable to locate IPC Pipe: "/var/folders/9j/55k670qj0nj5n3m7lwbfds180000gn/T//discord-ipc-1"
[10:48:16] [CraftPresence/INFO]: [DEBUG] Searching for IPC Pipe: "/var/folders/9j/55k670qj0nj5n3m7lwbfds180000gn/T//discord-ipc-2"
[10:48:16] [CraftPresence/INFO]: [DEBUG] Unable to locate IPC Pipe: "/var/folders/9j/55k670qj0nj5n3m7lwbfds180000gn/T//discord-ipc-2"
[10:48:16] [CraftPresence/INFO]: [DEBUG] Searching for IPC Pipe: "/var/folders/9j/55k670qj0nj5n3m7lwbfds180000gn/T//discord-ipc-3"
[10:48:16] [CraftPresence/INFO]: [DEBUG] Unable to locate IPC Pipe: "/var/folders/9j/55k670qj0nj5n3m7lwbfds180000gn/T//discord-ipc-3"
[10:48:16] [CraftPresence/INFO]: [DEBUG] Searching for IPC Pipe: "/var/folders/9j/55k670qj0nj5n3m7lwbfds180000gn/T//discord-ipc-4"
[10:48:16] [CraftPresence/INFO]: [DEBUG] Unable to locate IPC Pipe: "/var/folders/9j/55k670qj0nj5n3m7lwbfds180000gn/T//discord-ipc-4"
[10:48:16] [CraftPresence/INFO]: [DEBUG] Searching for IPC Pipe: "/var/folders/9j/55k670qj0nj5n3m7lwbfds180000gn/T//discord-ipc-5"
[10:48:16] [CraftPresence/INFO]: [DEBUG] Unable to locate IPC Pipe: "/var/folders/9j/55k670qj0nj5n3m7lwbfds180000gn/T//discord-ipc-5"
[10:48:16] [CraftPresence/INFO]: [DEBUG] Searching for IPC Pipe: "/var/folders/9j/55k670qj0nj5n3m7lwbfds180000gn/T//discord-ipc-6"
[10:48:16] [CraftPresence/INFO]: [DEBUG] Unable to locate IPC Pipe: "/var/folders/9j/55k670qj0nj5n3m7lwbfds180000gn/T//discord-ipc-6"
[10:48:16] [CraftPresence/INFO]: [DEBUG] Searching for IPC Pipe: "/var/folders/9j/55k670qj0nj5n3m7lwbfds180000gn/T//discord-ipc-7"
[10:48:16] [CraftPresence/INFO]: [DEBUG] Unable to locate IPC Pipe: "/var/folders/9j/55k670qj0nj5n3m7lwbfds180000gn/T//discord-ipc-7"
[10:48:16] [CraftPresence/INFO]: [DEBUG] Searching for IPC Pipe: "/var/folders/9j/55k670qj0nj5n3m7lwbfds180000gn/T//discord-ipc-8"
[10:48:16] [CraftPresence/INFO]: [DEBUG] Unable to locate IPC Pipe: "/var/folders/9j/55k670qj0nj5n3m7lwbfds180000gn/T//discord-ipc-8"
[10:48:16] [CraftPresence/INFO]: [DEBUG] Searching for IPC Pipe: "/var/folders/9j/55k670qj0nj5n3m7lwbfds180000gn/T//discord-ipc-9"
[10:48:16] [CraftPresence/INFO]: [DEBUG] Unable to locate IPC Pipe: "/var/folders/9j/55k670qj0nj5n3m7lwbfds180000gn/T//discord-ipc-9"
[10:48:16] [CraftPresence/INFO]: Attempting to connect to Discord (3/10)...
[10:48:16] [CraftPresence/INFO]: [DEBUG] Attempting connection in: 2126ms
[10:48:16] [modloading-worker-0/INFO]: Loading Module Pistons Move Tile Entities
[10:48:16] [modloading-worker-0/INFO]: Loading Module Ender Watcher
[10:48:16] [modloading-worker-0/INFO]: Loading Module Redstone Randomizer
[10:48:16] [modloading-worker-0/INFO]: Loading Module Feeding Trough
[10:48:16] [modloading-worker-0/INFO]: Loading Module Metal Buttons
[10:48:16] [modloading-worker-0/INFO]: Loading Module Iron Rod
[10:48:16] [modloading-worker-0/INFO]: Loading Module Obsidian Plate
[10:48:16] [modloading-worker-0/INFO]: Loading Module Chains Connect Blocks
[10:48:16] [modloading-worker-0/INFO]: Loading Module Gravisand
[10:48:16] [modloading-worker-0/INFO]: Loading Module Jukebox Automation
[10:48:16] [modloading-worker-0/INFO]: Loading Module Dispensers Place Blocks
[10:48:16] [modloading-worker-0/INFO]: Loading Module Chute
[10:48:16] [modloading-worker-0/INFO]: Loading Module Variant Ladders
[10:48:16] [modloading-worker-0/INFO]: Loading Module Variant Bookshelves
[10:48:16] [modloading-worker-0/INFO]: Loading Module Bamboo Backport
[10:48:16] [modloading-worker-0/INFO]: Loading Module Compressed Blocks
[10:48:16] [modloading-worker-0/INFO]: Loading Module More Potted Plants
[10:48:16] [modloading-worker-0/INFO]: Loading Module Duskbound Blocks
[10:48:16] [modloading-worker-0/INFO]: Loading Module Wooden Posts
[10:48:16] [modloading-worker-0/INFO]: Loading Module Thatch
[10:48:16] [modloading-worker-0/INFO]: Loading Module More Stone Variants
[10:48:16] [modloading-worker-0/INFO]: Loading Module Shear Vines
[10:48:16] [modloading-worker-0/INFO]: Loading Module Nether Brick Fence Gate
[10:48:16] [modloading-worker-0/INFO]: Loading Module Gold Bars
[10:48:16] [modloading-worker-0/INFO]: Loading Module Rope
[10:48:16] [modloading-worker-0/INFO]: Loading Module Celebratory Lamps
[10:48:16] [modloading-worker-0/INFO]: Loading Module Soul Sandstone
[10:48:16] [modloading-worker-0/INFO]: Loading Module Variant Chests
[10:48:16] [modloading-worker-0/INFO]: Loading Module Leaf Carpet
[10:48:16] [modloading-worker-0/INFO]: Loading Module Framed Glass
[10:48:16] [modloading-worker-0/INFO]: Loading Module Vertical Planks
[10:48:16] [modloading-worker-0/INFO]: Loading Module Variant Furnaces
[10:48:16] [modloading-worker-0/INFO]: Loading Module Hedges
[10:48:16] [modloading-worker-0/INFO]: Loading Module Hollow Logs
[10:48:16] [modloading-worker-0/INFO]: Loading Module Midori
[10:48:16] [modloading-worker-0/INFO]: Loading Module Rainbow Lamps
[10:48:16] [modloading-worker-0/INFO]: Loading Module Vertical Slabs
[10:48:16] [modloading-worker-0/INFO]: Loading Module Shingles
[10:48:16] [modloading-worker-0/INFO]: Loading Module Sturdy Stone
[10:48:16] [modloading-worker-0/INFO]: Loading Module Stools
[10:48:16] [modloading-worker-0/INFO]: Loading Module Raw Metal Bricks
[10:48:16] [modloading-worker-0/INFO]: Loading Module More Mud Blocks
[10:48:16] [modloading-worker-0/INFO]: Loading Module Grate
[10:48:16] [modloading-worker-0/INFO]: Loading Module Japanese Palette
[10:48:16] [modloading-worker-0/INFO]: Loading Module More Brick Types
[10:48:16] [modloading-worker-0/INFO]: Loading Module Glass Item Frame
[10:48:16] [modloading-worker-0/INFO]: Loading Module Industrial Palette
[10:48:16] [modloading-worker-0/INFO]: Loading Module Quick Armor Swapping
[10:48:16] [modloading-worker-0/INFO]: Loading Module Item Sharing
[10:48:16] [modloading-worker-0/INFO]: Loading Module Automatic Tool Restock
[10:48:16] [modloading-worker-0/INFO]: Loading Module Expanded Item Interactions
[10:48:16] [modloading-worker-0/INFO]: Loading Module Inventory Sorting
[10:48:16] [modloading-worker-0/INFO]: Loading Module Hotbar Changer
[10:48:16] [modloading-worker-0/INFO]: Loading Module Easy Transfering
[10:48:16] [modloading-worker-0/INFO]: Loading Module Beacon Redirection
[10:48:16] [modloading-worker-0/INFO]: Loading Module Ambient Discs
[10:48:16] [modloading-worker-0/INFO]: Loading Module Pathfinder Maps
[10:48:16] [modloading-worker-0/INFO]: Loading Module Color Runes
[10:48:16] [modloading-worker-0/INFO]: Loading Module Pickarang
[10:48:16] [modloading-worker-0/INFO]: Loading Module Parrot Eggs
[10:48:16] [modloading-worker-0/INFO]: Loading Module Trowel
[10:48:16] [modloading-worker-0/INFO]: Loading Module Abacus
[10:48:16] [modloading-worker-0/INFO]: Loading Module Bottled Cloud
[10:48:16] [modloading-worker-0/INFO]: Loading Module Torch Arrow
[10:48:16] [modloading-worker-0/INFO]: Loading Module Bundle Recipe
[10:48:16] [modloading-worker-0/INFO]: Loading Module Ancient Tomes
[10:48:16] [modloading-worker-0/INFO]: Loading Module Endermosh Music Disc
[10:48:16] [modloading-worker-0/INFO]: Loading Module Seed Pouch
[10:48:16] [modloading-worker-0/INFO]: Loading Module Skull Pikes
[10:48:16] [modloading-worker-0/INFO]: Loading Module Slime In A Bucket
[10:48:16] [modloading-worker-0/INFO]: Loading Module Gold Tools Have Fortune
[10:48:16] [modloading-worker-0/INFO]: Loading Module Automatic Recipe Unlock
[10:48:16] [modloading-worker-0/INFO]: Loading Module Utility Recipes
[10:48:16] [modloading-worker-0/INFO]: Loading Module Poison Potato Usage
[10:48:16] [modloading-worker-0/INFO]: Loading Module Better Elytra Rocket
[10:48:16] [modloading-worker-0/INFO]: Loading Module Renewable Spore Blossoms
[10:48:16] [modloading-worker-0/INFO]: Loading Module Coral On Cactus
[10:48:16] [modloading-worker-0/INFO]: Loading Module Glass Shard
[10:48:16] [modloading-worker-0/INFO]: Loading Module Pig Litters
[10:48:16] [modloading-worker-0/INFO]: Loading Module Campfires Boost Elytra
[10:48:16] [modloading-worker-0/INFO]: Loading Module Dyeable Item Frames
[10:48:16] [modloading-worker-0/INFO]: Loading Module Slabs To Blocks
[10:48:16] [modloading-worker-0/INFO]: Loading Module Map Washing
[10:48:16] [modloading-worker-0/INFO]: Loading Module Enhanced Ladders
[10:48:16] [modloading-worker-0/INFO]: Loading Module Reacharound Placing
[10:48:16] [modloading-worker-0/INFO]: Loading Module Horses Swim
[10:48:16] [modloading-worker-0/INFO]: Loading Module Sponge On Water Placement
[10:48:16] [modloading-worker-0/INFO]: Loading Module Armed Armor Stands
[10:48:16] [modloading-worker-0/INFO]: Loading Module Double Door Opening
[10:48:16] [modloading-worker-0/INFO]: Loading Module Zombie Villagers On Normal
[10:48:16] [modloading-worker-0/INFO]: Loading Module Hoe Harvesting
[10:48:16] [modloading-worker-0/INFO]: Loading Module Emotes
[10:48:16] [modloading-worker-0/INFO]: Loading Module Slimes To Magma Cubes
[10:48:16] [modloading-worker-0/INFO]: Loading Module Snow Golem Player Heads
[10:48:16] [modloading-worker-0/INFO]: Loading Module Vexes Die With Their Masters
[10:48:16] [modloading-worker-0/INFO]: Loading Module More Note Block Sounds
[10:48:16] [modloading-worker-0/INFO]: Loading Module Pat The Dogs
[10:48:16] [modloading-worker-0/INFO]: Loading Module Grab Chickens
[10:48:16] [modloading-worker-0/INFO]: Loading Module More Banner Layers
[10:48:16] [modloading-worker-0/INFO]: Loading Module Replace Scaffolding
[10:48:16] [modloading-worker-0/INFO]: Loading Module Diamond Repair
[10:48:16] [modloading-worker-0/INFO]: Loading Module Safer Creatures
[10:48:16] [modloading-worker-0/INFO]: Loading Module Lock Rotation
[10:48:16] [modloading-worker-0/INFO]: Loading Module Villagers Follow Emeralds
[10:48:16] [modloading-worker-0/INFO]: Loading Module Compasses Work Everywhere
[10:48:16] [modloading-worker-0/INFO]: Loading Module No Durability On Cosmetics
[10:48:16] [modloading-worker-0/INFO]: Loading Module Sponges Better
[10:48:16] [modloading-worker-0/INFO]: Loading Module Sign Editing
[10:48:16] [modloading-worker-0/INFO]: Loading Module Simple Harvest
[10:48:16] [modloading-worker-0/INFO]: Loading Module Dragon Scales
[10:48:16] [modloading-worker-0/INFO]: Loading Module Shulker Packing
[10:48:16] [modloading-worker-0/INFO]: Loading Module Nether Obsidian Spikes
[10:48:16] [modloading-worker-0/INFO]: Loading Module Permafrost
[10:48:16] [modloading-worker-0/INFO]: Loading Module Fairy Rings
[10:48:16] [modloading-worker-0/INFO]: Loading Module Big Stone Clusters
[10:48:16] [modloading-worker-0/INFO]: Loading Module Spiral Spires
[10:48:16] [modloading-worker-0/INFO]: Loading Module Ancient Wood
[10:48:16] [modloading-worker-0/INFO]: Loading Module New Stone Types
[10:48:16] [modloading-worker-0/INFO]: Loading Module Blossom Trees
[10:48:16] [modloading-worker-0/INFO]: Loading Module Glimmering Weald
[10:48:16] [modloading-worker-0/INFO]: Loading Module Monster Box
[10:48:16] [modloading-worker-0/INFO]: Loading Module Azalea Wood
[10:48:16] [modloading-worker-0/INFO]: Loading Module No More Lava Pockets
[10:48:16] [modloading-worker-0/INFO]: Loading Module Corundum
[10:48:16] [modloading-worker-0/INFO]: Loading Module Chorus Vegetation
[10:48:16] [modloading-worker-0/INFO]: Loading Module Foxhound
[10:48:16] [modloading-worker-0/INFO]: Loading Module Wraith
[10:48:16] [modloading-worker-0/INFO]: Loading Module Crabs
[10:48:16] [modloading-worker-0/INFO]: Loading Module Forgotten
[10:48:16] [modloading-worker-0/INFO]: Loading Module Shiba
[10:48:16] [modloading-worker-0/INFO]: Loading Module Stonelings
[10:48:16] [modloading-worker-0/INFO]: Loading Module Toretoise
[10:48:16] [modloading-worker-0/INFO]: Loading Module Camera
[10:48:16] [modloading-worker-0/INFO]: Loading Module Elytra Indicator
[10:48:16] [modloading-worker-0/INFO]: Loading Module Improved Tooltips
[10:48:16] [modloading-worker-0/INFO]: Loading Module Greener Grass
[10:48:16] [modloading-worker-0/INFO]: Loading Module Buckets Show Inhabitants
[10:48:16] [modloading-worker-0/INFO]: Loading Module Soul Candles
[10:48:16] [modloading-worker-0/INFO]: Loading Module Auto Walk Keybind
[10:48:16] [modloading-worker-0/INFO]: Loading Module Variant Animal Textures
[10:48:16] [modloading-worker-0/INFO]: Loading Module Microcrafting Helper
[10:48:16] [modloading-worker-0/INFO]: Loading Module Uses For Curses
[10:48:16] [modloading-worker-0/INFO]: Loading Module Wool Shuts Up Minecarts
[10:48:16] [modloading-worker-0/INFO]: Loading Module Back Button Keybind
[10:48:16] [modloading-worker-0/INFO]: Loading Module Chest Searching
[10:48:16] [modloading-worker-0/INFO]: Loading Module Long Range Pick Block
[10:48:16] [modloading-worker-0/INFO]: Loading Module Usage Ticker
[10:48:16] [modloading-worker-0/INFO]: Loading Module Variant Selector
[10:48:16] [modloading-worker-0/INFO]: Loading Module Narrator Readout
[10:48:16] [modloading-worker-0/INFO]: Loading Module Climate Control Remover
[10:48:16] [modloading-worker-0/INFO]: Loading Module Enchantments Begone
[10:48:16] [modloading-worker-0/INFO]: Loading Module Game Nerfs
[10:48:16] [modloading-worker-0/INFO]: Loading Module Spawner Replacer
[10:48:16] [modloading-worker-0/INFO]: Loading Module Adjustable Chat
[10:48:16] [modloading-worker-0/INFO]: Loading Module Villager Rerolling Rework
[10:48:16] [modloading-worker-0/INFO]: Loading Module Overlay Shader
[10:48:16] [modloading-worker-0/INFO]: Loading Module Enchantment Predicates
[10:48:16] [modloading-worker-0/INFO]: Loading Module Pipes
[10:48:16] [modloading-worker-0/INFO]: Loading Module Backpack
[10:48:16] [modloading-worker-0/INFO]: Loading Module Tiny Potato
[10:48:16] [modloading-worker-0/INFO]: Loading Module Matrix Enchanting
[10:48:16] [modloading-worker-0/INFO]: Loading Module Totem Of Holding
[10:48:16] [modloading-worker-0/INFO]: Loading Module Crate
[10:48:16] [modloading-worker-0/INFO]: Loading Module Magnets
[10:48:16] [modloading-worker-0/INFO]: Dispatching Module Step CONSTRUCT_CLIENT
[10:48:16] [Render thread/INFO]: Dispatching Module Step REGISTER
[10:48:17] [Render thread/INFO]: Dispatching Module Step POST_REGISTER
[10:48:18] [CraftPresence/INFO]: [DEBUG] Searching for IPC Pipe: "/var/folders/9j/55k670qj0nj5n3m7lwbfds180000gn/T//discord-ipc-0"
[10:48:18] [CraftPresence/INFO]: [DEBUG] Unable to locate IPC Pipe: "/var/folders/9j/55k670qj0nj5n3m7lwbfds180000gn/T//discord-ipc-0"
[10:48:18] [CraftPresence/INFO]: [DEBUG] Searching for IPC Pipe: "/var/folders/9j/55k670qj0nj5n3m7lwbfds180000gn/T//discord-ipc-1"
[10:48:18] [CraftPresence/INFO]: [DEBUG] Unable to locate IPC Pipe: "/var/folders/9j/55k670qj0nj5n3m7lwbfds180000gn/T//discord-ipc-1"
[10:48:18] [CraftPresence/INFO]: [DEBUG] Searching for IPC Pipe: "/var/folders/9j/55k670qj0nj5n3m7lwbfds180000gn/T//discord-ipc-2"
[10:48:18] [CraftPresence/INFO]: [DEBUG] Unable to locate IPC Pipe: "/var/folders/9j/55k670qj0nj5n3m7lwbfds180000gn/T//discord-ipc-2"
[10:48:18] [CraftPresence/INFO]: [DEBUG] Searching for IPC Pipe: "/var/folders/9j/55k670qj0nj5n3m7lwbfds180000gn/T//discord-ipc-3"
[10:48:18] [CraftPresence/INFO]: [DEBUG] Unable to locate IPC Pipe: "/var/folders/9j/55k670qj0nj5n3m7lwbfds180000gn/T//discord-ipc-3"
[10:48:18] [CraftPresence/INFO]: [DEBUG] Searching for IPC Pipe: "/var/folders/9j/55k670qj0nj5n3m7lwbfds180000gn/T//discord-ipc-4"
[10:48:18] [CraftPresence/INFO]: [DEBUG] Unable to locate IPC Pipe: "/var/folders/9j/55k670qj0nj5n3m7lwbfds180000gn/T//discord-ipc-4"
[10:48:18] [CraftPresence/INFO]: [DEBUG] Searching for IPC Pipe: "/var/folders/9j/55k670qj0nj5n3m7lwbfds180000gn/T//discord-ipc-5"
[10:48:18] [CraftPresence/INFO]: [DEBUG] Unable to locate IPC Pipe: "/var/folders/9j/55k670qj0nj5n3m7lwbfds180000gn/T//discord-ipc-5"
[10:48:18] [CraftPresence/INFO]: [DEBUG] Searching for IPC Pipe: "/var/folders/9j/55k670qj0nj5n3m7lwbfds180000gn/T//discord-ipc-6"
[10:48:18] [CraftPresence/INFO]: [DEBUG] Unable to locate IPC Pipe: "/var/folders/9j/55k670qj0nj5n3m7lwbfds180000gn/T//discord-ipc-6"
[10:48:18] [CraftPresence/INFO]: [DEBUG] Searching for IPC Pipe: "/var/folders/9j/55k670qj0nj5n3m7lwbfds180000gn/T//discord-ipc-7"
[10:48:18] [CraftPresence/INFO]: [DEBUG] Unable to locate IPC Pipe: "/var/folders/9j/55k670qj0nj5n3m7lwbfds180000gn/T//discord-ipc-7"
[10:48:18] [CraftPresence/INFO]: [DEBUG] Searching for IPC Pipe: "/var/folders/9j/55k670qj0nj5n3m7lwbfds180000gn/T//discord-ipc-8"
[10:48:18] [CraftPresence/INFO]: [DEBUG] Unable to locate IPC Pipe: "/var/folders/9j/55k670qj0nj5n3m7lwbfds180000gn/T//discord-ipc-8"
[10:48:18] [CraftPresence/INFO]: [DEBUG] Searching for IPC Pipe: "/var/folders/9j/55k670qj0nj5n3m7lwbfds180000gn/T//discord-ipc-9"
[10:48:18] [CraftPresence/INFO]: [DEBUG] Unable to locate IPC Pipe: "/var/folders/9j/55k670qj0nj5n3m7lwbfds180000gn/T//discord-ipc-9"
[10:48:18] [CraftPresence/INFO]: Attempting to connect to Discord (4/10)...
[10:48:18] [CraftPresence/INFO]: [DEBUG] Attempting connection in: 4699ms
[10:48:19] [Render thread/INFO]: Initialized slab sets in: 6 ms
[10:48:19] [Render thread/INFO]: Initialized block sets in 23ms
[10:48:19] [Render thread/INFO]: Registering Compat Wood Blocks
[10:48:19] [Render thread/INFO]: Registering Compat Leaves Blocks
[10:48:20] [Render thread/WARN]: PathResourcePack base class instantiated with root path of mod file saturn-mc1.19.2-0.1.4.jar. This probably means a mod should be calling ResourcePackLoader.createPackForMod instead. Applying workaround.
[10:48:20] [Render thread/WARN]: PathResourcePack base class instantiated with root path of mod file YungsBetterDungeons-1.19.2-Forge-3.2.2.jar. This probably means a mod should be calling ResourcePackLoader.createPackForMod instead. Applying workaround.
[10:48:20] [Render thread/WARN]: PathResourcePack base class instantiated with root path of mod file EasyAnvils-v4.0.11-1.19.2-Forge.jar. This probably means a mod should be calling ResourcePackLoader.createPackForMod instead. Applying workaround.
[10:48:20] [Render thread/WARN]: PathResourcePack base class instantiated with root path of mod file supermartijn642configlib-1.1.8-forge-mc1.19.jar. This probably means a mod should be calling ResourcePackLoader.createPackForMod instead. Applying workaround.
[10:48:20] [Render thread/WARN]: PathResourcePack base class instantiated with root path of mod file nerb-1.19.2-0.3-FORGE.jar. This probably means a mod should be calling ResourcePackLoader.createPackForMod instead. Applying workaround.
[10:48:20] [Render thread/WARN]: PathResourcePack base class instantiated with root path of mod file Entity_Collision_FPS_Fix-forge-1.18.2-1.0.0.jar. This probably means a mod should be calling ResourcePackLoader.createPackForMod instead. Applying workaround.
[10:48:20] [Render thread/WARN]: PathResourcePack base class instantiated with root path of mod file hourglass-1.19.1-1.2.1.1.jar. This probably means a mod should be calling ResourcePackLoader.createPackForMod instead. Applying workaround.
[10:48:20] [Render thread/WARN]: PathResourcePack base class instantiated with root path of mod file create_jetpack-forge-3.4.2.jar. This probably means a mod should be calling ResourcePackLoader.createPackForMod instead. Applying workaround.
[10:48:20] [Render thread/WARN]: PathResourcePack base class instantiated with root path of mod file modernfix-forge-5.18.1+mc1.19.2.jar. This probably means a mod should be calling ResourcePackLoader.createPackForMod instead. Applying workaround.
[10:48:20] [Render thread/WARN]: PathResourcePack base class instantiated with root path of mod file netherite_horse_armor-forge-1.19-1.0.4.jar. This probably means a mod should be calling ResourcePackLoader.createPackForMod instead. Applying workaround.
[10:48:20] [Render thread/WARN]: PathResourcePack base class instantiated with root path of mod file YungsApi-1.19.2-Forge-3.8.10.jar. This probably means a mod should be calling ResourcePackLoader.createPackForMod instead. Applying workaround.
[10:48:20] [Render thread/WARN]: PathResourcePack base class instantiated with root path of mod file zume-1.1.4.jar. This probably means a mod should be calling ResourcePackLoader.createPackForMod instead. Applying workaround.
[10:48:20] [Render thread/WARN]: PathResourcePack base class instantiated with root path of mod file creeper_firework-1.19.2-1.2.0.jar. This probably means a mod should be calling ResourcePackLoader.createPackForMod instead. Applying workaround.
[10:48:20] [Render thread/WARN]: PathResourcePack base class instantiated with root path of mod file createdieselgenerators-1.19.2-1.2h.jar. This probably means a mod should be calling ResourcePackLoader.createPackForMod instead. Applying workaround.
[10:48:20] [Render thread/WARN]: PathResourcePack base class instantiated with root path of mod file clickadv-1.19.2-3.6.jar. This probably means a mod should be calling ResourcePackLoader.createPackForMod instead. Applying workaround.
[10:48:20] [Render thread/WARN]: PathResourcePack base class instantiated with root path of mod file balm-forge-1.19.2-4.6.0.jar. This probably means a mod should be calling ResourcePackLoader.createPackForMod instead. Applying workaround.
[10:48:20] [Render thread/WARN]: PathResourcePack base class instantiated with root path of mod file SnowRealMagic-1.19.2-forge-6.5.4.jar. This probably means a mod should be calling ResourcePackLoader.createPackForMod instead. Applying workaround.
[10:48:20] [Render thread/WARN]: PathResourcePack base class instantiated with root path of mod file chat_heads-0.13.18-forge-1.19.2.jar. This probably means a mod should be calling ResourcePackLoader.createPackForMod instead. Applying workaround.
[10:48:20] [Render thread/WARN]: PathResourcePack base class instantiated with root path of mod file structure_layout_optimizer-forge-1.0.10.jar. This probably means a mod should be calling ResourcePackLoader.createPackForMod instead. Applying workaround.
[10:48:20] [Render thread/WARN]: PathResourcePack base class instantiated with root path of mod file YungsBetterNetherFortresses-1.19.2-Forge-1.0.6.jar. This probably means a mod should be calling ResourcePackLoader.createPackForMod instead. Applying workaround.
[10:48:20] [Render thread/WARN]: PathResourcePack base class instantiated with root path of mod file cloth-config-8.3.134-forge.jar. This probably means a mod should be calling ResourcePackLoader.createPackForMod instead. Applying workaround.
[10:48:20] [Render thread/WARN]: PathResourcePack base class instantiated with root path of mod file crash_assistant-forge.jar. This probably means a mod should be calling ResourcePackLoader.createPackForMod instead. Applying workaround.
[10:48:20] [Render thread/WARN]: PathResourcePack base class instantiated with root path of mod file embeddium-0.3.18.1+mc1.19.2.jar. This probably means a mod should be calling ResourcePackLoader.createPackForMod instead. Applying workaround.
[10:48:20] [Render thread/WARN]: PathResourcePack base class instantiated with root path of mod file durabilitytooltip-1.1.6a-forge-mc1.19.jar. This probably means a mod should be calling ResourcePackLoader.createPackForMod instead. Applying workaround.
[10:48:20] [Render thread/WARN]: PathResourcePack base class instantiated with root path of mod file corpse-forge-1.19.2-1.0.17.jar. This probably means a mod should be calling ResourcePackLoader.createPackForMod instead. Applying workaround.
[10:48:20] [Render thread/WARN]: PathResourcePack base class instantiated with root path of mod file portalsgui-1.0.1.jar. This probably means a mod should be calling ResourcePackLoader.createPackForMod instead. Applying workaround.
[10:48:20] [Render thread/WARN]: PathResourcePack base class instantiated with root path of mod file do-a-barrel-roll-2.6.2+1.19.2-forge.jar. This probably means a mod should be calling ResourcePackLoader.createPackForMod instead. Applying workaround.
[10:48:20] [Render thread/WARN]: PathResourcePack base class instantiated with root path of mod file BlockRunner-v4.2.2-1.19.2-Forge.jar. This probably means a mod should be calling ResourcePackLoader.createPackForMod instead. Applying workaround.
[10:48:20] [Render thread/WARN]: PathResourcePack base class instantiated with root path of mod file paintable-1.0d-1.19.2.jar. This probably means a mod should be calling ResourcePackLoader.createPackForMod instead. Applying workaround.
[10:48:20] [Render thread/WARN]: PathResourcePack base class instantiated with root path of mod file aquatictorches-1.19-1.1.0.jar. This probably means a mod should be calling ResourcePackLoader.createPackForMod instead. Applying workaround.
[10:48:20] [Render thread/WARN]: PathResourcePack base class instantiated with root path of mod file supermartijn642corelib-1.1.18-forge-mc1.19.2.jar. This probably means a mod should be calling ResourcePackLoader.createPackForMod instead. Applying workaround.
[10:48:20] [Render thread/WARN]: PathResourcePack base class instantiated with root path of mod file YungsBridges-1.19.2-Forge-3.1.0.jar. This probably means a mod should be calling ResourcePackLoader.createPackForMod instead. Applying workaround.
[10:48:20] [Render thread/WARN]: PathResourcePack base class instantiated with root path of mod file Highlighter-1.19.1-1.1.4.jar. This probably means a mod should be calling ResourcePackLoader.createPackForMod instead. Applying workaround.
[10:48:20] [Render thread/WARN]: PathResourcePack base class instantiated with root path of mod file curiouslanterns-1.19.2-1.3.7.jar. This probably means a mod should be calling ResourcePackLoader.createPackForMod instead. Applying workaround.
[10:48:20] [Render thread/WARN]: PathResourcePack base class instantiated with root path of mod file SignButton-1.19-2.5.0.jar. This probably means a mod should be calling ResourcePackLoader.createPackForMod instead. Applying workaround.
[10:48:20] [Render thread/WARN]: PathResourcePack base class instantiated with root path of mod file lightspeed-1.19.2-1.0.5.jar. This probably means a mod should be calling ResourcePackLoader.createPackForMod instead. Applying workaround.
[10:48:20] [Render thread/WARN]: PathResourcePack base class instantiated with root path of mod file curios-forge-1.19.2-5.1.6.4.jar. This probably means a mod should be calling ResourcePackLoader.createPackForMod instead. Applying workaround.
[10:48:20] [Render thread/WARN]: PathResourcePack base class instantiated with root path of mod file ServerTickReforged-1.19.2-0.0.2.jar. This probably means a mod should be calling ResourcePackLoader.createPackForMod instead. Applying workaround.
[10:48:20] [Render thread/WARN]: PathResourcePack base class instantiated with root path of mod file oculus-mc1.19.2-1.6.9a.jar. This probably means a mod should be calling ResourcePackLoader.createPackForMod instead. Applying workaround.
[10:48:20] [Render thread/WARN]: PathResourcePack base class instantiated with root path of mod file create_factory-0.0.2-1.19.2.jar. This probably means a mod should be calling ResourcePackLoader.createPackForMod instead. Applying workaround.
[10:48:20] [Render thread/WARN]: PathResourcePack base class instantiated with root path of mod file reforgium-1.0.12a.jar. This probably means a mod should be calling ResourcePackLoader.createPackForMod instead. Applying workaround.
[10:48:20] [Render thread/WARN]: PathResourcePack base class instantiated with root path of mod file trading_floor-1.1.5+forge-1.19.2.jar. This probably means a mod should be calling ResourcePackLoader.createPackForMod instead. Applying workaround.
[10:48:20] [Render thread/WARN]: PathResourcePack base class instantiated with root path of mod file Measurements-forge-1.19.2-1.3.2.jar. This probably means a mod should be calling ResourcePackLoader.createPackForMod instead. Applying workaround.
[10:48:20] [Render thread/WARN]: PathResourcePack base class instantiated with root path of mod file YungsExtras-1.19.2-Forge-3.1.0.jar. This probably means a mod should be calling ResourcePackLoader.createPackForMod instead. Applying workaround.
[10:48:20] [Render thread/WARN]: PathResourcePack base class instantiated with root path of mod file noisium-1.0.2.jar. This probably means a mod should be calling ResourcePackLoader.createPackForMod instead. Applying workaround.
[10:48:20] [Render thread/WARN]: PathResourcePack base class instantiated with root path of mod file pluto-mc1.19.2-0.0.9.jar. This probably means a mod should be calling ResourcePackLoader.createPackForMod instead. Applying workaround.
[10:48:20] [Render thread/WARN]: PathResourcePack base class instantiated with root path of mod file Chimes-v2.0.1-1.19.2.jar. This probably means a mod should be calling ResourcePackLoader.createPackForMod instead. Applying workaround.
[10:48:20] [Render thread/WARN]: PathResourcePack base class instantiated with root path of mod file TRansition-1.0.3-1.19.2-forge-SNAPSHOT.jar. This probably means a mod should be calling ResourcePackLoader.createPackForMod instead. Applying workaround.
[10:48:20] [Render thread/WARN]: PathResourcePack base class instantiated with root path of mod file dynamic-fps-3.9.5+minecraft-1.19.0-forge.jar. This probably means a mod should be calling ResourcePackLoader.createPackForMod instead. Applying workaround.
[10:48:20] [Render thread/WARN]: PathResourcePack base class instantiated with root path of mod file flightlib-forge-1.2.0.jar. This probably means a mod should be calling ResourcePackLoader.createPackForMod instead. Applying workaround.
[10:48:20] [Render thread/WARN]: PathResourcePack base class instantiated with root path of mod file UniLib-1.1.1+1.19.2-forge.jar. This probably means a mod should be calling ResourcePackLoader.createPackForMod instead. Applying workaround.
[10:48:20] [Render thread/WARN]: PathResourcePack base class instantiated with root path of mod file JadeAddons-1.19.2-forge-3.6.0.jar. This probably means a mod should be calling ResourcePackLoader.createPackForMod instead. Applying workaround.
[10:48:20] [Render thread/WARN]: PathResourcePack base class instantiated with root path of mod file KeepHeadNames-1.5.1-forge-1.19.jar. This probably means a mod should be calling ResourcePackLoader.createPackForMod instead. Applying workaround.
[10:48:20] [Render thread/WARN]: PathResourcePack base class instantiated with root path of mod file SizeShiftingPotions-forge-1.19.2-1.5.1.jar. This probably means a mod should be calling ResourcePackLoader.createPackForMod instead. Applying workaround.
[10:48:20] [Render thread/WARN]: PathResourcePack base class instantiated with root path of mod file DetailArmorBar-2.6.4+1.19.2-forge.jar. This probably means a mod should be calling ResourcePackLoader.createPackForMod instead. Applying workaround.
[10:48:20] [Render thread/WARN]: PathResourcePack base class instantiated with root path of mod file YungsBetterMineshafts-1.19.2-Forge-3.2.1.jar. This probably means a mod should be calling ResourcePackLoader.createPackForMod instead. Applying workaround.
[10:48:20] [Render thread/WARN]: PathResourcePack base class instantiated with root path of mod file geckolib-forge-1.19-3.1.40.jar. This probably means a mod should be calling ResourcePackLoader.createPackForMod instead. Applying workaround.
[10:48:20] [Render thread/WARN]: PathResourcePack base class instantiated with root path of mod file sliceanddice-forge-2.4.0.jar. This probably means a mod should be calling ResourcePackLoader.createPackForMod instead. Applying workaround.
[10:48:20] [Render thread/WARN]: PathResourcePack base class instantiated with root path of mod file majrusz-library-forge-1.19.2-7.0.5-backport.1.jar. This probably means a mod should be calling ResourcePackLoader.createPackForMod instead. Applying workaround.
[10:48:20] [Render thread/WARN]: PathResourcePack base class instantiated with root path of mod file Essential (forge_1.19.2).jar. This probably means a mod should be calling ResourcePackLoader.createPackForMod instead. Applying workaround.
[10:48:20] [Render thread/WARN]: PathResourcePack base class instantiated with root path of mod file YungsBetterJungleTemples-1.19.2-Forge-1.0.1.jar. This probably means a mod should be calling ResourcePackLoader.createPackForMod instead. Applying workaround.
[10:48:20] [Render thread/WARN]: PathResourcePack base class instantiated with root path of mod file elytraslot-forge-6.1.2+1.19.2.jar. This probably means a mod should be calling ResourcePackLoader.createPackForMod instead. Applying workaround.
[10:48:20] [Render thread/WARN]: PathResourcePack base class instantiated with root path of mod file Kiwi-1.19.2-forge-8.3.6.jar. This probably means a mod should be calling ResourcePackLoader.createPackForMod instead. Applying workaround.
[10:48:20] [Render thread/WARN]: PathResourcePack base class instantiated with root path of mod file bellsandwhistles-v0.4.4-1.19.2.jar. This probably means a mod should be calling ResourcePackLoader.createPackForMod instead. Applying workaround.
[10:48:20] [Render thread/WARN]: PathResourcePack base class instantiated with root path of mod file createbigcannons-5.6.0+mc.1.19.2-forge.jar. This probably means a mod should be calling ResourcePackLoader.createPackForMod instead. Applying workaround.
[10:48:20] [Render thread/WARN]: PathResourcePack base class instantiated with root path of mod file Fastload-Reforged-mc1.19.2-3.4.0.jar. This probably means a mod should be calling ResourcePackLoader.createPackForMod instead. Applying workaround.
[10:48:20] [Render thread/WARN]: PathResourcePack base class instantiated with root path of mod file torchslabmod-1.19.2_v1.7.4.jar. This probably means a mod should be calling ResourcePackLoader.createPackForMod instead. Applying workaround.
[10:48:20] [Render thread/WARN]: PathResourcePack base class instantiated with root path of mod file fluidlogged-1.2.0-forge-mc1.19.jar. This probably means a mod should be calling ResourcePackLoader.createPackForMod instead. Applying workaround.
[10:48:20] [Render thread/WARN]: PathResourcePack base class instantiated with root path of mod file rechiseled-1.1.6-forge-mc1.19.2.jar. This probably means a mod should be calling ResourcePackLoader.createPackForMod instead. Applying workaround.
[10:48:20] [Render thread/WARN]: PathResourcePack base class instantiated with root path of mod file Connectible Chains-forge-1.19.2-2.1.4.jar. This probably means a mod should be calling ResourcePackLoader.createPackForMod instead. Applying workaround.
[10:48:20] [Render thread/WARN]: PathResourcePack base class instantiated with root path of mod file jei-1.19.2-forge-11.8.1.1034.jar. This probably means a mod should be calling ResourcePackLoader.createPackForMod instead. Applying workaround.
[10:48:20] [Render thread/WARN]: PathResourcePack base class instantiated with root path of mod file horsestonks-forge-1.17+-1.0.1.jar. This probably means a mod should be calling ResourcePackLoader.createPackForMod instead. Applying workaround.
[10:48:20] [Render thread/WARN]: PathResourcePack base class instantiated with root path of mod file randomshulkercolours-1.19.2-3.2.jar. This probably means a mod should be calling ResourcePackLoader.createPackForMod instead. Applying workaround.
[10:48:20] [Render thread/WARN]: PathResourcePack base class instantiated with root path of mod file Pehkui-3.8.2+1.19.2-forge.jar. This probably means a mod should be calling ResourcePackLoader.createPackForMod instead. Applying workaround.
[10:48:20] [Render thread/WARN]: PathResourcePack base class instantiated with root path of mod file caelus-forge-1.19.2-3.0.0.6.jar. This probably means a mod should be calling ResourcePackLoader.createPackForMod instead. Applying workaround.
[10:48:20] [Render thread/WARN]: PathResourcePack base class instantiated with root path of mod file Paxi-1.19.2-Forge-3.0.1.jar. This probably means a mod should be calling ResourcePackLoader.createPackForMod instead. Applying workaround.
[10:48:20] [Render thread/WARN]: PathResourcePack base class instantiated with root path of mod file carpeted-1.19.2-1.8.jar. This probably means a mod should be calling ResourcePackLoader.createPackForMod instead. Applying workaround.
[10:48:20] [Render thread/WARN]: PathResourcePack base class instantiated with root path of mod file badpackets-forge-0.2.3.jar. This probably means a mod should be calling ResourcePackLoader.createPackForMod instead. Applying workaround.
[10:48:20] [Render thread/WARN]: PathResourcePack base class instantiated with root path of mod file rechiseledcreate-1.0.2-forge-mc1.19.jar. This probably means a mod should be calling ResourcePackLoader.createPackForMod instead. Applying workaround.
[10:48:20] [Render thread/WARN]: PathResourcePack base class instantiated with root path of mod file iwtb-1.1.jar. This probably means a mod should be calling ResourcePackLoader.createPackForMod instead. Applying workaround.
[10:48:20] [Render thread/WARN]: PathResourcePack base class instantiated with root path of mod file rare-ice-0.5.1.jar. This probably means a mod should be calling ResourcePackLoader.createPackForMod instead. Applying workaround.
[10:48:20] [Render thread/WARN]: PathResourcePack base class instantiated with root path of mod file BeeFix-1.19-1.0.7.jar. This probably means a mod should be calling ResourcePackLoader.createPackForMod instead. Applying workaround.
[10:48:20] [Render thread/WARN]: PathResourcePack base class instantiated with root path of mod file molten_vents-1.19.2-2.0.8.jar. This probably means a mod should be calling ResourcePackLoader.createPackForMod instead. Applying workaround.
[10:48:20] [Render thread/WARN]: PathResourcePack base class instantiated with root path of mod file catalogue-1.7.0-1.19.2.jar. This probably means a mod should be calling ResourcePackLoader.createPackForMod instead. Applying workaround.
[10:48:20] [Render thread/WARN]: PathResourcePack base class instantiated with root path of mod file potionbundles-1.19.1-1.6.jar. This probably means a mod should be calling ResourcePackLoader.createPackForMod instead. Applying workaround.
[10:48:20] [Render thread/WARN]: PathResourcePack base class instantiated with root path of mod file fusion-1.2.11-forge-mc1.19.2.jar. This probably means a mod should be calling ResourcePackLoader.createPackForMod instead. Applying workaround.
[10:48:20] [Render thread/WARN]: PathResourcePack base class instantiated with root path of mod file memoryleakfix-forge-1.17+-1.1.5.jar. This probably means a mod should be calling ResourcePackLoader.createPackForMod instead. Applying workaround.
[10:48:20] [Render thread/WARN]: PathResourcePack base class instantiated with root path of mod file extendedbonemeal-1.19.2-3.4.jar. This probably means a mod should be calling ResourcePackLoader.createPackForMod instead. Applying workaround.
[10:48:20] [Render thread/WARN]: PathResourcePack base class instantiated with root path of mod file chalk-1.19.2-1.6.3.jar. This probably means a mod should be calling ResourcePackLoader.createPackForMod instead. Applying workaround.
[10:48:20] [Render thread/WARN]: PathResourcePack base class instantiated with root path of mod file feytweaks-1.19.2-1.2.6-all.jar. This probably means a mod should be calling ResourcePackLoader.createPackForMod instead. Applying workaround.
[10:48:20] [Render thread/WARN]: PathResourcePack base class instantiated with root path of mod file ArmorStatues-v4.0.8-1.19.2-Forge.jar. This probably means a mod should be calling ResourcePackLoader.createPackForMod instead. Applying workaround.
[10:48:20] [Render thread/WARN]: PathResourcePack base class instantiated with root path of mod file AxesAreWeapons-1.7.3-forge-1.19.2.jar. This probably means a mod should be calling ResourcePackLoader.createPackForMod instead. Applying workaround.
[10:48:20] [Render thread/WARN]: PathResourcePack base class instantiated with root path of mod file logprot-1.19.2-1.9.jar. This probably means a mod should be calling ResourcePackLoader.createPackForMod instead. Applying workaround.
[10:48:20] [Render thread/WARN]: PathResourcePack base class instantiated with root path of mod file emi-1.1.22+1.19.2+forge.jar. This probably means a mod should be calling ResourcePackLoader.createPackForMod instead. Applying workaround.
[10:48:20] [Render thread/WARN]: PathResourcePack base class instantiated with root path of mod file voicechat-forge-1.19.2-2.5.36.jar. This probably means a mod should be calling ResourcePackLoader.createPackForMod instead. Applying workaround.
[10:48:20] [Render thread/WARN]: PathResourcePack base class instantiated with root path of mod file TerraBlender-forge-1.19.2-2.0.1.166.jar. This probably means a mod should be calling ResourcePackLoader.createPackForMod instead. Applying workaround.
[10:48:20] [Render thread/WARN]: PathResourcePack base class instantiated with root path of mod file MouseTweaks-forge-mc1.19-2.23.jar. This probably means a mod should be calling ResourcePackLoader.createPackForMod instead. Applying workaround.
[10:48:20] [Render thread/WARN]: PathResourcePack base class instantiated with root path of mod file Companion-1.19.2-forge-3.1.3.jar. This probably means a mod should be calling ResourcePackLoader.createPackForMod instead. Applying workaround.
[10:48:20] [Render thread/WARN]: PathResourcePack base class instantiated with root path of mod file Necronomicon-Forge-1.4.2.jar. This probably means a mod should be calling ResourcePackLoader.createPackForMod instead. Applying workaround.
[10:48:20] [Render thread/WARN]: PathResourcePack base class instantiated with root path of mod file NoChatReports-FORGE-1.19.2-v1.5.1.jar. This probably means a mod should be calling ResourcePackLoader.createPackForMod instead. Applying workaround.
[10:48:20] [Render thread/WARN]: PathResourcePack base class instantiated with root path of mod file cwb-forge-3.0.0+mc1.19.jar. This probably means a mod should be calling ResourcePackLoader.createPackForMod instead. Applying workaround.
[10:48:20] [Render thread/WARN]: PathResourcePack base class instantiated with root path of mod file spectrelib-forge-0.12.8+1.19.2.jar. This probably means a mod should be calling ResourcePackLoader.createPackForMod instead. Applying workaround.
[10:48:20] [Render thread/WARN]: PathResourcePack base class instantiated with root path of mod file FiveHead-1.19.2-2.0.2.jar. This probably means a mod should be calling ResourcePackLoader.createPackForMod instead. Applying workaround.
[10:48:20] [Render thread/WARN]: PathResourcePack base class instantiated with root path of mod file Ding-1.19.2-Forge-1.5.0.jar. This probably means a mod should be calling ResourcePackLoader.createPackForMod instead. Applying workaround.
[10:48:20] [Render thread/WARN]: PathResourcePack base class instantiated with root path of mod file fastpaintings-1.19-1.1.3.jar. This probably means a mod should be calling ResourcePackLoader.createPackForMod instead. Applying workaround.
[10:48:20] [Render thread/WARN]: PathResourcePack base class instantiated with root path of mod file e4mc_minecraft-forge-5.4.1.jar. This probably means a mod should be calling ResourcePackLoader.createPackForMod instead. Applying workaround.
[10:48:20] [Render thread/WARN]: PathResourcePack base class instantiated with root path of mod file kffmod-3.12.0.jar. This probably means a mod should be calling ResourcePackLoader.createPackForMod instead. Applying workaround.
[10:48:20] [Render thread/WARN]: PathResourcePack base class instantiated with root path of mod file Statement-4.2.7+1.19.2-forge.jar. This probably means a mod should be calling ResourcePackLoader.createPackForMod instead. Applying workaround.
[10:48:20] [Render thread/WARN]: PathResourcePack base class instantiated with root path of mod file notenoughanimations-forge-1.10.1-mc1.19.2.jar. This probably means a mod should be calling ResourcePackLoader.createPackForMod instead. Applying workaround.
[10:48:20] [Render thread/WARN]: PathResourcePack base class instantiated with root path of mod file FarmersRespite-1.19-2.0.jar. This probably means a mod should be calling ResourcePackLoader.createPackForMod instead. Applying workaround.
[10:48:20] [Render thread/WARN]: PathResourcePack base class instantiated with root path of mod file flywheel-forge-1.19.2-0.6.11-22.jar. This probably means a mod should be calling ResourcePackLoader.createPackForMod instead. Applying workaround.
[10:48:20] [Render thread/WARN]: PathResourcePack base class instantiated with root path of mod file alloyed-1.19.2-v1.5a.jar. This probably means a mod should be calling ResourcePackLoader.createPackForMod instead. Applying workaround.
[10:48:20] [Render thread/WARN]: PathResourcePack base class instantiated with root path of mod file ecologics-forge-1.19.2-2.1.11.jar. This probably means a mod should be calling ResourcePackLoader.createPackForMod instead. Applying workaround.
[10:48:20] [Render thread/WARN]: PathResourcePack base class instantiated with root path of mod file Xaeros_Minimap_25.2.6_Forge_1.19.1.jar. This probably means a mod should be calling ResourcePackLoader.createPackForMod instead. Applying workaround.
[10:48:20] [Render thread/WARN]: PathResourcePack base class instantiated with root path of mod file oauth-1.1.15-1.19.2.jar. This probably means a mod should be calling ResourcePackLoader.createPackForMod instead. Applying workaround.
[10:48:20] [Render thread/WARN]: PathResourcePack base class instantiated with root path of mod file polymorph-forge-0.46.6+1.19.2.jar. This probably means a mod should be calling ResourcePackLoader.createPackForMod instead. Applying workaround.
[10:48:20] [Render thread/WARN]: PathResourcePack base class instantiated with root path of mod file AutoRegLib-1.8.2-55.jar. This probably means a mod should be calling ResourcePackLoader.createPackForMod instead. Applying workaround.
[10:48:20] [Render thread/WARN]: PathResourcePack base class instantiated with root path of mod file sit-1.19-1.3.3.jar. This probably means a mod should be calling ResourcePackLoader.createPackForMod instead. Applying workaround.
[10:48:20] [Render thread/WARN]: PathResourcePack base class instantiated with root path of mod file entityculling-forge-1.6.1-mc1.19.2.jar. This probably means a mod should be calling ResourcePackLoader.createPackForMod instead. Applying workaround.
[10:48:20] [Render thread/WARN]: PathResourcePack base class instantiated with root path of mod file canary-mc1.19.2-0.3.3.jar. This probably means a mod should be calling ResourcePackLoader.createPackForMod instead. Applying workaround.
[10:48:20] [Render thread/WARN]: PathResourcePack base class instantiated with root path of mod file glassbreaker-forge-1.4.0+1.18.2.jar. This probably means a mod should be calling ResourcePackLoader.createPackForMod instead. Applying workaround.
[10:48:20] [Render thread/WARN]: PathResourcePack base class instantiated with root path of mod file figura-0.1.5+1.19.2-forge-mc.jar. This probably means a mod should be calling ResourcePackLoader.createPackForMod instead. Applying workaround.
[10:48:20] [Render thread/WARN]: PathResourcePack base class instantiated with root path of mod file ImmediatelyFast-Forge-1.4.0+1.19.2.jar. This probably means a mod should be calling ResourcePackLoader.createPackForMod instead. Applying workaround.
[10:48:20] [Render thread/WARN]: PathResourcePack base class instantiated with root path of mod file lootr-forge-1.19-0.4.29.76.jar. This probably means a mod should be calling ResourcePackLoader.createPackForMod instead. Applying workaround.
[10:48:20] [Render thread/WARN]: PathResourcePack base class instantiated with root path of mod file visuality-forge-2.0.2.jar. This probably means a mod should be calling ResourcePackLoader.createPackForMod instead. Applying workaround.
[10:48:20] [Render thread/WARN]: PathResourcePack base class instantiated with root path of mod file PuzzlesLib-v4.4.3-1.19.2-Forge.jar. This probably means a mod should be calling ResourcePackLoader.createPackForMod instead. Applying workaround.
[10:48:20] [Render thread/WARN]: PathResourcePack base class instantiated with root path of mod file create_power_loader-1.5.0-mc1.19.2.jar. This probably means a mod should be calling ResourcePackLoader.createPackForMod instead. Applying workaround.
[10:48:20] [Render thread/WARN]: PathResourcePack base class instantiated with root path of mod file RyoamicLights-forge-0.2.2+mc1.19.2.jar. This probably means a mod should be calling ResourcePackLoader.createPackForMod instead. Applying workaround.
[10:48:20] [Render thread/WARN]: PathResourcePack base class instantiated with root path of mod file textrues_embeddium_options-0.1.1+mc1.19.2.jar. This probably means a mod should be calling ResourcePackLoader.createPackForMod instead. Applying workaround.
[10:48:20] [Render thread/WARN]: PathResourcePack base class instantiated with root path of mod file rebind_narrator-forge-1.19.2-2.0.1.jar. This probably means a mod should be calling ResourcePackLoader.createPackForMod instead. Applying workaround.
[10:48:20] [Render thread/WARN]: PathResourcePack base class instantiated with root path of mod file snowballsfreezemobs-1.19.2-3.3.jar. This probably means a mod should be calling ResourcePackLoader.createPackForMod instead. Applying workaround.
[10:48:20] [Render thread/WARN]: PathResourcePack base class instantiated with root path of mod file responsiveshields-2.3-mc1.18-19-20.x.jar. This probably means a mod should be calling ResourcePackLoader.createPackForMod instead. Applying workaround.
[10:48:20] [Render thread/WARN]: PathResourcePack base class instantiated with root path of mod file tetra-1.19.2-5.6.0.jar. This probably means a mod should be calling ResourcePackLoader.createPackForMod instead. Applying workaround.
[10:48:20] [Render thread/WARN]: PathResourcePack base class instantiated with root path of mod file YungsBetterWitchHuts-1.19.2-Forge-2.1.0.jar. This probably means a mod should be calling ResourcePackLoader.createPackForMod instead. Applying workaround.
[10:48:20] [Render thread/WARN]: PathResourcePack base class instantiated with root path of mod file v_slab_compat-1.19.2-1.9.jar. This probably means a mod should be calling ResourcePackLoader.createPackForMod instead. Applying workaround.
[10:48:20] [Render thread/WARN]: PathResourcePack base class instantiated with root path of mod file netherportalfix-forge-1.19-10.0.2.jar. This probably means a mod should be calling ResourcePackLoader.createPackForMod instead. Applying workaround.
[10:48:20] [Render thread/WARN]: PathResourcePack base class instantiated with root path of mod file farmers-cutting-quark-1.0.0-1.19.jar. This probably means a mod should be calling ResourcePackLoader.createPackForMod instead. Applying workaround.
[10:48:20] [Render thread/WARN]: PathResourcePack base class instantiated with root path of mod file superflatworldnoslimes-1.19.2-3.2.jar. This probably means a mod should be calling ResourcePackLoader.createPackForMod instead. Applying workaround.
[10:48:20] [Render thread/WARN]: PathResourcePack base class instantiated with root path of mod file AdditionalBanners-Forge-1.19.2-10.1.7.jar. This probably means a mod should be calling ResourcePackLoader.createPackForMod instead. Applying workaround.
[10:48:20] [Render thread/WARN]: PathResourcePack base class instantiated with root path of mod file SuggestionProviderFix-1.19-1.0.0.jar. This probably means a mod should be calling ResourcePackLoader.createPackForMod instead. Applying workaround.
[10:48:20] [Render thread/WARN]: PathResourcePack base class instantiated with root path of mod file YungsBetterOceanMonuments-1.19.2-Forge-2.1.1.jar. This probably means a mod should be calling ResourcePackLoader.createPackForMod instead. Applying workaround.
[10:48:20] [Render thread/WARN]: PathResourcePack base class instantiated with root path of mod file forgeshot-1.0.jar. This probably means a mod should be calling ResourcePackLoader.createPackForMod instead. Applying workaround.
[10:48:20] [Render thread/WARN]: PathResourcePack base class instantiated with root path of mod file connectivity-1.19.2-4.6.jar. This probably means a mod should be calling ResourcePackLoader.createPackForMod instead. Applying workaround.
[10:48:20] [Render thread/WARN]: PathResourcePack base class instantiated with root path of mod file ObsidianUI-forge-0.2.3+mc1.19.2.jar. This probably means a mod should be calling ResourcePackLoader.createPackForMod instead. Applying workaround.
[10:48:20] [Render thread/WARN]: PathResourcePack base class instantiated with root path of mod file sophisticatedcore-1.19.2-0.6.4.730.jar. This probably means a mod should be calling ResourcePackLoader.createPackForMod instead. Applying workaround.
[10:48:20] [Render thread/WARN]: PathResourcePack base class instantiated with root path of mod file kleeslabs-forge-1.19.2-12.3.0.jar. This probably means a mod should be calling ResourcePackLoader.createPackForMod instead. Applying workaround.
[10:48:20] [Render thread/WARN]: PathResourcePack base class instantiated with root path of mod file connectedness-2.0.1a.jar. This probably means a mod should be calling ResourcePackLoader.createPackForMod instead. Applying workaround.
[10:48:20] [Render thread/WARN]: PathResourcePack base class instantiated with root path of mod file ItemLocks-Forge-1.19.2-1.3.8.jar. This probably means a mod should be calling ResourcePackLoader.createPackForMod instead. Applying workaround.
[10:48:20] [Render thread/WARN]: PathResourcePack base class instantiated with root path of mod file ritchiesprojectilelib-2.0.0-dev+mc.1.19.2-forge-build.181.jar. This probably means a mod should be calling ResourcePackLoader.createPackForMod instead. Applying workaround.
[10:48:20] [Render thread/WARN]: PathResourcePack base class instantiated with root path of mod file XaerosWorldMap_1.39.12_Forge_1.19.1.jar. This probably means a mod should be calling ResourcePackLoader.createPackForMod instead. Applying workaround.
[10:48:20] [Render thread/WARN]: PathResourcePack base class instantiated with root path of mod file Controlling-forge-1.19.2-10.0+7.jar. This probably means a mod should be calling ResourcePackLoader.createPackForMod instead. Applying workaround.
[10:48:20] [Render thread/WARN]: PathResourcePack base class instantiated with root path of mod file Placebo-1.19.2-7.4.0.jar. This probably means a mod should be calling ResourcePackLoader.createPackForMod instead. Applying workaround.
[10:48:20] [Render thread/WARN]: PathResourcePack base class instantiated with root path of mod file emi_loot-0.6.6+fix4+1.19.2+forge.jar. This probably means a mod should be calling ResourcePackLoader.createPackForMod instead. Applying workaround.
[10:48:20] [Render thread/WARN]: PathResourcePack base class instantiated with root path of mod file citadel-2.1.4-1.19.jar. This probably means a mod should be calling ResourcePackLoader.createPackForMod instead. Applying workaround.
[10:48:20] [Render thread/WARN]: PathResourcePack base class instantiated with root path of mod file domesticationinnovation-1.6.1-1.19.2.jar. This probably means a mod should be calling ResourcePackLoader.createPackForMod instead. Applying workaround.
[10:48:20] [Render thread/WARN]: PathResourcePack base class instantiated with root path of mod file mixinextras-forge-0.4.1.jar. This probably means a mod should be calling ResourcePackLoader.createPackForMod instead. Applying workaround.
[10:48:20] [Render thread/WARN]: PathResourcePack base class instantiated with root path of mod file Item-Obliterator-Forge-1.19.2-2.2.1.jar. This probably means a mod should be calling ResourcePackLoader.createPackForMod instead. Applying workaround.
[10:48:20] [Render thread/WARN]: PathResourcePack base class instantiated with root path of mod file cobweb-forge-1.19.2-1.0.1.jar. This probably means a mod should be calling ResourcePackLoader.createPackForMod instead. Applying workaround.
[10:48:20] [Render thread/WARN]: PathResourcePack base class instantiated with root path of mod file Bookshelf-Forge-1.19.2-16.3.20.jar. This probably means a mod should be calling ResourcePackLoader.createPackForMod instead. Applying workaround.
[10:48:20] [Render thread/WARN]: PathResourcePack base class instantiated with root path of mod file sophisticatedbackpacks-1.19.2-3.20.2.1035.jar. This probably means a mod should be calling ResourcePackLoader.createPackForMod instead. Applying workaround.
[10:48:20] [Render thread/WARN]: PathResourcePack base class instantiated with root path of mod file Ender-Relay-1.19.2-Forge-1.1.0.jar. This probably means a mod should be calling ResourcePackLoader.createPackForMod instead. Applying workaround.
[10:48:20] [Render thread/WARN]: PathResourcePack base class instantiated with root path of mod file create_dragon_lib-1.19.2-1.4.3.jar. This probably means a mod should be calling ResourcePackLoader.createPackForMod instead. Applying workaround.
[10:48:20] [Render thread/WARN]: PathResourcePack base class instantiated with root path of mod file create_ca-2.1 - 1.19.2.jar. This probably means a mod should be calling ResourcePackLoader.createPackForMod instead. Applying workaround.
[10:48:20] [Render thread/WARN]: PathResourcePack base class instantiated with root path of mod file Steam_Rails-1.6.6+forge-mc1.19.2.jar. This probably means a mod should be calling ResourcePackLoader.createPackForMod instead. Applying workaround.
[10:48:20] [Render thread/WARN]: PathResourcePack base class instantiated with root path of mod file keepmysoiltilled-1.19.2-2.2.jar. This probably means a mod should be calling ResourcePackLoader.createPackForMod instead. Applying workaround.
[10:48:20] [Render thread/WARN]: PathResourcePack base class instantiated with root path of mod file carryon-forge-1.19.2-2.1.2.23.jar. This probably means a mod should be calling ResourcePackLoader.createPackForMod instead. Applying workaround.
[10:48:20] [Render thread/WARN]: PathResourcePack base class instantiated with root path of mod file melody_forge_1.0.1_MC_1.19.2.jar. This probably means a mod should be calling ResourcePackLoader.createPackForMod instead. Applying workaround.
[10:48:20] [Render thread/WARN]: PathResourcePack base class instantiated with root path of mod file despawningeggshatch-1.19.2-4.3.jar. This probably means a mod should be calling ResourcePackLoader.createPackForMod instead. Applying workaround.
[10:48:20] [Render thread/WARN]: PathResourcePack base class instantiated with root path of mod file konkrete_forge_1.8.0_MC_1.19-1.19.2.jar. This probably means a mod should be calling ResourcePackLoader.createPackForMod instead. Applying workaround.
[10:48:20] [Render thread/WARN]: PathResourcePack base class instantiated with root path of mod file create_connected-0.9.4-mc1.19.2-all.jar. This probably means a mod should be calling ResourcePackLoader.createPackForMod instead. Applying workaround.
[10:48:20] [Render thread/WARN]: PathResourcePack base class instantiated with root path of mod file FarmersDelight-1.19.2-1.2.4.jar. This probably means a mod should be calling ResourcePackLoader.createPackForMod instead. Applying workaround.
[10:48:20] [Render thread/WARN]: PathResourcePack base class instantiated with root path of mod file ends_delight-1.19.2-2.1.jar. This probably means a mod should be calling ResourcePackLoader.createPackForMod instead. Applying workaround.
[10:48:20] [Render thread/WARN]: PathResourcePack base class instantiated with root path of mod file entity_model_features_forge_1.19.2-2.0.2.jar. This probably means a mod should be calling ResourcePackLoader.createPackForMod instead. Applying workaround.
[10:48:20] [Render thread/WARN]: PathResourcePack base class instantiated with root path of mod file entity_texture_features_forge_1.19.2-6.0.1.jar. This probably means a mod should be calling ResourcePackLoader.createPackForMod instead. Applying workaround.
[10:48:20] [Render thread/WARN]: PathResourcePack base class instantiated with root path of mod file customizableelytra-1.19.0-1.7.4.jar. This probably means a mod should be calling ResourcePackLoader.createPackForMod instead. Applying workaround.
[10:48:20] [Render thread/WARN]: PathResourcePack base class instantiated with root path of mod file createframed-1.19.2-1.4.5.1.jar. This probably means a mod should be calling ResourcePackLoader.createPackForMod instead. Applying workaround.
[10:48:20] [Render thread/WARN]: PathResourcePack base class instantiated with root path of mod file ender_chested-1.19.1-1.1.0.jar. This probably means a mod should be calling ResourcePackLoader.createPackForMod instead. Applying workaround.
[10:48:20] [Render thread/WARN]: PathResourcePack base class instantiated with root path of mod file memorysettings-1.19.2-5.4.jar. This probably means a mod should be calling ResourcePackLoader.createPackForMod instead. Applying workaround.
[10:48:20] [Render thread/WARN]: PathResourcePack base class instantiated with root path of mod file cullleaves-forge-3.0.1.jar. This probably means a mod should be calling ResourcePackLoader.createPackForMod instead. Applying workaround.
[10:48:20] [Render thread/WARN]: PathResourcePack base class instantiated with root path of mod file midnightlib-1.0.0-forge.jar. This probably means a mod should be calling ResourcePackLoader.createPackForMod instead. Applying workaround.
[10:48:20] [Render thread/WARN]: PathResourcePack base class instantiated with root path of mod file collective-1.19.2-7.64.jar. This probably means a mod should be calling ResourcePackLoader.createPackForMod instead. Applying workaround.
[10:48:20] [Render thread/WARN]: PathResourcePack base class instantiated with root path of mod file cakechomps-forge-6.0.0+1.19.2.jar. This probably means a mod should be calling ResourcePackLoader.createPackForMod instead. Applying workaround.
[10:48:20] [Render thread/WARN]: PathResourcePack base class instantiated with root path of mod file xercapaint-1.19.2-1.0.2.jar. This probably means a mod should be calling ResourcePackLoader.createPackForMod instead. Applying workaround.
[10:48:20] [Render thread/WARN]: PathResourcePack base class instantiated with root path of mod file YungsBetterStrongholds-1.19.2-Forge-3.2.0.jar. This probably means a mod should be calling ResourcePackLoader.createPackForMod instead. Applying workaround.
[10:48:20] [Render thread/WARN]: PathResourcePack base class instantiated with root path of mod file ElytraBombing-Forge-1.19.2-1.0.0.jar. This probably means a mod should be calling ResourcePackLoader.createPackForMod instead. Applying workaround.
[10:48:20] [Render thread/WARN]: PathResourcePack base class instantiated with root path of mod file eatinganimation-1.19-3.2.0.jar. This probably means a mod should be calling ResourcePackLoader.createPackForMod instead. Applying workaround.
[10:48:20] [Render thread/WARN]: PathResourcePack base class instantiated with root path of mod file forge-1.19.2-43.5.1-universal.jar. This probably means a mod should be calling ResourcePackLoader.createPackForMod instead. Applying workaround.
[10:48:20] [Render thread/WARN]: PathResourcePack base class instantiated with root path of mod file cofh_core-1.19.2-10.3.1.48.jar. This probably means a mod should be calling ResourcePackLoader.createPackForMod instead. Applying workaround.
[10:48:20] [Render thread/WARN]: PathResourcePack base class instantiated with root path of mod file appleskin-forge-mc1.19-2.4.2.jar. This probably means a mod should be calling ResourcePackLoader.createPackForMod instead. Applying workaround.
[10:48:20] [Render thread/WARN]: PathResourcePack base class instantiated with root path of mod file BoatBreakFix-Universal-1.0.2.jar. This probably means a mod should be calling ResourcePackLoader.createPackForMod instead. Applying workaround.
[10:48:20] [Render thread/WARN]: PathResourcePack base class instantiated with root path of mod file architectury-6.6.92-forge.jar. This probably means a mod should be calling ResourcePackLoader.createPackForMod instead. Applying workaround.
[10:48:20] [Render thread/WARN]: PathResourcePack base class instantiated with root path of mod file findme-3.1.0-forge.jar. This probably means a mod should be calling ResourcePackLoader.createPackForMod instead. Applying workaround.
[10:48:20] [Render thread/WARN]: PathResourcePack base class instantiated with root path of mod file pandalib-forge-mc1.19.2-0.5.2-SNAPSHOT.jar. This probably means a mod should be calling ResourcePackLoader.createPackForMod instead. Applying workaround.
[10:48:20] [Render thread/WARN]: PathResourcePack base class instantiated with root path of mod file cupboard-1.19.2-2.6.jar. This probably means a mod should be calling ResourcePackLoader.createPackForMod instead. Applying workaround.
[10:48:20] [Render thread/WARN]: PathResourcePack base class instantiated with root path of mod file rubidium-extra-0.4.19+mc1.19.2-build.105.jar. This probably means a mod should be calling ResourcePackLoader.createPackForMod instead. Applying workaround.
[10:48:20] [Render thread/WARN]: PathResourcePack base class instantiated with root path of mod file observable-3.3.1.jar. This probably means a mod should be calling ResourcePackLoader.createPackForMod instead. Applying workaround.
[10:48:20] [Render thread/WARN]: PathResourcePack base class instantiated with root path of mod file yeetusexperimentus-1.0.1-build.2+mc1.19.1.jar. This probably means a mod should be calling ResourcePackLoader.createPackForMod instead. Applying workaround.
[10:48:20] [Render thread/WARN]: PathResourcePack base class instantiated with root path of mod file ServerTabInfo-1.19.1-1.3.7.jar. This probably means a mod should be calling ResourcePackLoader.createPackForMod instead. Applying workaround.
[10:48:20] [Render thread/WARN]: PathResourcePack base class instantiated with root path of mod file voidtotem-forge-1.19.2-2.1.0.jar. This probably means a mod should be calling ResourcePackLoader.createPackForMod instead. Applying workaround.
[10:48:20] [Render thread/WARN]: PathResourcePack base class instantiated with root path of mod file scaffoldingdropsnearby-1.19.2-3.2.jar. This probably means a mod should be calling ResourcePackLoader.createPackForMod instead. Applying workaround.
[10:48:20] [Render thread/WARN]: PathResourcePack base class instantiated with root path of mod file FabricNetworkingAPIReforged-1192-0.0.1.jar. This probably means a mod should be calling ResourcePackLoader.createPackForMod instead. Applying workaround.
[10:48:20] [Render thread/WARN]: PathResourcePack base class instantiated with root path of mod file BetterAdvancements-1.19.2-0.3.0.148.jar. This probably means a mod should be calling ResourcePackLoader.createPackForMod instead. Applying workaround.
[10:48:20] [Render thread/WARN]: PathResourcePack base class instantiated with root path of mod file fallingtrees-forge-mc1.19.2-0.13.2-SNAPSHOT.jar. This probably means a mod should be calling ResourcePackLoader.createPackForMod instead. Applying workaround.
[10:48:20] [Render thread/WARN]: PathResourcePack base class instantiated with root path of mod file CraftPresence-2.6.2+1.19.2-forge.jar. This probably means a mod should be calling ResourcePackLoader.createPackForMod instead. Applying workaround.
[10:48:20] [Render thread/WARN]: PathResourcePack base class instantiated with root path of mod file fullbrightnesstoggle-1.19.2-4.0.jar. This probably means a mod should be calling ResourcePackLoader.createPackForMod instead. Applying workaround.
[10:48:20] [Render thread/WARN]: PathResourcePack base class instantiated with root path of mod file BedBenefits-Forge-1.19.2-9.1.3.jar. This probably means a mod should be calling ResourcePackLoader.createPackForMod instead. Applying workaround.
[10:48:20] [Render thread/WARN]: PathResourcePack base class instantiated with root path of mod file trashslot-forge-1.19.2-12.1.0.jar. This probably means a mod should be calling ResourcePackLoader.createPackForMod instead. Applying workaround.
[10:48:20] [Render thread/WARN]: PathResourcePack base class instantiated with root path of mod file oculus-flywheel-compat-forge1.19.2+1.0.3b.jar. This probably means a mod should be calling ResourcePackLoader.createPackForMod instead. Applying workaround.
[10:48:20] [Render thread/WARN]: PathResourcePack base class instantiated with root path of mod file DeathKnell-Forge-1.19.2-6.0.3.jar. This probably means a mod should be calling ResourcePackLoader.createPackForMod instead. Applying workaround.
[10:48:20] [Render thread/WARN]: PathResourcePack base class instantiated with root path of mod file Barsita-1.19.2-1.1.2.jar. This probably means a mod should be calling ResourcePackLoader.createPackForMod instead. Applying workaround.
[10:48:20] [Render thread/WARN]: PathResourcePack base class instantiated with root path of mod file sophisticatedstorage-1.19.2-0.9.7.765.jar. This probably means a mod should be calling ResourcePackLoader.createPackForMod instead. Applying workaround.
[10:48:20] [Render thread/WARN]: PathResourcePack base class instantiated with root path of mod file TRender-1.0.5-1.19.2-forge-SNAPSHOT.jar. This probably means a mod should be calling ResourcePackLoader.createPackForMod instead. Applying workaround.
[10:48:20] [Render thread/WARN]: PathResourcePack base class instantiated with root path of mod file GeckoLibOculusCompat-Forge-1.0.1.jar. This probably means a mod should be calling ResourcePackLoader.createPackForMod instead. Applying workaround.
[10:48:20] [Render thread/WARN]: PathResourcePack base class instantiated with root path of mod file create-1.19.2-0.5.1.i.jar. This probably means a mod should be calling ResourcePackLoader.createPackForMod instead. Applying workaround.
[10:48:20] [Render thread/WARN]: PathResourcePack base class instantiated with root path of mod file Delightful-1.19.2-3.4.1.jar. This probably means a mod should be calling ResourcePackLoader.createPackForMod instead. Applying workaround.
[10:48:20] [Render thread/WARN]: PathResourcePack base class instantiated with root path of mod file create_central_kitchen-1.19.2-for-create-0.5.1.f-1.3.11.c.jar. This probably means a mod should be calling ResourcePackLoader.createPackForMod instead. Applying workaround.
[10:48:20] [Render thread/WARN]: PathResourcePack base class instantiated with root path of mod file interiors-0.5.6+forge-mc1.19.2-build.105.jar. This probably means a mod should be calling ResourcePackLoader.createPackForMod instead. Applying workaround.
[10:48:20] [Render thread/WARN]: PathResourcePack base class instantiated with root path of mod file extendedgears-2.1.1-1.19.2-0.5.1.f-forge.jar. This probably means a mod should be calling ResourcePackLoader.createPackForMod instead. Applying workaround.
[10:48:20] [Render thread/WARN]: PathResourcePack base class instantiated with root path of mod file create_crystal_clear-0.2.1-1.19.2.jar. This probably means a mod should be calling ResourcePackLoader.createPackForMod instead. Applying workaround.
[10:48:20] [Render thread/WARN]: PathResourcePack base class instantiated with root path of mod file goldenhopper-1.2.8-1.19.jar. This probably means a mod should be calling ResourcePackLoader.createPackForMod instead. Applying workaround.
[10:48:20] [Render thread/WARN]: PathResourcePack base class instantiated with root path of mod file FastSuite-1.19.2-4.1.1.jar. This probably means a mod should be calling ResourcePackLoader.createPackForMod instead. Applying workaround.
[10:48:20] [Render thread/WARN]: PathResourcePack base class instantiated with root path of mod file Clumps-forge-1.19.2-9.0.0+14.jar. This probably means a mod should be calling ResourcePackLoader.createPackForMod instead. Applying workaround.
[10:48:20] [Render thread/WARN]: PathResourcePack base class instantiated with root path of mod file journeymap-1.19.2-5.9.8-forge.jar. This probably means a mod should be calling ResourcePackLoader.createPackForMod instead. Applying workaround.
[10:48:20] [Render thread/WARN]: PathResourcePack base class instantiated with root path of mod file comforts-forge-6.0.7+1.19.2.jar. This probably means a mod should be calling ResourcePackLoader.createPackForMod instead. Applying workaround.
[10:48:20] [Render thread/WARN]: PathResourcePack base class instantiated with root path of mod file alternate-current-mc1.19-1.7.0.jar. This probably means a mod should be calling ResourcePackLoader.createPackForMod instead. Applying workaround.
[10:48:20] [Render thread/WARN]: PathResourcePack base class instantiated with root path of mod file configured-2.1.1-1.19.2.jar. This probably means a mod should be calling ResourcePackLoader.createPackForMod instead. Applying workaround.
[10:48:20] [Render thread/WARN]: PathResourcePack base class instantiated with root path of mod file capes-1.5.2+1.19.2-forge.jar. This probably means a mod should be calling ResourcePackLoader.createPackForMod instead. Applying workaround.
[10:48:20] [Render thread/WARN]: PathResourcePack base class instantiated with root path of mod file Icterine-forge-1.2.0.jar. This probably means a mod should be calling ResourcePackLoader.createPackForMod instead. Applying workaround.
[10:48:20] [Render thread/WARN]: PathResourcePack base class instantiated with root path of mod file NMPR-1.19.2-1.1.1.jar. This probably means a mod should be calling ResourcePackLoader.createPackForMod instead. Applying workaround.
[10:48:20] [Render thread/WARN]: PathResourcePack base class instantiated with root path of mod file infusion_table-1.2.0.jar. This probably means a mod should be calling ResourcePackLoader.createPackForMod instead. Applying workaround.
[10:48:20] [Render thread/WARN]: PathResourcePack base class instantiated with root path of mod file create-confectionery1.19.2_v1.0.9.jar. This probably means a mod should be calling ResourcePackLoader.createPackForMod instead. Applying workaround.
[10:48:20] [Render thread/WARN]: PathResourcePack base class instantiated with root path of mod file lazydfu-1.19-1.0.2.jar. This probably means a mod should be calling ResourcePackLoader.createPackForMod instead. Applying workaround.
[10:48:20] [Render thread/WARN]: PathResourcePack base class instantiated with root path of mod file everycomp-1.19.2-2.5.35.jar. This probably means a mod should be calling ResourcePackLoader.createPackForMod instead. Applying workaround.
[10:48:20] [Render thread/WARN]: PathResourcePack base class instantiated with root path of mod file YungsBetterDesertTemples-1.19.2-Forge-2.2.2.jar. This probably means a mod should be calling ResourcePackLoader.createPackForMod instead. Applying workaround.
[10:48:20] [Render thread/WARN]: PathResourcePack base class instantiated with root path of mod file waveycapes-forge-1.6.2-mc1.19.2.jar. This probably means a mod should be calling ResourcePackLoader.createPackForMod instead. Applying workaround.
[10:48:20] [Render thread/WARN]: PathResourcePack base class instantiated with root path of mod file bedspreads-forge-6.0.0+1.19.2.jar. This probably means a mod should be calling ResourcePackLoader.createPackForMod instead. Applying workaround.
[10:48:20] [Render thread/WARN]: PathResourcePack base class instantiated with root path of mod file Resourcify (1.19-1.19.2-forge)-1.6.1.jar. This probably means a mod should be calling ResourcePackLoader.createPackForMod instead. Applying workaround.
[10:48:20] [Render thread/WARN]: PathResourcePack base class instantiated with root path of mod file Projectiles-1.0.0-1.19.2-Multi.jar. This probably means a mod should be calling ResourcePackLoader.createPackForMod instead. Applying workaround.
[10:48:20] [Render thread/WARN]: PathResourcePack base class instantiated with root path of mod file iChunUtil-1.19.2-Forge-1.0.3.jar. This probably means a mod should be calling ResourcePackLoader.createPackForMod instead. Applying workaround.
[10:48:20] [Render thread/WARN]: PathResourcePack base class instantiated with root path of mod file blueprint-1.19.2-6.2.0.jar. This probably means a mod should be calling ResourcePackLoader.createPackForMod instead. Applying workaround.
[10:48:20] [Render thread/WARN]: PathResourcePack base class instantiated with root path of mod file boatload-1.19.2-4.2.2.jar. This probably means a mod should be calling ResourcePackLoader.createPackForMod instead. Applying workaround.
[10:48:20] [Render thread/WARN]: PathResourcePack base class instantiated with root path of mod file clayworks-1.19.2-2.1.0.jar. This probably means a mod should be calling ResourcePackLoader.createPackForMod instead. Applying workaround.
[10:48:20] [Render thread/WARN]: PathResourcePack base class instantiated with root path of mod file endergetic-1.19.2-4.0.0.jar. This probably means a mod should be calling ResourcePackLoader.createPackForMod instead. Applying workaround.
[10:48:20] [Render thread/WARN]: PathResourcePack base class instantiated with root path of mod file neapolitan-1.19.2-4.1.0.jar. This probably means a mod should be calling ResourcePackLoader.createPackForMod instead. Applying workaround.
[10:48:20] [Render thread/WARN]: PathResourcePack base class instantiated with root path of mod file respiteful-1.1.2.c.jar. This probably means a mod should be calling ResourcePackLoader.createPackForMod instead. Applying workaround.
[10:48:20] [Render thread/WARN]: PathResourcePack base class instantiated with root path of mod file allurement-1.19.2-3.2.1.jar. This probably means a mod should be calling ResourcePackLoader.createPackForMod instead. Applying workaround.
[10:48:20] [Render thread/WARN]: PathResourcePack base class instantiated with root path of mod file berry_good-1.19.2-6.1.0.jar. This probably means a mod should be calling ResourcePackLoader.createPackForMod instead. Applying workaround.
[10:48:20] [Render thread/WARN]: PathResourcePack base class instantiated with root path of mod file randomium-1.19.2-1.22.jar. This probably means a mod should be calling ResourcePackLoader.createPackForMod instead. Applying workaround.
[10:48:20] [Render thread/WARN]: PathResourcePack base class instantiated with root path of mod file watut-forge-1.19.2-1.0.14.jar. This probably means a mod should be calling ResourcePackLoader.createPackForMod instead. Applying workaround.
[10:48:20] [Render thread/WARN]: PathResourcePack base class instantiated with root path of mod file untitledduckmod-0.6.1-1.19.2-forge.jar. This probably means a mod should be calling ResourcePackLoader.createPackForMod instead. Applying workaround.
[10:48:20] [Render thread/WARN]: PathResourcePack base class instantiated with root path of mod file friendsandfoes-forge-mc1.19.2-3.0.9.jar. This probably means a mod should be calling ResourcePackLoader.createPackForMod instead. Applying workaround.
[10:48:20] [Render thread/WARN]: PathResourcePack base class instantiated with root path of mod file GPUTape-1.18x-1.21x-1.0.5.1.jar. This probably means a mod should be calling ResourcePackLoader.createPackForMod instead. Applying workaround.
[10:48:20] [Render thread/WARN]: PathResourcePack base class instantiated with root path of mod file weakerspiderwebs-1.19.2-3.4.jar. This probably means a mod should be calling ResourcePackLoader.createPackForMod instead. Applying workaround.
[10:48:20] [Render thread/WARN]: PathResourcePack base class instantiated with root path of mod file swingthroughgrass-1.19.2-1.10.0.jar. This probably means a mod should be calling ResourcePackLoader.createPackForMod instead. Applying workaround.
[10:48:20] [Render thread/WARN]: PathResourcePack base class instantiated with root path of mod file radiantgear-forge-2.0.4+1.19.2.jar. This probably means a mod should be calling ResourcePackLoader.createPackForMod instead. Applying workaround.
[10:48:20] [Render thread/WARN]: PathResourcePack base class instantiated with root path of mod file moonlight-1.19.2-2.3.7-forge.jar. This probably means a mod should be calling ResourcePackLoader.createPackForMod instead. Applying workaround.
[10:48:20] [Render thread/WARN]: PathResourcePack base class instantiated with root path of mod file advancementframes-1.19.2-2.0.0.jar. This probably means a mod should be calling ResourcePackLoader.createPackForMod instead. Applying workaround.
[10:48:20] [Render thread/WARN]: PathResourcePack base class instantiated with root path of mod file labels-1.19.2-1.10.jar. This probably means a mod should be calling ResourcePackLoader.createPackForMod instead. Applying workaround.
[10:48:20] [Render thread/WARN]: PathResourcePack base class instantiated with root path of mod file smarterfarmers-1.19.2-1.7.1.jar. This probably means a mod should be calling ResourcePackLoader.createPackForMod instead. Applying workaround.
[10:48:20] [Render thread/WARN]: PathResourcePack base class instantiated with root path of mod file enderpearlswap-1.19.2-1.0.1.jar. This probably means a mod should be calling ResourcePackLoader.createPackForMod instead. Applying workaround.
[10:48:20] [Render thread/WARN]: PathResourcePack base class instantiated with root path of mod file mysterious_mountain_lib-1.2.3-1.19.2.jar. This probably means a mod should be calling ResourcePackLoader.createPackForMod instead. Applying workaround.
[10:48:20] [Render thread/WARN]: PathResourcePack base class instantiated with root path of mod file corn_delight-1.0.3-1.19.2.jar. This probably means a mod should be calling ResourcePackLoader.createPackForMod instead. Applying workaround.
[10:48:20] [Render thread/WARN]: PathResourcePack base class instantiated with root path of mod file MagnumTorch-v4.2.3-1.19.2-Forge.jar. This probably means a mod should be calling ResourcePackLoader.createPackForMod instead. Applying workaround.
[10:48:20] [Render thread/WARN]: PathResourcePack base class instantiated with root path of mod file bettersafebed-forge-1.19-4.jar. This probably means a mod should be calling ResourcePackLoader.createPackForMod instead. Applying workaround.
[10:48:20] [Render thread/WARN]: PathResourcePack base class instantiated with root path of mod file mixinsquared-forge-0.1.2-beta.6.jar. This probably means a mod should be calling ResourcePackLoader.createPackForMod instead. Applying workaround.
[10:48:20] [Render thread/WARN]: PathResourcePack base class instantiated with root path of mod file Jade-1.19.1-forge-8.9.2.jar. This probably means a mod should be calling ResourcePackLoader.createPackForMod instead. Applying workaround.
[10:48:20] [Render thread/WARN]: PathResourcePack base class instantiated with root path of mod file another_furniture-forge-1.19.2-2.1.4.jar. This probably means a mod should be calling ResourcePackLoader.createPackForMod instead. Applying workaround.
[10:48:20] [Render thread/WARN]: PathResourcePack base class instantiated with root path of mod file torch-hit-forge-1.19.2-7.0.0.jar. This probably means a mod should be calling ResourcePackLoader.createPackForMod instead. Applying workaround.
[10:48:20] [Render thread/WARN]: PathResourcePack base class instantiated with root path of mod file omgourd-1.19.2-4.3.0.16.jar. This probably means a mod should be calling ResourcePackLoader.createPackForMod instead. Applying workaround.
[10:48:20] [Render thread/WARN]: PathResourcePack base class instantiated with root path of mod file easy-villagers-forge-1.19.2-1.1.23.jar. This probably means a mod should be calling ResourcePackLoader.createPackForMod instead. Applying workaround.
[10:48:20] [Render thread/WARN]: PathResourcePack base class instantiated with root path of mod file betterstats-2.2.2+1.19.2.jar. This probably means a mod should be calling ResourcePackLoader.createPackForMod instead. Applying workaround.
[10:48:20] [Render thread/WARN]: PathResourcePack base class instantiated with root path of mod file tcdcommons-2.2+1.19.2.jar. This probably means a mod should be calling ResourcePackLoader.createPackForMod instead. Applying workaround.
[10:48:20] [Render thread/WARN]: PathResourcePack base class instantiated with root path of mod file justplayerheads-1.19.2-4.0.jar. This probably means a mod should be calling ResourcePackLoader.createPackForMod instead. Applying workaround.
[10:48:20] [Render thread/WARN]: PathResourcePack base class instantiated with root path of mod file Iceberg-1.19.2-forge-1.1.4.jar. This probably means a mod should be calling ResourcePackLoader.createPackForMod instead. Applying workaround.
[10:48:20] [Render thread/WARN]: PathResourcePack base class instantiated with root path of mod file CIT Reforged 1.19.jar. This probably means a mod should be calling ResourcePackLoader.createPackForMod instead. Applying workaround.
[10:48:20] [Render thread/WARN]: PathResourcePack base class instantiated with root path of mod file Quark-3.4-418.jar. This probably means a mod should be calling ResourcePackLoader.createPackForMod instead. Applying workaround.
[10:48:20] [Render thread/WARN]: PathResourcePack base class instantiated with root path of mod file supplementaries-1.19.2-2.4.20.jar. This probably means a mod should be calling ResourcePackLoader.createPackForMod instead. Applying workaround.
[10:48:20] [Render thread/WARN]: PathResourcePack base class instantiated with root path of mod file suppsquared-1.19.2-1.1.1.jar. This probably means a mod should be calling ResourcePackLoader.createPackForMod instead. Applying workaround.
[10:48:20] [Render thread/WARN]: PathResourcePack base class instantiated with root path of mod file woodworks-1.19.2-2.2.2.jar. This probably means a mod should be calling ResourcePackLoader.createPackForMod instead. Applying workaround.
[10:48:20] [Render thread/WARN]: PathResourcePack base class instantiated with root path of mod file mutil-1.19.2-5.2.0.jar. This probably means a mod should be calling ResourcePackLoader.createPackForMod instead. Applying workaround.
[10:48:20] [Render thread/WARN]: PathResourcePack base class instantiated with root path of mod file abnormals_delight-1.19.2-4.1.2.jar. This probably means a mod should be calling ResourcePackLoader.createPackForMod instead. Applying workaround.
[10:48:20] [Render thread/WARN]: PathResourcePack base class instantiated with root path of mod file miners_delight-1.19.2-1.1.2.jar. This probably means a mod should be calling ResourcePackLoader.createPackForMod instead. Applying workaround.
[10:48:20] [Render thread/WARN]: PathResourcePack base class instantiated with root path of mod file MyNethersDelight-1.19-1.7.jar. This probably means a mod should be calling ResourcePackLoader.createPackForMod instead. Applying workaround.
[10:48:20] [Render thread/WARN]: PathResourcePack base class instantiated with root path of mod file mclogs-forge-1.4.2-1.19.jar. This probably means a mod should be calling ResourcePackLoader.createPackForMod instead. Applying workaround.
[10:48:20] [Render thread/WARN]: PathResourcePack base class instantiated with root path of mod file forgetmechunk-(forge)-mc1.19.2-0.0.1.jar. This probably means a mod should be calling ResourcePackLoader.createPackForMod instead. Applying workaround.
[10:48:20] [Render thread/WARN]: PathResourcePack base class instantiated with root path of mod file Placement+-1.19.2_1.0a.jar. This probably means a mod should be calling ResourcePackLoader.createPackForMod instead. Applying workaround.
[10:48:20] [Render thread/WARN]: PathResourcePack base class instantiated with root path of mod file fancymenu_forge_3.7.0_MC_1.19.2.jar. This probably means a mod should be calling ResourcePackLoader.createPackForMod instead. Applying workaround.
[10:48:20] [Render thread/WARN]: PathResourcePack base class instantiated with root path of mod file coroutil-forge-1.19.2-1.3.6.jar. This probably means a mod should be calling ResourcePackLoader.createPackForMod instead. Applying workaround.
[10:48:20] [Render thread/WARN]: PathResourcePack base class instantiated with root path of mod file BetterTridents-v4.0.2-1.19.2-Forge.jar. This probably means a mod should be calling ResourcePackLoader.createPackForMod instead. Applying workaround.
[10:48:20] [Render thread/WARN]: PathResourcePack base class instantiated with root path of mod file pattern_schematics-1.1.15+forge-1.19.2.jar. This probably means a mod should be calling ResourcePackLoader.createPackForMod instead. Applying workaround.
[10:48:20] [Render thread/WARN]: PathResourcePack base class instantiated with root path of mod file ferritecore-5.0.3-forge.jar. This probably means a mod should be calling ResourcePackLoader.createPackForMod instead. Applying workaround.
[10:48:20] [Render thread/WARN]: PathResourcePack base class instantiated with root path of mod file async-locator-forge-1.19.2-1.3.0.jar. This probably means a mod should be calling ResourcePackLoader.createPackForMod instead. Applying workaround.
[10:48:20] [Render thread/WARN]: PathResourcePack base class instantiated with root path of mod file BetterF3-4.0.1-Forge-1.19.2.jar. This probably means a mod should be calling ResourcePackLoader.createPackForMod instead. Applying workaround.
[10:48:20] [Render thread/WARN]: PathResourcePack base class instantiated with root path of mod file majruszs-enchantments-forge-1.19.2-1.10.7-backport.1.jar. This probably means a mod should be calling ResourcePackLoader.createPackForMod instead. Applying workaround.
[10:48:20] [Render thread/WARN]: PathResourcePack base class instantiated with root path of mod file screenshot_viewer-1.1.3-forge-mc1.19x.jar. This probably means a mod should be calling ResourcePackLoader.createPackForMod instead. Applying workaround.
[10:48:20] [Render thread/WARN]: PathResourcePack base class instantiated with root path of mod file packetfixer-3.1.4-1.18-1.20.4-merged.jar. This probably means a mod should be calling ResourcePackLoader.createPackForMod instead. Applying workaround.
[10:48:20] [Render thread/WARN]: PathResourcePack base class instantiated with root path of mod file grindstonesharpertools-1.19.2-3.5.jar. This probably means a mod should be calling ResourcePackLoader.createPackForMod instead. Applying workaround.
[10:48:20] [Render thread/WARN]: PathResourcePack base class instantiated with root path of mod file BadOptimizations-2.1.4-1.19.1-19.2.jar. This probably means a mod should be calling ResourcePackLoader.createPackForMod instead. Applying workaround.
[10:48:20] [Render thread/WARN]: PathResourcePack base class instantiated with root path of mod file create_enchantment_industry-1.19.2-for-create-0.5.1.f-1.2.9.e.jar. This probably means a mod should be calling ResourcePackLoader.createPackForMod instead. Applying workaround.
[10:48:20] [Render thread/WARN]: PathResourcePack base class instantiated with root path of mod file skippy-pearls-1.4.jar. This probably means a mod should be calling ResourcePackLoader.createPackForMod instead. Applying workaround.
[10:48:20] [Render thread/WARN]: PathResourcePack base class instantiated with root path of mod file createaddition-1.19.2-1.2.3.jar. This probably means a mod should be calling ResourcePackLoader.createPackForMod instead. Applying workaround.
[10:48:21] [ForkJoinPool.commonPool-worker-6/ERROR]: Could not find parent kotlin/jvm/internal/Lambda for class gg/essential/util/CachedAvatarImage$parseAsset$1 in classloader jdk.internal.loader.ClassLoaders$AppClassLoader@76ed5528 on thread Thread[ForkJoinPool.commonPool-worker-6,5,main]
[10:48:21] [ForkJoinPool.commonPool-worker-6/ERROR]: An error occurred building event handler
java.lang.ClassNotFoundException: kotlin.jvm.internal.Lambda
	at jdk.internal.loader.BuiltinClassLoader.loadClass(Unknown Source) ~[?:?]
	at jdk.internal.loader.ClassLoaders$AppClassLoader.loadClass(Unknown Source) ~[?:?]
	at java.lang.ClassLoader.loadClass(Unknown Source) ~[?:?]
	at net.minecraftforge.eventbus.EventSubclassTransformer.buildEvents(EventSubclassTransformer.java:92) ~[eventbus-6.0.3.jar:?]
	at net.minecraftforge.eventbus.EventSubclassTransformer.transform(EventSubclassTransformer.java:44) ~[eventbus-6.0.3.jar:?]
	at net.minecraftforge.eventbus.EventBusEngine.processClass(EventBusEngine.java:26) ~[eventbus-6.0.3.jar:?]
	at net.minecraftforge.eventbus.service.ModLauncherService.processClassWithFlags(ModLauncherService.java:32) ~[eventbus-6.0.3.jar:6.0.3+6.0.3+master.039e4ea9]
	at cpw.mods.modlauncher.LaunchPluginHandler.offerClassNodeToPlugins(LaunchPluginHandler.java:88) ~[modlauncher-10.0.8.jar:?]
	at cpw.mods.modlauncher.ClassTransformer.transform(ClassTransformer.java:120) ~[modlauncher-10.0.8.jar:?]
	at cpw.mods.modlauncher.TransformingClassLoader.maybeTransformClassBytes(TransformingClassLoader.java:50) ~[modlauncher-10.0.8.jar:?]
	at cpw.mods.cl.ModuleClassLoader.readerToClass(ModuleClassLoader.java:113) ~[securejarhandler-2.1.4.jar:?]
	at cpw.mods.cl.ModuleClassLoader.lambda$findClass$15(ModuleClassLoader.java:219) ~[securejarhandler-2.1.4.jar:?]
	at cpw.mods.cl.ModuleClassLoader.loadFromModule(ModuleClassLoader.java:229) ~[securejarhandler-2.1.4.jar:?]
	at cpw.mods.cl.ModuleClassLoader.findClass(ModuleClassLoader.java:219) ~[securejarhandler-2.1.4.jar:?]
	at cpw.mods.cl.ModuleClassLoader.loadClass(ModuleClassLoader.java:135) ~[securejarhandler-2.1.4.jar:?]
	at java.lang.ClassLoader.loadClass(Unknown Source) ~[?:?]
	at gg.essential.util.CachedAvatarImage.parseAsset$default(CachedAvatarImage.kt:54) ~[?:?]
	at gg.essential.util.CachedAvatarImage$PlayerHeadAssetType$1.invoke(CachedAvatarImage.kt:39) ~[?:?]
	at gg.essential.util.CachedAvatarImage$PlayerHeadAssetType$1.invoke(CachedAvatarImage.kt:38) ~[?:?]
	at gg.essential.network.connectionmanager.cosmetics.AssetLoader$getAsset$1$future$1.invoke(AssetLoader.kt:93) ~[?:?]
	at gg.essential.network.connectionmanager.cosmetics.AssetLoader$getAsset$1$future$1.invoke(AssetLoader.kt:91) ~[?:?]
	at gg.essential.network.connectionmanager.cosmetics.AssetLoader$getAsset$1.invoke$lambda$0(AssetLoader.kt:91) ~[?:?]
	at java.util.concurrent.CompletableFuture$UniApply.tryFire(Unknown Source) ~[?:?]
	at java.util.concurrent.CompletableFuture$Completion.exec(Unknown Source) ~[?:?]
	at java.util.concurrent.ForkJoinTask.doExec(Unknown Source) ~[?:?]
	at java.util.concurrent.ForkJoinPool$WorkQueue.topLevelExec(Unknown Source) ~[?:?]
	at java.util.concurrent.ForkJoinPool.scan(Unknown Source) ~[?:?]
	at java.util.concurrent.ForkJoinPool.runWorker(Unknown Source) ~[?:?]
	at java.util.concurrent.ForkJoinWorkerThread.run(Unknown Source) ~[?:?]
[10:48:21] [Render thread/INFO]: Dispatching Module Step REGISTER_BLOCK_COLORS
[10:48:21] [Render thread/INFO]: Dispatching Module Step REGISTER_ITEM_COLORS
[10:48:21] [ForkJoinPool.commonPool-worker-6/ERROR]: Could not find parent kotlin/jvm/internal/Lambda for class gg/essential/util/EssentialGuiExtensionsKt$toImageFactory$1 in classloader jdk.internal.loader.ClassLoaders$AppClassLoader@76ed5528 on thread Thread[ForkJoinPool.commonPool-worker-6,5,main]
[10:48:21] [ForkJoinPool.commonPool-worker-6/ERROR]: An error occurred building event handler
java.lang.ClassNotFoundException: kotlin.jvm.internal.Lambda
	at jdk.internal.loader.BuiltinClassLoader.loadClass(Unknown Source) ~[?:?]
	at jdk.internal.loader.ClassLoaders$AppClassLoader.loadClass(Unknown Source) ~[?:?]
	at java.lang.ClassLoader.loadClass(Unknown Source) ~[?:?]
	at net.minecraftforge.eventbus.EventSubclassTransformer.buildEvents(EventSubclassTransformer.java:92) ~[eventbus-6.0.3.jar:?]
	at net.minecraftforge.eventbus.EventSubclassTransformer.transform(EventSubclassTransformer.java:44) ~[eventbus-6.0.3.jar:?]
	at net.minecraftforge.eventbus.EventBusEngine.processClass(EventBusEngine.java:26) ~[eventbus-6.0.3.jar:?]
	at net.minecraftforge.eventbus.service.ModLauncherService.processClassWithFlags(ModLauncherService.java:32) ~[eventbus-6.0.3.jar:6.0.3+6.0.3+master.039e4ea9]
	at cpw.mods.modlauncher.LaunchPluginHandler.offerClassNodeToPlugins(LaunchPluginHandler.java:88) ~[modlauncher-10.0.8.jar:?]
	at cpw.mods.modlauncher.ClassTransformer.transform(ClassTransformer.java:120) ~[modlauncher-10.0.8.jar:?]
	at cpw.mods.modlauncher.TransformingClassLoader.maybeTransformClassBytes(TransformingClassLoader.java:50) ~[modlauncher-10.0.8.jar:?]
	at cpw.mods.cl.ModuleClassLoader.readerToClass(ModuleClassLoader.java:113) ~[securejarhandler-2.1.4.jar:?]
	at cpw.mods.cl.ModuleClassLoader.lambda$findClass$15(ModuleClassLoader.java:219) ~[securejarhandler-2.1.4.jar:?]
	at cpw.mods.cl.ModuleClassLoader.loadFromModule(ModuleClassLoader.java:229) ~[securejarhandler-2.1.4.jar:?]
	at cpw.mods.cl.ModuleClassLoader.findClass(ModuleClassLoader.java:219) ~[securejarhandler-2.1.4.jar:?]
	at cpw.mods.cl.ModuleClassLoader.loadClass(ModuleClassLoader.java:135) ~[securejarhandler-2.1.4.jar:?]
	at java.lang.ClassLoader.loadClass(Unknown Source) ~[?:?]
	at gg.essential.util.EssentialGuiExtensionsKt.toImageFactory(essentialGuiExtensions.kt:88) ~[?:?]
	at gg.essential.util.CachedAvatarImage.parseAsset(CachedAvatarImage.kt:70) ~[?:?]
	at gg.essential.util.CachedAvatarImage.parseAsset$default(CachedAvatarImage.kt:54) ~[?:?]
	at gg.essential.util.CachedAvatarImage$PlayerHeadAssetType$1.invoke(CachedAvatarImage.kt:39) ~[?:?]
	at gg.essential.util.CachedAvatarImage$PlayerHeadAssetType$1.invoke(CachedAvatarImage.kt:38) ~[?:?]
	at gg.essential.network.connectionmanager.cosmetics.AssetLoader$getAsset$1$future$1.invoke(AssetLoader.kt:93) ~[?:?]
	at gg.essential.network.connectionmanager.cosmetics.AssetLoader$getAsset$1$future$1.invoke(AssetLoader.kt:91) ~[?:?]
	at gg.essential.network.connectionmanager.cosmetics.AssetLoader$getAsset$1.invoke$lambda$0(AssetLoader.kt:91) ~[?:?]
	at java.util.concurrent.CompletableFuture$UniApply.tryFire(Unknown Source) ~[?:?]
	at java.util.concurrent.CompletableFuture$Completion.exec(Unknown Source) ~[?:?]
	at java.util.concurrent.ForkJoinTask.doExec(Unknown Source) ~[?:?]
	at java.util.concurrent.ForkJoinPool$WorkQueue.topLevelExec(Unknown Source) ~[?:?]
	at java.util.concurrent.ForkJoinPool.scan(Unknown Source) ~[?:?]
	at java.util.concurrent.ForkJoinPool.runWorker(Unknown Source) ~[?:?]
	at java.util.concurrent.ForkJoinWorkerThread.run(Unknown Source) ~[?:?]
[10:48:21] [ForkJoinPool.commonPool-worker-1/ERROR]: Could not find parent kotlin/jvm/internal/Lambda for class gg/essential/mod/cosmetics/settings/CosmeticProperty$Companion$json$2 in classloader jdk.internal.loader.ClassLoaders$AppClassLoader@76ed5528 on thread Thread[ForkJoinPool.commonPool-worker-1,5,main]
[10:48:21] [ForkJoinPool.commonPool-worker-1/ERROR]: An error occurred building event handler
java.lang.ClassNotFoundException: kotlin.jvm.internal.Lambda
	at jdk.internal.loader.BuiltinClassLoader.loadClass(Unknown Source) ~[?:?]
	at jdk.internal.loader.ClassLoaders$AppClassLoader.loadClass(Unknown Source) ~[?:?]
	at java.lang.ClassLoader.loadClass(Unknown Source) ~[?:?]
	at net.minecraftforge.eventbus.EventSubclassTransformer.buildEvents(EventSubclassTransformer.java:92) ~[eventbus-6.0.3.jar:?]
	at net.minecraftforge.eventbus.EventSubclassTransformer.transform(EventSubclassTransformer.java:44) ~[eventbus-6.0.3.jar:?]
	at net.minecraftforge.eventbus.EventBusEngine.processClass(EventBusEngine.java:26) ~[eventbus-6.0.3.jar:?]
	at net.minecraftforge.eventbus.service.ModLauncherService.processClassWithFlags(ModLauncherService.java:32) ~[eventbus-6.0.3.jar:6.0.3+6.0.3+master.039e4ea9]
	at cpw.mods.modlauncher.LaunchPluginHandler.offerClassNodeToPlugins(LaunchPluginHandler.java:88) ~[modlauncher-10.0.8.jar:?]
	at cpw.mods.modlauncher.ClassTransformer.transform(ClassTransformer.java:120) ~[modlauncher-10.0.8.jar:?]
	at cpw.mods.modlauncher.TransformingClassLoader.maybeTransformClassBytes(TransformingClassLoader.java:50) ~[modlauncher-10.0.8.jar:?]
	at cpw.mods.cl.ModuleClassLoader.readerToClass(ModuleClassLoader.java:113) ~[securejarhandler-2.1.4.jar:?]
	at cpw.mods.cl.ModuleClassLoader.lambda$findClass$15(ModuleClassLoader.java:219) ~[securejarhandler-2.1.4.jar:?]
	at cpw.mods.cl.ModuleClassLoader.loadFromModule(ModuleClassLoader.java:229) ~[securejarhandler-2.1.4.jar:?]
	at cpw.mods.cl.ModuleClassLoader.findClass(ModuleClassLoader.java:219) ~[securejarhandler-2.1.4.jar:?]
	at cpw.mods.cl.ModuleClassLoader.loadClass(ModuleClassLoader.java:135) ~[securejarhandler-2.1.4.jar:?]
	at java.lang.ClassLoader.loadClass(Unknown Source) ~[?:?]
	at gg.essential.mod.cosmetics.settings.CosmeticProperty.<clinit>(CosmeticProperty.kt:472) ~[?:?]
	at gg.essential.network.connectionmanager.cosmetics.InfraCosmeticsData$addCosmetic$settingsFuture$1.invoke(InfraCosmeticsData.kt:126) ~[?:?]
	at gg.essential.network.connectionmanager.cosmetics.InfraCosmeticsData$addCosmetic$settingsFuture$1.invoke(InfraCosmeticsData.kt:126) ~[?:?]
	at gg.essential.network.connectionmanager.cosmetics.InfraCosmeticsData.addCosmetic$lambda$3(InfraCosmeticsData.kt:126) ~[?:?]
	at java.util.concurrent.CompletableFuture$UniApply.tryFire(Unknown Source) ~[?:?]
	at java.util.concurrent.CompletableFuture$Completion.exec(Unknown Source) ~[?:?]
	at java.util.concurrent.ForkJoinTask.doExec(Unknown Source) ~[?:?]
	at java.util.concurrent.ForkJoinPool$WorkQueue.topLevelExec(Unknown Source) ~[?:?]
	at java.util.concurrent.ForkJoinPool.scan(Unknown Source) ~[?:?]
	at java.util.concurrent.ForkJoinPool.runWorker(Unknown Source) ~[?:?]
	at java.util.concurrent.ForkJoinWorkerThread.run(Unknown Source) ~[?:?]
[10:48:21] [ForkJoinPool.commonPool-worker-2/ERROR]: Could not find parent kotlin/jvm/internal/Lambda for class gg/essential/mod/cosmetics/settings/CosmeticProperty$Companion$json$2$1 in classloader jdk.internal.loader.ClassLoaders$AppClassLoader@76ed5528 on thread Thread[ForkJoinPool.commonPool-worker-2,5,main]
[10:48:21] [ForkJoinPool.commonPool-worker-2/ERROR]: An error occurred building event handler
java.lang.ClassNotFoundException: kotlin.jvm.internal.Lambda
	at jdk.internal.loader.BuiltinClassLoader.loadClass(Unknown Source) ~[?:?]
	at jdk.internal.loader.ClassLoaders$AppClassLoader.loadClass(Unknown Source) ~[?:?]
	at java.lang.ClassLoader.loadClass(Unknown Source) ~[?:?]
	at net.minecraftforge.eventbus.EventSubclassTransformer.buildEvents(EventSubclassTransformer.java:92) ~[eventbus-6.0.3.jar:?]
	at net.minecraftforge.eventbus.EventSubclassTransformer.transform(EventSubclassTransformer.java:44) ~[eventbus-6.0.3.jar:?]
	at net.minecraftforge.eventbus.EventBusEngine.processClass(EventBusEngine.java:26) ~[eventbus-6.0.3.jar:?]
	at net.minecraftforge.eventbus.service.ModLauncherService.processClassWithFlags(ModLauncherService.java:32) ~[eventbus-6.0.3.jar:6.0.3+6.0.3+master.039e4ea9]
	at cpw.mods.modlauncher.LaunchPluginHandler.offerClassNodeToPlugins(LaunchPluginHandler.java:88) ~[modlauncher-10.0.8.jar:?]
	at cpw.mods.modlauncher.ClassTransformer.transform(ClassTransformer.java:120) ~[modlauncher-10.0.8.jar:?]
	at cpw.mods.modlauncher.TransformingClassLoader.maybeTransformClassBytes(TransformingClassLoader.java:50) ~[modlauncher-10.0.8.jar:?]
	at cpw.mods.cl.ModuleClassLoader.readerToClass(ModuleClassLoader.java:113) ~[securejarhandler-2.1.4.jar:?]
	at cpw.mods.cl.ModuleClassLoader.lambda$findClass$15(ModuleClassLoader.java:219) ~[securejarhandler-2.1.4.jar:?]
	at cpw.mods.cl.ModuleClassLoader.loadFromModule(ModuleClassLoader.java:229) ~[securejarhandler-2.1.4.jar:?]
	at cpw.mods.cl.ModuleClassLoader.findClass(ModuleClassLoader.java:219) ~[securejarhandler-2.1.4.jar:?]
	at cpw.mods.cl.ModuleClassLoader.loadClass(ModuleClassLoader.java:135) ~[securejarhandler-2.1.4.jar:?]
	at java.lang.ClassLoader.loadClass(Unknown Source) ~[?:?]
	at gg.essential.mod.cosmetics.settings.CosmeticProperty$Companion$json$2.invoke(CosmeticProperty.kt:473) ~[?:?]
	at gg.essential.mod.cosmetics.settings.CosmeticProperty$Companion$json$2.invoke(CosmeticProperty.kt:472) ~[?:?]
	at kotlin.SynchronizedLazyImpl.getValue(LazyJVM.kt:74) ~[?:?]
	at gg.essential.mod.cosmetics.settings.CosmeticProperty$Companion.getJson(CosmeticProperty.kt:472) ~[?:?]
	at gg.essential.mod.cosmetics.settings.CosmeticProperty$Companion.fromJsonArray(CosmeticProperty.kt:483) ~[?:?]
	at gg.essential.network.connectionmanager.cosmetics.InfraCosmeticsData$addCosmetic$settingsFuture$1.invoke(InfraCosmeticsData.kt:126) ~[?:?]
	at gg.essential.network.connectionmanager.cosmetics.InfraCosmeticsData$addCosmetic$settingsFuture$1.invoke(InfraCosmeticsData.kt:126) ~[?:?]
	at gg.essential.network.connectionmanager.cosmetics.InfraCosmeticsData.addCosmetic$lambda$3(InfraCosmeticsData.kt:126) ~[?:?]
	at java.util.concurrent.CompletableFuture$UniApply.tryFire(Unknown Source) ~[?:?]
	at java.util.concurrent.CompletableFuture$Completion.exec(Unknown Source) ~[?:?]
	at java.util.concurrent.ForkJoinTask.doExec(Unknown Source) ~[?:?]
	at java.util.concurrent.ForkJoinPool$WorkQueue.topLevelExec(Unknown Source) ~[?:?]
	at java.util.concurrent.ForkJoinPool.scan(Unknown Source) ~[?:?]
	at java.util.concurrent.ForkJoinPool.runWorker(Unknown Source) ~[?:?]
	at java.util.concurrent.ForkJoinWorkerThread.run(Unknown Source) ~[?:?]
[10:48:21] [Render thread/INFO]: Hardware information:
[10:48:21] [Render thread/INFO]: CPU: 8x Apple M1
[10:48:21] [Render thread/INFO]: GPU: Apple M1 (Supports OpenGL 4.1 Metal - 89.4)
[10:48:21] [Render thread/INFO]: OS: Mac OS X (15.7)
[10:48:21] [ForkJoinPool.commonPool-worker-7/ERROR]: Could not find parent kotlin/jvm/internal/Lambda for class gg/essential/model/file/AnimationFile$Loop$Companion$1 in classloader jdk.internal.loader.ClassLoaders$AppClassLoader@76ed5528 on thread Thread[ForkJoinPool.commonPool-worker-7,5,main]
[10:48:21] [ForkJoinPool.commonPool-worker-3/ERROR]: Could not find parent kotlin/jvm/internal/Lambda for class gg/essential/model/file/ParticlesFile$Material$Companion$1 in classloader jdk.internal.loader.ClassLoaders$AppClassLoader@76ed5528 on thread Thread[ForkJoinPool.commonPool-worker-3,5,main]
[10:48:21] [ForkJoinPool.commonPool-worker-5/ERROR]: Could not find parent kotlinx/serialization/json/JsonTransformingSerializer for class gg/essential/model/file/SoundDefinitionsFile$SoundObjectOrNameSerializer in classloader jdk.internal.loader.ClassLoaders$AppClassLoader@76ed5528 on thread Thread[ForkJoinPool.commonPool-worker-5,5,main]
[10:48:21] [ForkJoinPool.commonPool-worker-7/ERROR]: An error occurred building event handler
java.lang.ClassNotFoundException: kotlin.jvm.internal.Lambda
	at jdk.internal.loader.BuiltinClassLoader.loadClass(Unknown Source) ~[?:?]
	at jdk.internal.loader.ClassLoaders$AppClassLoader.loadClass(Unknown Source) ~[?:?]
	at java.lang.ClassLoader.loadClass(Unknown Source) ~[?:?]
	at net.minecraftforge.eventbus.EventSubclassTransformer.buildEvents(EventSubclassTransformer.java:92) ~[eventbus-6.0.3.jar:?]
	at net.minecraftforge.eventbus.EventSubclassTransformer.transform(EventSubclassTransformer.java:44) ~[eventbus-6.0.3.jar:?]
	at net.minecraftforge.eventbus.EventBusEngine.processClass(EventBusEngine.java:26) ~[eventbus-6.0.3.jar:?]
	at net.minecraftforge.eventbus.service.ModLauncherService.processClassWithFlags(ModLauncherService.java:32) ~[eventbus-6.0.3.jar:6.0.3+6.0.3+master.039e4ea9]
	at cpw.mods.modlauncher.LaunchPluginHandler.offerClassNodeToPlugins(LaunchPluginHandler.java:88) ~[modlauncher-10.0.8.jar:?]
	at cpw.mods.modlauncher.ClassTransformer.transform(ClassTransformer.java:120) ~[modlauncher-10.0.8.jar:?]
	at cpw.mods.modlauncher.TransformingClassLoader.maybeTransformClassBytes(TransformingClassLoader.java:50) ~[modlauncher-10.0.8.jar:?]
	at cpw.mods.cl.ModuleClassLoader.readerToClass(ModuleClassLoader.java:113) ~[securejarhandler-2.1.4.jar:?]
	at cpw.mods.cl.ModuleClassLoader.lambda$findClass$15(ModuleClassLoader.java:219) ~[securejarhandler-2.1.4.jar:?]
	at cpw.mods.cl.ModuleClassLoader.loadFromModule(ModuleClassLoader.java:229) ~[securejarhandler-2.1.4.jar:?]
	at cpw.mods.cl.ModuleClassLoader.findClass(ModuleClassLoader.java:219) ~[securejarhandler-2.1.4.jar:?]
	at cpw.mods.cl.ModuleClassLoader.loadClass(ModuleClassLoader.java:135) ~[securejarhandler-2.1.4.jar:?]
	at java.lang.ClassLoader.loadClass(Unknown Source) ~[?:?]
	at gg.essential.model.file.AnimationFile$Loop.<clinit>(AnimationFile.kt:74) ~[?:?]
	at gg.essential.model.file.AnimationFile$Animation.<clinit>(AnimationFile.kt:48) ~[?:?]
	at gg.essential.model.file.AnimationFile$Animation$$serializer.deserialize(AnimationFile.kt:48) ~[?:?]
	at gg.essential.model.file.AnimationFile$Animation$$serializer.deserialize(AnimationFile.kt:48) ~[?:?]
	at kotlinx.serialization.json.internal.StreamingJsonDecoder.decodeSerializableValue(StreamingJsonDecoder.kt:69) ~[?:?]
	at kotlinx.serialization.encoding.AbstractDecoder.decodeSerializableValue(AbstractDecoder.kt:43) ~[?:?]
	at kotlinx.serialization.encoding.AbstractDecoder.decodeSerializableElement(AbstractDecoder.kt:70) ~[?:?]
	at kotlinx.serialization.json.internal.StreamingJsonDecoder.decodeSerializableElement(StreamingJsonDecoder.kt:168) ~[?:?]
	at kotlinx.serialization.encoding.CompositeDecoder$DefaultImpls.decodeSerializableElement$default(Decoding.kt:538) ~[?:?]
	at kotlinx.serialization.internal.MapLikeSerializer.readElement(CollectionSerializers.kt:111) ~[?:?]
	at kotlinx.serialization.internal.MapLikeSerializer.readElement(CollectionSerializers.kt:84) ~[?:?]
	at kotlinx.serialization.internal.AbstractCollectionSerializer.readElement$default(CollectionSerializers.kt:51) ~[?:?]
	at kotlinx.serialization.internal.AbstractCollectionSerializer.merge(CollectionSerializers.kt:36) ~[?:?]
	at kotlinx.serialization.internal.AbstractCollectionSerializer.deserialize(CollectionSerializers.kt:43) ~[?:?]
	at kotlinx.serialization.json.internal.StreamingJsonDecoder.decodeSerializableValue(StreamingJsonDecoder.kt:69) ~[?:?]
	at kotlinx.serialization.encoding.AbstractDecoder.decodeSerializableValue(AbstractDecoder.kt:43) ~[?:?]
	at kotlinx.serialization.encoding.AbstractDecoder.decodeSerializableElement(AbstractDecoder.kt:70) ~[?:?]
	at kotlinx.serialization.json.internal.StreamingJsonDecoder.decodeSerializableElement(StreamingJsonDecoder.kt:168) ~[?:?]
	at gg.essential.model.file.AnimationFile$$serializer.deserialize(AnimationFile.kt:41) ~[?:?]
	at gg.essential.model.file.AnimationFile$$serializer.deserialize(AnimationFile.kt:41) ~[?:?]
	at kotlinx.serialization.json.internal.StreamingJsonDecoder.decodeSerializableValue(StreamingJsonDecoder.kt:69) ~[?:?]
	at kotlinx.serialization.json.Json.decodeFromString(Json.kt:107) ~[?:?]
	at gg.essential.network.connectionmanager.cosmetics.AssetLoader$JsonAssetType$3.invoke(AssetLoader.kt:350) ~[?:?]
	at gg.essential.network.connectionmanager.cosmetics.AssetLoader$JsonAssetType$3.invoke(AssetLoader.kt:349) ~[?:?]
	at gg.essential.network.connectionmanager.cosmetics.AssetLoader$getAsset$1$future$1.invoke(AssetLoader.kt:93) ~[?:?]
	at gg.essential.network.connectionmanager.cosmetics.AssetLoader$getAsset$1$future$1.invoke(AssetLoader.kt:91) ~[?:?]
	at gg.essential.network.connectionmanager.cosmetics.AssetLoader$getAsset$1.invoke$lambda$0(AssetLoader.kt:91) ~[?:?]
	at java.util.concurrent.CompletableFuture$UniApply.tryFire(Unknown Source) ~[?:?]
	at java.util.concurrent.CompletableFuture$Completion.exec(Unknown Source) ~[?:?]
	at java.util.concurrent.ForkJoinTask.doExec(Unknown Source) ~[?:?]
	at java.util.concurrent.ForkJoinPool$WorkQueue.topLevelExec(Unknown Source) ~[?:?]
	at java.util.concurrent.ForkJoinPool.scan(Unknown Source) ~[?:?]
	at java.util.concurrent.ForkJoinPool.runWorker(Unknown Source) ~[?:?]
	at java.util.concurrent.ForkJoinWorkerThread.run(Unknown Source) ~[?:?]
[10:48:21] [ForkJoinPool.commonPool-worker-5/ERROR]: An error occurred building event handler
java.lang.ClassNotFoundException: kotlinx.serialization.json.JsonTransformingSerializer
	at jdk.internal.loader.BuiltinClassLoader.loadClass(Unknown Source) ~[?:?]
	at jdk.internal.loader.ClassLoaders$AppClassLoader.loadClass(Unknown Source) ~[?:?]
	at java.lang.ClassLoader.loadClass(Unknown Source) ~[?:?]
	at net.minecraftforge.eventbus.EventSubclassTransformer.buildEvents(EventSubclassTransformer.java:92) ~[eventbus-6.0.3.jar:?]
	at net.minecraftforge.eventbus.EventSubclassTransformer.transform(EventSubclassTransformer.java:44) ~[eventbus-6.0.3.jar:?]
	at net.minecraftforge.eventbus.EventBusEngine.processClass(EventBusEngine.java:26) ~[eventbus-6.0.3.jar:?]
	at net.minecraftforge.eventbus.service.ModLauncherService.processClassWithFlags(ModLauncherService.java:32) ~[eventbus-6.0.3.jar:6.0.3+6.0.3+master.039e4ea9]
	at cpw.mods.modlauncher.LaunchPluginHandler.offerClassNodeToPlugins(LaunchPluginHandler.java:88) ~[modlauncher-10.0.8.jar:?]
	at cpw.mods.modlauncher.ClassTransformer.transform(ClassTransformer.java:120) ~[modlauncher-10.0.8.jar:?]
	at cpw.mods.modlauncher.TransformingClassLoader.maybeTransformClassBytes(TransformingClassLoader.java:50) ~[modlauncher-10.0.8.jar:?]
	at cpw.mods.cl.ModuleClassLoader.readerToClass(ModuleClassLoader.java:113) ~[securejarhandler-2.1.4.jar:?]
	at cpw.mods.cl.ModuleClassLoader.lambda$findClass$15(ModuleClassLoader.java:219) ~[securejarhandler-2.1.4.jar:?]
	at cpw.mods.cl.ModuleClassLoader.loadFromModule(ModuleClassLoader.java:229) ~[securejarhandler-2.1.4.jar:?]
	at cpw.mods.cl.ModuleClassLoader.findClass(ModuleClassLoader.java:219) ~[securejarhandler-2.1.4.jar:?]
	at cpw.mods.cl.ModuleClassLoader.loadClass(ModuleClassLoader.java:135) ~[securejarhandler-2.1.4.jar:?]
	at java.lang.ClassLoader.loadClass(Unknown Source) ~[?:?]
	at gg.essential.model.file.SoundDefinitionsFile$Definition.<clinit>(SoundDefinitionsFile.kt:28) ~[?:?]
	at gg.essential.model.file.SoundDefinitionsFile$Definition$$serializer.deserialize(SoundDefinitionsFile.kt:28) ~[?:?]
	at gg.essential.model.file.SoundDefinitionsFile$Definition$$serializer.deserialize(SoundDefinitionsFile.kt:28) ~[?:?]
	at kotlinx.serialization.json.internal.StreamingJsonDecoder.decodeSerializableValue(StreamingJsonDecoder.kt:69) ~[?:?]
	at kotlinx.serialization.encoding.AbstractDecoder.decodeSerializableValue(AbstractDecoder.kt:43) ~[?:?]
	at kotlinx.serialization.encoding.AbstractDecoder.decodeSerializableElement(AbstractDecoder.kt:70) ~[?:?]
	at kotlinx.serialization.json.internal.StreamingJsonDecoder.decodeSerializableElement(StreamingJsonDecoder.kt:168) ~[?:?]
	at kotlinx.serialization.encoding.CompositeDecoder$DefaultImpls.decodeSerializableElement$default(Decoding.kt:538) ~[?:?]
	at kotlinx.serialization.internal.MapLikeSerializer.readElement(CollectionSerializers.kt:111) ~[?:?]
	at kotlinx.serialization.internal.MapLikeSerializer.readElement(CollectionSerializers.kt:84) ~[?:?]
	at kotlinx.serialization.internal.AbstractCollectionSerializer.readElement$default(CollectionSerializers.kt:51) ~[?:?]
	at kotlinx.serialization.internal.AbstractCollectionSerializer.merge(CollectionSerializers.kt:36) ~[?:?]
	at kotlinx.serialization.internal.AbstractCollectionSerializer.deserialize(CollectionSerializers.kt:43) ~[?:?]
	at kotlinx.serialization.json.internal.StreamingJsonDecoder.decodeSerializableValue(StreamingJsonDecoder.kt:69) ~[?:?]
	at kotlinx.serialization.encoding.AbstractDecoder.decodeSerializableValue(AbstractDecoder.kt:43) ~[?:?]
	at kotlinx.serialization.encoding.AbstractDecoder.decodeSerializableElement(AbstractDecoder.kt:70) ~[?:?]
	at kotlinx.serialization.json.internal.StreamingJsonDecoder.decodeSerializableElement(StreamingJsonDecoder.kt:168) ~[?:?]
	at gg.essential.model.file.SoundDefinitionsFile$$serializer.deserialize(SoundDefinitionsFile.kt:23) ~[?:?]
	at gg.essential.model.file.SoundDefinitionsFile$$serializer.deserialize(SoundDefinitionsFile.kt:23) ~[?:?]
	at kotlinx.serialization.json.internal.StreamingJsonDecoder.decodeSerializableValue(StreamingJsonDecoder.kt:69) ~[?:?]
	at kotlinx.serialization.json.Json.decodeFromString(Json.kt:107) ~[?:?]
	at gg.essential.network.connectionmanager.cosmetics.AssetLoader$JsonAssetType$3.invoke(AssetLoader.kt:350) ~[?:?]
	at gg.essential.network.connectionmanager.cosmetics.AssetLoader$JsonAssetType$3.invoke(AssetLoader.kt:349) ~[?:?]
	at gg.essential.network.connectionmanager.cosmetics.AssetLoader$getAsset$1$future$1.invoke(AssetLoader.kt:93) ~[?:?]
	at gg.essential.network.connectionmanager.cosmetics.AssetLoader$getAsset$1$future$1.invoke(AssetLoader.kt:91) ~[?:?]
	at gg.essential.network.connectionmanager.cosmetics.AssetLoader$getAsset$1.invoke$lambda$0(AssetLoader.kt:91) ~[?:?]
	at java.util.concurrent.CompletableFuture$UniApply.tryFire(Unknown Source) ~[?:?]
	at java.util.concurrent.CompletableFuture$Completion.exec(Unknown Source) ~[?:?]
	at java.util.concurrent.ForkJoinTask.doExec(Unknown Source) ~[?:?]
	at java.util.concurrent.ForkJoinPool$WorkQueue.topLevelExec(Unknown Source) ~[?:?]
	at java.util.concurrent.ForkJoinPool.scan(Unknown Source) ~[?:?]
	at java.util.concurrent.ForkJoinPool.runWorker(Unknown Source) ~[?:?]
	at java.util.concurrent.ForkJoinWorkerThread.run(Unknown Source) ~[?:?]
[10:48:21] [ForkJoinPool.commonPool-worker-7/ERROR]: Could not find parent kotlinx/serialization/json/JsonTransformingSerializer for class gg/essential/model/util/ListOrSingleSerializer in classloader jdk.internal.loader.ClassLoaders$AppClassLoader@76ed5528 on thread Thread[ForkJoinPool.commonPool-worker-7,5,main]
[10:48:21] [ForkJoinPool.commonPool-worker-3/ERROR]: An error occurred building event handler
java.lang.ClassNotFoundException: kotlin.jvm.internal.Lambda
	at jdk.internal.loader.BuiltinClassLoader.loadClass(Unknown Source) ~[?:?]
	at jdk.internal.loader.ClassLoaders$AppClassLoader.loadClass(Unknown Source) ~[?:?]
	at java.lang.ClassLoader.loadClass(Unknown Source) ~[?:?]
	at net.minecraftforge.eventbus.EventSubclassTransformer.buildEvents(EventSubclassTransformer.java:92) ~[eventbus-6.0.3.jar:?]
	at net.minecraftforge.eventbus.EventSubclassTransformer.transform(EventSubclassTransformer.java:44) ~[eventbus-6.0.3.jar:?]
	at net.minecraftforge.eventbus.EventBusEngine.processClass(EventBusEngine.java:26) ~[eventbus-6.0.3.jar:?]
	at net.minecraftforge.eventbus.service.ModLauncherService.processClassWithFlags(ModLauncherService.java:32) ~[eventbus-6.0.3.jar:6.0.3+6.0.3+master.039e4ea9]
	at cpw.mods.modlauncher.LaunchPluginHandler.offerClassNodeToPlugins(LaunchPluginHandler.java:88) ~[modlauncher-10.0.8.jar:?]
	at cpw.mods.modlauncher.ClassTransformer.transform(ClassTransformer.java:120) ~[modlauncher-10.0.8.jar:?]
	at cpw.mods.modlauncher.TransformingClassLoader.maybeTransformClassBytes(TransformingClassLoader.java:50) ~[modlauncher-10.0.8.jar:?]
	at cpw.mods.cl.ModuleClassLoader.readerToClass(ModuleClassLoader.java:113) ~[securejarhandler-2.1.4.jar:?]
	at cpw.mods.cl.ModuleClassLoader.lambda$findClass$15(ModuleClassLoader.java:219) ~[securejarhandler-2.1.4.jar:?]
	at cpw.mods.cl.ModuleClassLoader.loadFromModule(ModuleClassLoader.java:229) ~[securejarhandler-2.1.4.jar:?]
	at cpw.mods.cl.ModuleClassLoader.findClass(ModuleClassLoader.java:219) ~[securejarhandler-2.1.4.jar:?]
	at cpw.mods.cl.ModuleClassLoader.loadClass(ModuleClassLoader.java:135) ~[securejarhandler-2.1.4.jar:?]
	at java.lang.ClassLoader.loadClass(Unknown Source) ~[?:?]
	at gg.essential.model.file.ParticlesFile$Material.<clinit>(ParticlesFile.kt:80) ~[?:?]
	at gg.essential.model.file.ParticlesFile$Material$$serializer.deserialize(ParticlesFile.kt:80) ~[?:?]
	at gg.essential.model.file.ParticlesFile$Material$$serializer.deserialize(ParticlesFile.kt:80) ~[?:?]
	at kotlinx.serialization.json.internal.StreamingJsonDecoder.decodeSerializableValue(StreamingJsonDecoder.kt:69) ~[?:?]
	at kotlinx.serialization.encoding.AbstractDecoder.decodeSerializableValue(AbstractDecoder.kt:43) ~[?:?]
	at kotlinx.serialization.encoding.AbstractDecoder.decodeSerializableElement(AbstractDecoder.kt:70) ~[?:?]
	at kotlinx.serialization.json.internal.StreamingJsonDecoder.decodeSerializableElement(StreamingJsonDecoder.kt:168) ~[?:?]
	at gg.essential.model.file.ParticlesFile$BasicRenderParameters$$serializer.deserialize(ParticlesFile.kt:74) ~[?:?]
	at gg.essential.model.file.ParticlesFile$BasicRenderParameters$$serializer.deserialize(ParticlesFile.kt:74) ~[?:?]
	at kotlinx.serialization.json.internal.StreamingJsonDecoder.decodeSerializableValue(StreamingJsonDecoder.kt:69) ~[?:?]
	at kotlinx.serialization.encoding.AbstractDecoder.decodeSerializableValue(AbstractDecoder.kt:43) ~[?:?]
	at kotlinx.serialization.encoding.AbstractDecoder.decodeSerializableElement(AbstractDecoder.kt:70) ~[?:?]
	at kotlinx.serialization.json.internal.StreamingJsonDecoder.decodeSerializableElement(StreamingJsonDecoder.kt:168) ~[?:?]
	at gg.essential.model.file.ParticlesFile$Description$$serializer.deserialize(ParticlesFile.kt:67) ~[?:?]
	at gg.essential.model.file.ParticlesFile$Description$$serializer.deserialize(ParticlesFile.kt:67) ~[?:?]
	at kotlinx.serialization.json.internal.StreamingJsonDecoder.decodeSerializableValue(StreamingJsonDecoder.kt:69) ~[?:?]
	at kotlinx.serialization.encoding.AbstractDecoder.decodeSerializableValue(AbstractDecoder.kt:43) ~[?:?]
	at kotlinx.serialization.encoding.AbstractDecoder.decodeSerializableElement(AbstractDecoder.kt:70) ~[?:?]
	at kotlinx.serialization.json.internal.StreamingJsonDecoder.decodeSerializableElement(StreamingJsonDecoder.kt:168) ~[?:?]
	at gg.essential.model.file.ParticlesFile$ParticleEffect$$serializer.deserialize(ParticlesFile.kt:59) ~[?:?]
	at gg.essential.model.file.ParticlesFile$ParticleEffect$$serializer.deserialize(ParticlesFile.kt:59) ~[?:?]
	at kotlinx.serialization.json.internal.StreamingJsonDecoder.decodeSerializableValue(StreamingJsonDecoder.kt:69) ~[?:?]
	at kotlinx.serialization.encoding.AbstractDecoder.decodeSerializableValue(AbstractDecoder.kt:43) ~[?:?]
	at kotlinx.serialization.encoding.AbstractDecoder.decodeSerializableElement(AbstractDecoder.kt:70) ~[?:?]
	at kotlinx.serialization.json.internal.StreamingJsonDecoder.decodeSerializableElement(StreamingJsonDecoder.kt:168) ~[?:?]
	at gg.essential.model.file.ParticlesFile$$serializer.deserialize(ParticlesFile.kt:52) ~[?:?]
	at gg.essential.model.file.ParticlesFile$$serializer.deserialize(ParticlesFile.kt:52) ~[?:?]
	at kotlinx.serialization.json.internal.StreamingJsonDecoder.decodeSerializableValue(StreamingJsonDecoder.kt:69) ~[?:?]
	at kotlinx.serialization.json.Json.decodeFromString(Json.kt:107) ~[?:?]
	at gg.essential.network.connectionmanager.cosmetics.AssetLoader$JsonAssetType$3.invoke(AssetLoader.kt:350) ~[?:?]
	at gg.essential.network.connectionmanager.cosmetics.AssetLoader$JsonAssetType$3.invoke(AssetLoader.kt:349) ~[?:?]
	at gg.essential.network.connectionmanager.cosmetics.AssetLoader$getAsset$1$future$1.invoke(AssetLoader.kt:93) ~[?:?]
	at gg.essential.network.connectionmanager.cosmetics.AssetLoader$getAsset$1$future$1.invoke(AssetLoader.kt:91) ~[?:?]
	at gg.essential.network.connectionmanager.cosmetics.AssetLoader$getAsset$1.invoke$lambda$0(AssetLoader.kt:91) ~[?:?]
	at java.util.concurrent.CompletableFuture$UniApply.tryFire(Unknown Source) ~[?:?]
	at java.util.concurrent.CompletableFuture$Completion.exec(Unknown Source) ~[?:?]
	at java.util.concurrent.ForkJoinTask.doExec(Unknown Source) ~[?:?]
	at java.util.concurrent.ForkJoinPool$WorkQueue.topLevelExec(Unknown Source) ~[?:?]
	at java.util.concurrent.ForkJoinPool.scan(Unknown Source) ~[?:?]
	at java.util.concurrent.ForkJoinPool.runWorker(Unknown Source) ~[?:?]
	at java.util.concurrent.ForkJoinWorkerThread.run(Unknown Source) ~[?:?]
[10:48:21] [ForkJoinPool.commonPool-worker-7/ERROR]: An error occurred building event handler
java.lang.ClassNotFoundException: kotlinx.serialization.json.JsonTransformingSerializer
	at jdk.internal.loader.BuiltinClassLoader.loadClass(Unknown Source) ~[?:?]
	at jdk.internal.loader.ClassLoaders$AppClassLoader.loadClass(Unknown Source) ~[?:?]
	at java.lang.ClassLoader.loadClass(Unknown Source) ~[?:?]
	at net.minecraftforge.eventbus.EventSubclassTransformer.buildEvents(EventSubclassTransformer.java:92) ~[eventbus-6.0.3.jar:?]
	at net.minecraftforge.eventbus.EventSubclassTransformer.transform(EventSubclassTransformer.java:44) ~[eventbus-6.0.3.jar:?]
	at net.minecraftforge.eventbus.EventBusEngine.processClass(EventBusEngine.java:26) ~[eventbus-6.0.3.jar:?]
	at net.minecraftforge.eventbus.service.ModLauncherService.processClassWithFlags(ModLauncherService.java:32) ~[eventbus-6.0.3.jar:6.0.3+6.0.3+master.039e4ea9]
	at cpw.mods.modlauncher.LaunchPluginHandler.offerClassNodeToPlugins(LaunchPluginHandler.java:88) ~[modlauncher-10.0.8.jar:?]
	at cpw.mods.modlauncher.ClassTransformer.transform(ClassTransformer.java:120) ~[modlauncher-10.0.8.jar:?]
	at cpw.mods.modlauncher.TransformingClassLoader.maybeTransformClassBytes(TransformingClassLoader.java:50) ~[modlauncher-10.0.8.jar:?]
	at cpw.mods.cl.ModuleClassLoader.readerToClass(ModuleClassLoader.java:113) ~[securejarhandler-2.1.4.jar:?]
	at cpw.mods.cl.ModuleClassLoader.lambda$findClass$15(ModuleClassLoader.java:219) ~[securejarhandler-2.1.4.jar:?]
	at cpw.mods.cl.ModuleClassLoader.loadFromModule(ModuleClassLoader.java:229) ~[securejarhandler-2.1.4.jar:?]
	at cpw.mods.cl.ModuleClassLoader.findClass(ModuleClassLoader.java:219) ~[securejarhandler-2.1.4.jar:?]
	at cpw.mods.cl.ModuleClassLoader.loadClass(ModuleClassLoader.java:135) ~[securejarhandler-2.1.4.jar:?]
	at java.lang.ClassLoader.loadClass(Unknown Source) ~[?:?]
	at gg.essential.model.file.AnimationFile$Animation.<clinit>(AnimationFile.kt:48) ~[?:?]
	at gg.essential.model.file.AnimationFile$Animation$$serializer.deserialize(AnimationFile.kt:48) ~[?:?]
	at gg.essential.model.file.AnimationFile$Animation$$serializer.deserialize(AnimationFile.kt:48) ~[?:?]
	at kotlinx.serialization.json.internal.StreamingJsonDecoder.decodeSerializableValue(StreamingJsonDecoder.kt:69) ~[?:?]
	at kotlinx.serialization.encoding.AbstractDecoder.decodeSerializableValue(AbstractDecoder.kt:43) ~[?:?]
	at kotlinx.serialization.encoding.AbstractDecoder.decodeSerializableElement(AbstractDecoder.kt:70) ~[?:?]
	at kotlinx.serialization.json.internal.StreamingJsonDecoder.decodeSerializableElement(StreamingJsonDecoder.kt:168) ~[?:?]
	at kotlinx.serialization.encoding.CompositeDecoder$DefaultImpls.decodeSerializableElement$default(Decoding.kt:538) ~[?:?]
	at kotlinx.serialization.internal.MapLikeSerializer.readElement(CollectionSerializers.kt:111) ~[?:?]
	at kotlinx.serialization.internal.MapLikeSerializer.readElement(CollectionSerializers.kt:84) ~[?:?]
	at kotlinx.serialization.internal.AbstractCollectionSerializer.readElement$default(CollectionSerializers.kt:51) ~[?:?]
	at kotlinx.serialization.internal.AbstractCollectionSerializer.merge(CollectionSerializers.kt:36) ~[?:?]
	at kotlinx.serialization.internal.AbstractCollectionSerializer.deserialize(CollectionSerializers.kt:43) ~[?:?]
	at kotlinx.serialization.json.internal.StreamingJsonDecoder.decodeSerializableValue(StreamingJsonDecoder.kt:69) ~[?:?]
	at kotlinx.serialization.encoding.AbstractDecoder.decodeSerializableValue(AbstractDecoder.kt:43) ~[?:?]
	at kotlinx.serialization.encoding.AbstractDecoder.decodeSerializableElement(AbstractDecoder.kt:70) ~[?:?]
	at kotlinx.serialization.json.internal.StreamingJsonDecoder.decodeSerializableElement(StreamingJsonDecoder.kt:168) ~[?:?]
	at gg.essential.model.file.AnimationFile$$serializer.deserialize(AnimationFile.kt:41) ~[?:?]
	at gg.essential.model.file.AnimationFile$$serializer.deserialize(AnimationFile.kt:41) ~[?:?]
	at kotlinx.serialization.json.internal.StreamingJsonDecoder.decodeSerializableValue(StreamingJsonDecoder.kt:69) ~[?:?]
	at kotlinx.serialization.json.Json.decodeFromString(Json.kt:107) ~[?:?]
	at gg.essential.network.connectionmanager.cosmetics.AssetLoader$JsonAssetType$3.invoke(AssetLoader.kt:350) ~[?:?]
	at gg.essential.network.connectionmanager.cosmetics.AssetLoader$JsonAssetType$3.invoke(AssetLoader.kt:349) ~[?:?]
	at gg.essential.network.connectionmanager.cosmetics.AssetLoader$getAsset$1$future$1.invoke(AssetLoader.kt:93) ~[?:?]
	at gg.essential.network.connectionmanager.cosmetics.AssetLoader$getAsset$1$future$1.invoke(AssetLoader.kt:91) ~[?:?]
	at gg.essential.network.connectionmanager.cosmetics.AssetLoader$getAsset$1.invoke$lambda$0(AssetLoader.kt:91) ~[?:?]
	at java.util.concurrent.CompletableFuture$UniApply.tryFire(Unknown Source) ~[?:?]
	at java.util.concurrent.CompletableFuture$Completion.exec(Unknown Source) ~[?:?]
	at java.util.concurrent.ForkJoinTask.doExec(Unknown Source) ~[?:?]
	at java.util.concurrent.ForkJoinPool$WorkQueue.topLevelExec(Unknown Source) ~[?:?]
	at java.util.concurrent.ForkJoinPool.scan(Unknown Source) ~[?:?]
	at java.util.concurrent.ForkJoinPool.runWorker(Unknown Source) ~[?:?]
	at java.util.concurrent.ForkJoinWorkerThread.run(Unknown Source) ~[?:?]
[10:48:21] [ForkJoinPool.commonPool-worker-5/ERROR]: Could not find parent kotlin/jvm/internal/Lambda for class gg/essential/model/SoundCategory$Companion$1 in classloader jdk.internal.loader.ClassLoaders$AppClassLoader@76ed5528 on thread Thread[ForkJoinPool.commonPool-worker-5,5,main]
[10:48:21] [ForkJoinPool.commonPool-worker-3/ERROR]: Could not find parent kotlin/jvm/internal/Lambda for class gg/essential/model/file/ParticlesFile$Curve$Type$Companion$1 in classloader jdk.internal.loader.ClassLoaders$AppClassLoader@76ed5528 on thread Thread[ForkJoinPool.commonPool-worker-3,5,main]
[10:48:21] [ForkJoinPool.commonPool-worker-5/ERROR]: An error occurred building event handler
java.lang.ClassNotFoundException: kotlin.jvm.internal.Lambda
	at jdk.internal.loader.BuiltinClassLoader.loadClass(Unknown Source) ~[?:?]
	at jdk.internal.loader.ClassLoaders$AppClassLoader.loadClass(Unknown Source) ~[?:?]
	at java.lang.ClassLoader.loadClass(Unknown Source) ~[?:?]
	at net.minecraftforge.eventbus.EventSubclassTransformer.buildEvents(EventSubclassTransformer.java:92) ~[eventbus-6.0.3.jar:?]
	at net.minecraftforge.eventbus.EventSubclassTransformer.transform(EventSubclassTransformer.java:44) ~[eventbus-6.0.3.jar:?]
	at net.minecraftforge.eventbus.EventBusEngine.processClass(EventBusEngine.java:26) ~[eventbus-6.0.3.jar:?]
	at net.minecraftforge.eventbus.service.ModLauncherService.processClassWithFlags(ModLauncherService.java:32) ~[eventbus-6.0.3.jar:6.0.3+6.0.3+master.039e4ea9]
	at cpw.mods.modlauncher.LaunchPluginHandler.offerClassNodeToPlugins(LaunchPluginHandler.java:88) ~[modlauncher-10.0.8.jar:?]
	at cpw.mods.modlauncher.ClassTransformer.transform(ClassTransformer.java:120) ~[modlauncher-10.0.8.jar:?]
	at cpw.mods.modlauncher.TransformingClassLoader.maybeTransformClassBytes(TransformingClassLoader.java:50) ~[modlauncher-10.0.8.jar:?]
	at cpw.mods.cl.ModuleClassLoader.readerToClass(ModuleClassLoader.java:113) ~[securejarhandler-2.1.4.jar:?]
	at cpw.mods.cl.ModuleClassLoader.lambda$findClass$15(ModuleClassLoader.java:219) ~[securejarhandler-2.1.4.jar:?]
	at cpw.mods.cl.ModuleClassLoader.loadFromModule(ModuleClassLoader.java:229) ~[securejarhandler-2.1.4.jar:?]
	at cpw.mods.cl.ModuleClassLoader.findClass(ModuleClassLoader.java:219) ~[securejarhandler-2.1.4.jar:?]
	at cpw.mods.cl.ModuleClassLoader.loadClass(ModuleClassLoader.java:135) ~[securejarhandler-2.1.4.jar:?]
	at java.lang.ClassLoader.loadClass(Unknown Source) ~[?:?]
	at gg.essential.model.SoundCategory.<clinit>(SoundCategory.kt:17) ~[?:?]
	at gg.essential.model.SoundCategory$$serializer.deserialize(SoundCategory.kt:17) ~[?:?]
	at gg.essential.model.SoundCategory$$serializer.deserialize(SoundCategory.kt:17) ~[?:?]
	at kotlinx.serialization.json.internal.StreamingJsonDecoder.decodeSerializableValue(StreamingJsonDecoder.kt:69) ~[?:?]
	at kotlinx.serialization.encoding.AbstractDecoder.decodeSerializableValue(AbstractDecoder.kt:43) ~[?:?]
	at kotlinx.serialization.encoding.AbstractDecoder.decodeSerializableElement(AbstractDecoder.kt:70) ~[?:?]
	at kotlinx.serialization.json.internal.StreamingJsonDecoder.decodeSerializableElement(StreamingJsonDecoder.kt:168) ~[?:?]
	at gg.essential.model.file.SoundDefinitionsFile$Definition$$serializer.deserialize(SoundDefinitionsFile.kt:28) ~[?:?]
	at gg.essential.model.file.SoundDefinitionsFile$Definition$$serializer.deserialize(SoundDefinitionsFile.kt:28) ~[?:?]
	at kotlinx.serialization.json.internal.StreamingJsonDecoder.decodeSerializableValue(StreamingJsonDecoder.kt:69) ~[?:?]
	at kotlinx.serialization.encoding.AbstractDecoder.decodeSerializableValue(AbstractDecoder.kt:43) ~[?:?]
	at kotlinx.serialization.encoding.AbstractDecoder.decodeSerializableElement(AbstractDecoder.kt:70) ~[?:?]
	at kotlinx.serialization.json.internal.StreamingJsonDecoder.decodeSerializableElement(StreamingJsonDecoder.kt:168) ~[?:?]
	at kotlinx.serialization.encoding.CompositeDecoder$DefaultImpls.decodeSerializableElement$default(Decoding.kt:538) ~[?:?]
	at kotlinx.serialization.internal.MapLikeSerializer.readElement(CollectionSerializers.kt:111) ~[?:?]
	at kotlinx.serialization.internal.MapLikeSerializer.readElement(CollectionSerializers.kt:84) ~[?:?]
	at kotlinx.serialization.internal.AbstractCollectionSerializer.readElement$default(CollectionSerializers.kt:51) ~[?:?]
	at kotlinx.serialization.internal.AbstractCollectionSerializer.merge(CollectionSerializers.kt:36) ~[?:?]
	at kotlinx.serialization.internal.AbstractCollectionSerializer.deserialize(CollectionSerializers.kt:43) ~[?:?]
	at kotlinx.serialization.json.internal.StreamingJsonDecoder.decodeSerializableValue(StreamingJsonDecoder.kt:69) ~[?:?]
	at kotlinx.serialization.encoding.AbstractDecoder.decodeSerializableValue(AbstractDecoder.kt:43) ~[?:?]
	at kotlinx.serialization.encoding.AbstractDecoder.decodeSerializableElement(AbstractDecoder.kt:70) ~[?:?]
	at kotlinx.serialization.json.internal.StreamingJsonDecoder.decodeSerializableElement(StreamingJsonDecoder.kt:168) ~[?:?]
	at gg.essential.model.file.SoundDefinitionsFile$$serializer.deserialize(SoundDefinitionsFile.kt:23) ~[?:?]
	at gg.essential.model.file.SoundDefinitionsFile$$serializer.deserialize(SoundDefinitionsFile.kt:23) ~[?:?]
	at kotlinx.serialization.json.internal.StreamingJsonDecoder.decodeSerializableValue(StreamingJsonDecoder.kt:69) ~[?:?]
	at kotlinx.serialization.json.Json.decodeFromString(Json.kt:107) ~[?:?]
	at gg.essential.network.connectionmanager.cosmetics.AssetLoader$JsonAssetType$3.invoke(AssetLoader.kt:350) ~[?:?]
	at gg.essential.network.connectionmanager.cosmetics.AssetLoader$JsonAssetType$3.invoke(AssetLoader.kt:349) ~[?:?]
	at gg.essential.network.connectionmanager.cosmetics.AssetLoader$getAsset$1$future$1.invoke(AssetLoader.kt:93) ~[?:?]
	at gg.essential.network.connectionmanager.cosmetics.AssetLoader$getAsset$1$future$1.invoke(AssetLoader.kt:91) ~[?:?]
	at gg.essential.network.connectionmanager.cosmetics.AssetLoader$getAsset$1.invoke$lambda$0(AssetLoader.kt:91) ~[?:?]
	at java.util.concurrent.CompletableFuture$UniApply.tryFire(Unknown Source) ~[?:?]
	at java.util.concurrent.CompletableFuture$Completion.exec(Unknown Source) ~[?:?]
	at java.util.concurrent.ForkJoinTask.doExec(Unknown Source) ~[?:?]
	at java.util.concurrent.ForkJoinPool$WorkQueue.topLevelExec(Unknown Source) ~[?:?]
	at java.util.concurrent.ForkJoinPool.scan(Unknown Source) ~[?:?]
	at java.util.concurrent.ForkJoinPool.runWorker(Unknown Source) ~[?:?]
	at java.util.concurrent.ForkJoinWorkerThread.run(Unknown Source) ~[?:?]
[10:48:21] [ForkJoinPool.commonPool-worker-3/ERROR]: An error occurred building event handler
java.lang.ClassNotFoundException: kotlin.jvm.internal.Lambda
	at jdk.internal.loader.BuiltinClassLoader.loadClass(Unknown Source) ~[?:?]
	at jdk.internal.loader.ClassLoaders$AppClassLoader.loadClass(Unknown Source) ~[?:?]
	at java.lang.ClassLoader.loadClass(Unknown Source) ~[?:?]
	at net.minecraftforge.eventbus.EventSubclassTransformer.buildEvents(EventSubclassTransformer.java:92) ~[eventbus-6.0.3.jar:?]
	at net.minecraftforge.eventbus.EventSubclassTransformer.transform(EventSubclassTransformer.java:44) ~[eventbus-6.0.3.jar:?]
	at net.minecraftforge.eventbus.EventBusEngine.processClass(EventBusEngine.java:26) ~[eventbus-6.0.3.jar:?]
	at net.minecraftforge.eventbus.service.ModLauncherService.processClassWithFlags(ModLauncherService.java:32) ~[eventbus-6.0.3.jar:6.0.3+6.0.3+master.039e4ea9]
	at cpw.mods.modlauncher.LaunchPluginHandler.offerClassNodeToPlugins(LaunchPluginHandler.java:88) ~[modlauncher-10.0.8.jar:?]
	at cpw.mods.modlauncher.ClassTransformer.transform(ClassTransformer.java:120) ~[modlauncher-10.0.8.jar:?]
	at cpw.mods.modlauncher.TransformingClassLoader.maybeTransformClassBytes(TransformingClassLoader.java:50) ~[modlauncher-10.0.8.jar:?]
	at cpw.mods.cl.ModuleClassLoader.readerToClass(ModuleClassLoader.java:113) ~[securejarhandler-2.1.4.jar:?]
	at cpw.mods.cl.ModuleClassLoader.lambda$findClass$15(ModuleClassLoader.java:219) ~[securejarhandler-2.1.4.jar:?]
	at cpw.mods.cl.ModuleClassLoader.loadFromModule(ModuleClassLoader.java:229) ~[securejarhandler-2.1.4.jar:?]
	at cpw.mods.cl.ModuleClassLoader.findClass(ModuleClassLoader.java:219) ~[securejarhandler-2.1.4.jar:?]
	at cpw.mods.cl.ModuleClassLoader.loadClass(ModuleClassLoader.java:135) ~[securejarhandler-2.1.4.jar:?]
	at java.lang.ClassLoader.loadClass(Unknown Source) ~[?:?]
	at gg.essential.model.file.ParticlesFile$Curve$Type.<clinit>(ParticlesFile.kt:98) ~[?:?]
	at gg.essential.model.file.ParticlesFile$Curve$Type$$serializer.deserialize(ParticlesFile.kt:98) ~[?:?]
	at gg.essential.model.file.ParticlesFile$Curve$Type$$serializer.deserialize(ParticlesFile.kt:98) ~[?:?]
	at kotlinx.serialization.json.internal.StreamingJsonDecoder.decodeSerializableValue(StreamingJsonDecoder.kt:69) ~[?:?]
	at kotlinx.serialization.encoding.AbstractDecoder.decodeSerializableValue(AbstractDecoder.kt:43) ~[?:?]
	at kotlinx.serialization.encoding.AbstractDecoder.decodeSerializableElement(AbstractDecoder.kt:70) ~[?:?]
	at kotlinx.serialization.json.internal.StreamingJsonDecoder.decodeSerializableElement(StreamingJsonDecoder.kt:168) ~[?:?]
	at gg.essential.model.file.ParticlesFile$Curve$$serializer.deserialize(ParticlesFile.kt:90) ~[?:?]
	at gg.essential.model.file.ParticlesFile$Curve$$serializer.deserialize(ParticlesFile.kt:90) ~[?:?]
	at kotlinx.serialization.json.internal.StreamingJsonDecoder.decodeSerializableValue(StreamingJsonDecoder.kt:69) ~[?:?]
	at kotlinx.serialization.encoding.AbstractDecoder.decodeSerializableValue(AbstractDecoder.kt:43) ~[?:?]
	at kotlinx.serialization.encoding.AbstractDecoder.decodeSerializableElement(AbstractDecoder.kt:70) ~[?:?]
	at kotlinx.serialization.json.internal.StreamingJsonDecoder.decodeSerializableElement(StreamingJsonDecoder.kt:168) ~[?:?]
	at kotlinx.serialization.encoding.CompositeDecoder$DefaultImpls.decodeSerializableElement$default(Decoding.kt:538) ~[?:?]
	at kotlinx.serialization.internal.MapLikeSerializer.readElement(CollectionSerializers.kt:111) ~[?:?]
	at kotlinx.serialization.internal.MapLikeSerializer.readElement(CollectionSerializers.kt:84) ~[?:?]
	at kotlinx.serialization.internal.AbstractCollectionSerializer.readElement$default(CollectionSerializers.kt:51) ~[?:?]
	at kotlinx.serialization.internal.AbstractCollectionSerializer.merge(CollectionSerializers.kt:36) ~[?:?]
	at kotlinx.serialization.internal.AbstractCollectionSerializer.deserialize(CollectionSerializers.kt:43) ~[?:?]
	at kotlinx.serialization.json.internal.StreamingJsonDecoder.decodeSerializableValue(StreamingJsonDecoder.kt:69) ~[?:?]
	at kotlinx.serialization.encoding.AbstractDecoder.decodeSerializableValue(AbstractDecoder.kt:43) ~[?:?]
	at kotlinx.serialization.encoding.AbstractDecoder.decodeSerializableElement(AbstractDecoder.kt:70) ~[?:?]
	at kotlinx.serialization.json.internal.StreamingJsonDecoder.decodeSerializableElement(StreamingJsonDecoder.kt:168) ~[?:?]
	at gg.essential.model.file.ParticlesFile$ParticleEffect$$serializer.deserialize(ParticlesFile.kt:59) ~[?:?]
	at gg.essential.model.file.ParticlesFile$ParticleEffect$$serializer.deserialize(ParticlesFile.kt:59) ~[?:?]
	at kotlinx.serialization.json.internal.StreamingJsonDecoder.decodeSerializableValue(StreamingJsonDecoder.kt:69) ~[?:?]
	at kotlinx.serialization.encoding.AbstractDecoder.decodeSerializableValue(AbstractDecoder.kt:43) ~[?:?]
	at kotlinx.serialization.encoding.AbstractDecoder.decodeSerializableElement(AbstractDecoder.kt:70) ~[?:?]
	at kotlinx.serialization.json.internal.StreamingJsonDecoder.decodeSerializableElement(StreamingJsonDecoder.kt:168) ~[?:?]
	at gg.essential.model.file.ParticlesFile$$serializer.deserialize(ParticlesFile.kt:52) ~[?:?]
	at gg.essential.model.file.ParticlesFile$$serializer.deserialize(ParticlesFile.kt:52) ~[?:?]
	at kotlinx.serialization.json.internal.StreamingJsonDecoder.decodeSerializableValue(StreamingJsonDecoder.kt:69) ~[?:?]
	at kotlinx.serialization.json.Json.decodeFromString(Json.kt:107) ~[?:?]
	at gg.essential.network.connectionmanager.cosmetics.AssetLoader$JsonAssetType$3.invoke(AssetLoader.kt:350) ~[?:?]
	at gg.essential.network.connectionmanager.cosmetics.AssetLoader$JsonAssetType$3.invoke(AssetLoader.kt:349) ~[?:?]
	at gg.essential.network.connectionmanager.cosmetics.AssetLoader$getAsset$1$future$1.invoke(AssetLoader.kt:93) ~[?:?]
	at gg.essential.network.connectionmanager.cosmetics.AssetLoader$getAsset$1$future$1.invoke(AssetLoader.kt:91) ~[?:?]
	at gg.essential.network.connectionmanager.cosmetics.AssetLoader$getAsset$1.invoke$lambda$0(AssetLoader.kt:91) ~[?:?]
	at java.util.concurrent.CompletableFuture$UniApply.tryFire(Unknown Source) ~[?:?]
	at java.util.concurrent.CompletableFuture$Completion.exec(Unknown Source) ~[?:?]
	at java.util.concurrent.ForkJoinTask.doExec(Unknown Source) ~[?:?]
	at java.util.concurrent.ForkJoinPool$WorkQueue.topLevelExec(Unknown Source) ~[?:?]
	at java.util.concurrent.ForkJoinPool.scan(Unknown Source) ~[?:?]
	at java.util.concurrent.ForkJoinPool.runWorker(Unknown Source) ~[?:?]
	at java.util.concurrent.ForkJoinWorkerThread.run(Unknown Source) ~[?:?]
[10:48:21] [ForkJoinPool.commonPool-worker-1/ERROR]: Could not find parent gg/essential/lib/okhttp3/internal/Internal for class gg/essential/lib/okhttp3/OkHttpClient$1 in classloader jdk.internal.loader.ClassLoaders$AppClassLoader@76ed5528 on thread Thread[ForkJoinPool.commonPool-worker-1,5,main]
[10:48:21] [ForkJoinPool.commonPool-worker-4/ERROR]: Could not find parent kotlinx/serialization/json/JsonTransformingSerializer for class gg/essential/model/file/KeyframesSerializer$InnerSerializer in classloader jdk.internal.loader.ClassLoaders$AppClassLoader@76ed5528 on thread Thread[ForkJoinPool.commonPool-worker-4,5,main]
[10:48:21] [ForkJoinPool.commonPool-worker-1/ERROR]: An error occurred building event handler
java.lang.ClassNotFoundException: gg.essential.lib.okhttp3.internal.Internal
	at jdk.internal.loader.BuiltinClassLoader.loadClass(Unknown Source) ~[?:?]
	at jdk.internal.loader.ClassLoaders$AppClassLoader.loadClass(Unknown Source) ~[?:?]
	at java.lang.ClassLoader.loadClass(Unknown Source) ~[?:?]
	at net.minecraftforge.eventbus.EventSubclassTransformer.buildEvents(EventSubclassTransformer.java:92) ~[eventbus-6.0.3.jar:?]
	at net.minecraftforge.eventbus.EventSubclassTransformer.transform(EventSubclassTransformer.java:44) ~[eventbus-6.0.3.jar:?]
	at net.minecraftforge.eventbus.EventBusEngine.processClass(EventBusEngine.java:26) ~[eventbus-6.0.3.jar:?]
	at net.minecraftforge.eventbus.service.ModLauncherService.processClassWithFlags(ModLauncherService.java:32) ~[eventbus-6.0.3.jar:6.0.3+6.0.3+master.039e4ea9]
	at cpw.mods.modlauncher.LaunchPluginHandler.offerClassNodeToPlugins(LaunchPluginHandler.java:88) ~[modlauncher-10.0.8.jar:?]
	at cpw.mods.modlauncher.ClassTransformer.transform(ClassTransformer.java:120) ~[modlauncher-10.0.8.jar:?]
	at cpw.mods.modlauncher.TransformingClassLoader.maybeTransformClassBytes(TransformingClassLoader.java:50) ~[modlauncher-10.0.8.jar:?]
	at cpw.mods.cl.ModuleClassLoader.readerToClass(ModuleClassLoader.java:113) ~[securejarhandler-2.1.4.jar:?]
	at cpw.mods.cl.ModuleClassLoader.lambda$findClass$15(ModuleClassLoader.java:219) ~[securejarhandler-2.1.4.jar:?]
	at cpw.mods.cl.ModuleClassLoader.loadFromModule(ModuleClassLoader.java:229) ~[securejarhandler-2.1.4.jar:?]
	at cpw.mods.cl.ModuleClassLoader.findClass(ModuleClassLoader.java:219) ~[securejarhandler-2.1.4.jar:?]
	at cpw.mods.cl.ModuleClassLoader.loadClass(ModuleClassLoader.java:135) ~[securejarhandler-2.1.4.jar:?]
	at java.lang.ClassLoader.loadClass(Unknown Source) ~[?:?]
	at gg.essential.lib.okhttp3.OkHttpClient$Builder.<init>(OkHttpClient.java:475) ~[?:?]
	at gg.essential.util.HttpUtils.httpClient$lambda$1(HttpUtils.kt:40) ~[?:?]
	at java.util.concurrent.CompletableFuture$AsyncSupply.run(Unknown Source) ~[?:?]
	at java.util.concurrent.CompletableFuture$AsyncSupply.exec(Unknown Source) ~[?:?]
	at java.util.concurrent.ForkJoinTask.doExec(Unknown Source) ~[?:?]
	at java.util.concurrent.ForkJoinPool$WorkQueue.topLevelExec(Unknown Source) ~[?:?]
	at java.util.concurrent.ForkJoinPool.scan(Unknown Source) ~[?:?]
	at java.util.concurrent.ForkJoinPool.runWorker(Unknown Source) ~[?:?]
	at java.util.concurrent.ForkJoinWorkerThread.run(Unknown Source) ~[?:?]
[10:48:21] [ForkJoinPool.commonPool-worker-4/ERROR]: An error occurred building event handler
java.lang.ClassNotFoundException: kotlinx.serialization.json.JsonTransformingSerializer
	at jdk.internal.loader.BuiltinClassLoader.loadClass(Unknown Source) ~[?:?]
	at jdk.internal.loader.ClassLoaders$AppClassLoader.loadClass(Unknown Source) ~[?:?]
	at java.lang.ClassLoader.loadClass(Unknown Source) ~[?:?]
	at net.minecraftforge.eventbus.EventSubclassTransformer.buildEvents(EventSubclassTransformer.java:92) ~[eventbus-6.0.3.jar:?]
	at net.minecraftforge.eventbus.EventSubclassTransformer.transform(EventSubclassTransformer.java:44) ~[eventbus-6.0.3.jar:?]
	at net.minecraftforge.eventbus.EventBusEngine.processClass(EventBusEngine.java:26) ~[eventbus-6.0.3.jar:?]
	at net.minecraftforge.eventbus.service.ModLauncherService.processClassWithFlags(ModLauncherService.java:32) ~[eventbus-6.0.3.jar:6.0.3+6.0.3+master.039e4ea9]
	at cpw.mods.modlauncher.LaunchPluginHandler.offerClassNodeToPlugins(LaunchPluginHandler.java:88) ~[modlauncher-10.0.8.jar:?]
	at cpw.mods.modlauncher.ClassTransformer.transform(ClassTransformer.java:120) ~[modlauncher-10.0.8.jar:?]
	at cpw.mods.modlauncher.TransformingClassLoader.maybeTransformClassBytes(TransformingClassLoader.java:50) ~[modlauncher-10.0.8.jar:?]
	at cpw.mods.cl.ModuleClassLoader.readerToClass(ModuleClassLoader.java:113) ~[securejarhandler-2.1.4.jar:?]
	at cpw.mods.cl.ModuleClassLoader.lambda$findClass$15(ModuleClassLoader.java:219) ~[securejarhandler-2.1.4.jar:?]
	at cpw.mods.cl.ModuleClassLoader.loadFromModule(ModuleClassLoader.java:229) ~[securejarhandler-2.1.4.jar:?]
	at cpw.mods.cl.ModuleClassLoader.findClass(ModuleClassLoader.java:219) ~[securejarhandler-2.1.4.jar:?]
	at cpw.mods.cl.ModuleClassLoader.loadClass(ModuleClassLoader.java:135) ~[securejarhandler-2.1.4.jar:?]
	at java.lang.ClassLoader.loadClass(Unknown Source) ~[?:?]
	at gg.essential.model.file.KeyframesSerializer.<init>(AnimationFile.kt:104) ~[?:?]
	at gg.essential.model.Keyframes$Companion.serializer(Animation.kt:387) ~[?:?]
	at gg.essential.model.Channels.<clinit>(Animation.kt:373) ~[?:?]
	at gg.essential.model.Channels$$serializer.deserialize(Animation.kt:373) ~[?:?]
	at gg.essential.model.Channels$$serializer.deserialize(Animation.kt:373) ~[?:?]
	at kotlinx.serialization.json.internal.StreamingJsonDecoder.decodeSerializableValue(StreamingJsonDecoder.kt:69) ~[?:?]
	at kotlinx.serialization.encoding.AbstractDecoder.decodeSerializableValue(AbstractDecoder.kt:43) ~[?:?]
	at kotlinx.serialization.encoding.AbstractDecoder.decodeSerializableElement(AbstractDecoder.kt:70) ~[?:?]
	at kotlinx.serialization.json.internal.StreamingJsonDecoder.decodeSerializableElement(StreamingJsonDecoder.kt:168) ~[?:?]
	at kotlinx.serialization.encoding.CompositeDecoder$DefaultImpls.decodeSerializableElement$default(Decoding.kt:538) ~[?:?]
	at kotlinx.serialization.internal.MapLikeSerializer.readElement(CollectionSerializers.kt:111) ~[?:?]
	at kotlinx.serialization.internal.MapLikeSerializer.readElement(CollectionSerializers.kt:84) ~[?:?]
	at kotlinx.serialization.internal.AbstractCollectionSerializer.readElement$default(CollectionSerializers.kt:51) ~[?:?]
	at kotlinx.serialization.internal.AbstractCollectionSerializer.merge(CollectionSerializers.kt:36) ~[?:?]
	at kotlinx.serialization.internal.AbstractCollectionSerializer.deserialize(CollectionSerializers.kt:43) ~[?:?]
	at kotlinx.serialization.json.internal.StreamingJsonDecoder.decodeSerializableValue(StreamingJsonDecoder.kt:69) ~[?:?]
	at kotlinx.serialization.encoding.AbstractDecoder.decodeSerializableValue(AbstractDecoder.kt:43) ~[?:?]
	at kotlinx.serialization.encoding.AbstractDecoder.decodeSerializableElement(AbstractDecoder.kt:70) ~[?:?]
	at kotlinx.serialization.json.internal.StreamingJsonDecoder.decodeSerializableElement(StreamingJsonDecoder.kt:168) ~[?:?]
	at gg.essential.model.file.AnimationFile$Animation$$serializer.deserialize(AnimationFile.kt:48) ~[?:?]
	at gg.essential.model.file.AnimationFile$Animation$$serializer.deserialize(AnimationFile.kt:48) ~[?:?]
	at kotlinx.serialization.json.internal.StreamingJsonDecoder.decodeSerializableValue(StreamingJsonDecoder.kt:69) ~[?:?]
	at kotlinx.serialization.encoding.AbstractDecoder.decodeSerializableValue(AbstractDecoder.kt:43) ~[?:?]
	at kotlinx.serialization.encoding.AbstractDecoder.decodeSerializableElement(AbstractDecoder.kt:70) ~[?:?]
	at kotlinx.serialization.json.internal.StreamingJsonDecoder.decodeSerializableElement(StreamingJsonDecoder.kt:168) ~[?:?]
	at kotlinx.serialization.encoding.CompositeDecoder$DefaultImpls.decodeSerializableElement$default(Decoding.kt:538) ~[?:?]
	at kotlinx.serialization.internal.MapLikeSerializer.readElement(CollectionSerializers.kt:111) ~[?:?]
	at kotlinx.serialization.internal.MapLikeSerializer.readElement(CollectionSerializers.kt:84) ~[?:?]
	at kotlinx.serialization.internal.AbstractCollectionSerializer.readElement$default(CollectionSerializers.kt:51) ~[?:?]
	at kotlinx.serialization.internal.AbstractCollectionSerializer.merge(CollectionSerializers.kt:36) ~[?:?]
	at kotlinx.serialization.internal.AbstractCollectionSerializer.deserialize(CollectionSerializers.kt:43) ~[?:?]
	at kotlinx.serialization.json.internal.StreamingJsonDecoder.decodeSerializableValue(StreamingJsonDecoder.kt:69) ~[?:?]
	at kotlinx.serialization.encoding.AbstractDecoder.decodeSerializableValue(AbstractDecoder.kt:43) ~[?:?]
	at kotlinx.serialization.encoding.AbstractDecoder.decodeSerializableElement(AbstractDecoder.kt:70) ~[?:?]
	at kotlinx.serialization.json.internal.StreamingJsonDecoder.decodeSerializableElement(StreamingJsonDecoder.kt:168) ~[?:?]
	at gg.essential.model.file.AnimationFile$$serializer.deserialize(AnimationFile.kt:41) ~[?:?]
	at gg.essential.model.file.AnimationFile$$serializer.deserialize(AnimationFile.kt:41) ~[?:?]
	at kotlinx.serialization.json.internal.StreamingJsonDecoder.decodeSerializableValue(StreamingJsonDecoder.kt:69) ~[?:?]
	at kotlinx.serialization.json.Json.decodeFromString(Json.kt:107) ~[?:?]
	at gg.essential.network.connectionmanager.cosmetics.AssetLoader$JsonAssetType$3.invoke(AssetLoader.kt:350) ~[?:?]
	at gg.essential.network.connectionmanager.cosmetics.AssetLoader$JsonAssetType$3.invoke(AssetLoader.kt:349) ~[?:?]
	at gg.essential.network.connectionmanager.cosmetics.AssetLoader$getAsset$1$future$1.invoke(AssetLoader.kt:93) ~[?:?]
	at gg.essential.network.connectionmanager.cosmetics.AssetLoader$getAsset$1$future$1.invoke(AssetLoader.kt:91) ~[?:?]
	at gg.essential.network.connectionmanager.cosmetics.AssetLoader$getAsset$1.invoke$lambda$0(AssetLoader.kt:91) ~[?:?]
	at java.util.concurrent.CompletableFuture$UniApply.tryFire(Unknown Source) ~[?:?]
	at java.util.concurrent.CompletableFuture$Completion.exec(Unknown Source) ~[?:?]
	at java.util.concurrent.ForkJoinTask.doExec(Unknown Source) ~[?:?]
	at java.util.concurrent.ForkJoinPool$WorkQueue.topLevelExec(Unknown Source) ~[?:?]
	at java.util.concurrent.ForkJoinPool.scan(Unknown Source) ~[?:?]
	at java.util.concurrent.ForkJoinPool.runWorker(Unknown Source) ~[?:?]
	at java.util.concurrent.ForkJoinWorkerThread.run(Unknown Source) ~[?:?]
[10:48:21] [ForkJoinPool.commonPool-worker-1/ERROR]: Could not find parent gg/essential/lib/okhttp3/EventListener for class gg/essential/lib/okhttp3/EventListener$1 in classloader jdk.internal.loader.ClassLoaders$AppClassLoader@76ed5528 on thread Thread[ForkJoinPool.commonPool-worker-1,5,main]
[10:48:21] [ForkJoinPool.commonPool-worker-1/ERROR]: An error occurred building event handler
java.lang.ClassNotFoundException: gg.essential.lib.okhttp3.EventListener
	at jdk.internal.loader.BuiltinClassLoader.loadClass(Unknown Source) ~[?:?]
	at jdk.internal.loader.ClassLoaders$AppClassLoader.loadClass(Unknown Source) ~[?:?]
	at java.lang.ClassLoader.loadClass(Unknown Source) ~[?:?]
	at net.minecraftforge.eventbus.EventSubclassTransformer.buildEvents(EventSubclassTransformer.java:92) ~[eventbus-6.0.3.jar:?]
	at net.minecraftforge.eventbus.EventSubclassTransformer.transform(EventSubclassTransformer.java:44) ~[eventbus-6.0.3.jar:?]
	at net.minecraftforge.eventbus.EventBusEngine.processClass(EventBusEngine.java:26) ~[eventbus-6.0.3.jar:?]
	at net.minecraftforge.eventbus.service.ModLauncherService.processClassWithFlags(ModLauncherService.java:32) ~[eventbus-6.0.3.jar:6.0.3+6.0.3+master.039e4ea9]
	at cpw.mods.modlauncher.LaunchPluginHandler.offerClassNodeToPlugins(LaunchPluginHandler.java:88) ~[modlauncher-10.0.8.jar:?]
	at cpw.mods.modlauncher.ClassTransformer.transform(ClassTransformer.java:120) ~[modlauncher-10.0.8.jar:?]
	at cpw.mods.modlauncher.TransformingClassLoader.maybeTransformClassBytes(TransformingClassLoader.java:50) ~[modlauncher-10.0.8.jar:?]
	at cpw.mods.cl.ModuleClassLoader.readerToClass(ModuleClassLoader.java:113) ~[securejarhandler-2.1.4.jar:?]
	at cpw.mods.cl.ModuleClassLoader.lambda$findClass$15(ModuleClassLoader.java:219) ~[securejarhandler-2.1.4.jar:?]
	at cpw.mods.cl.ModuleClassLoader.loadFromModule(ModuleClassLoader.java:229) ~[securejarhandler-2.1.4.jar:?]
	at cpw.mods.cl.ModuleClassLoader.findClass(ModuleClassLoader.java:219) ~[securejarhandler-2.1.4.jar:?]
	at cpw.mods.cl.ModuleClassLoader.loadClass(ModuleClassLoader.java:135) ~[securejarhandler-2.1.4.jar:?]
	at java.lang.ClassLoader.loadClass(Unknown Source) ~[?:?]
	at gg.essential.lib.okhttp3.OkHttpClient$Builder.<init>(OkHttpClient.java:477) ~[?:?]
	at gg.essential.util.HttpUtils.httpClient$lambda$1(HttpUtils.kt:40) ~[?:?]
	at java.util.concurrent.CompletableFuture$AsyncSupply.run(Unknown Source) ~[?:?]
	at java.util.concurrent.CompletableFuture$AsyncSupply.exec(Unknown Source) ~[?:?]
	at java.util.concurrent.ForkJoinTask.doExec(Unknown Source) ~[?:?]
	at java.util.concurrent.ForkJoinPool$WorkQueue.topLevelExec(Unknown Source) ~[?:?]
	at java.util.concurrent.ForkJoinPool.scan(Unknown Source) ~[?:?]
	at java.util.concurrent.ForkJoinPool.runWorker(Unknown Source) ~[?:?]
	at java.util.concurrent.ForkJoinWorkerThread.run(Unknown Source) ~[?:?]
[10:48:21] [ForkJoinPool.commonPool-worker-1/ERROR]: Could not find parent gg/essential/lib/okhttp3/internal/tls/CertificateChainCleaner for class gg/essential/lib/okhttp3/internal/tls/BasicCertificateChainCleaner in classloader jdk.internal.loader.ClassLoaders$AppClassLoader@76ed5528 on thread Thread[ForkJoinPool.commonPool-worker-1,5,main]
[10:48:21] [ForkJoinPool.commonPool-worker-1/ERROR]: An error occurred building event handler
java.lang.ClassNotFoundException: gg.essential.lib.okhttp3.internal.tls.CertificateChainCleaner
	at jdk.internal.loader.BuiltinClassLoader.loadClass(Unknown Source) ~[?:?]
	at jdk.internal.loader.ClassLoaders$AppClassLoader.loadClass(Unknown Source) ~[?:?]
	at java.lang.ClassLoader.loadClass(Unknown Source) ~[?:?]
	at net.minecraftforge.eventbus.EventSubclassTransformer.buildEvents(EventSubclassTransformer.java:92) ~[eventbus-6.0.3.jar:?]
	at net.minecraftforge.eventbus.EventSubclassTransformer.transform(EventSubclassTransformer.java:44) ~[eventbus-6.0.3.jar:?]
	at net.minecraftforge.eventbus.EventBusEngine.processClass(EventBusEngine.java:26) ~[eventbus-6.0.3.jar:?]
	at net.minecraftforge.eventbus.service.ModLauncherService.processClassWithFlags(ModLauncherService.java:32) ~[eventbus-6.0.3.jar:6.0.3+6.0.3+master.039e4ea9]
	at cpw.mods.modlauncher.LaunchPluginHandler.offerClassNodeToPlugins(LaunchPluginHandler.java:88) ~[modlauncher-10.0.8.jar:?]
	at cpw.mods.modlauncher.ClassTransformer.transform(ClassTransformer.java:120) ~[modlauncher-10.0.8.jar:?]
	at cpw.mods.modlauncher.TransformingClassLoader.maybeTransformClassBytes(TransformingClassLoader.java:50) ~[modlauncher-10.0.8.jar:?]
	at cpw.mods.cl.ModuleClassLoader.readerToClass(ModuleClassLoader.java:113) ~[securejarhandler-2.1.4.jar:?]
	at cpw.mods.cl.ModuleClassLoader.lambda$findClass$15(ModuleClassLoader.java:219) ~[securejarhandler-2.1.4.jar:?]
	at cpw.mods.cl.ModuleClassLoader.loadFromModule(ModuleClassLoader.java:229) ~[securejarhandler-2.1.4.jar:?]
	at cpw.mods.cl.ModuleClassLoader.findClass(ModuleClassLoader.java:219) ~[securejarhandler-2.1.4.jar:?]
	at cpw.mods.cl.ModuleClassLoader.loadClass(ModuleClassLoader.java:135) ~[securejarhandler-2.1.4.jar:?]
	at java.lang.ClassLoader.loadClass(Unknown Source) ~[?:?]
	at gg.essential.lib.okhttp3.OkHttpClient$Builder.sslSocketFactory(OkHttpClient.java:696) ~[?:?]
	at gg.essential.util.HttpUtils.httpClient$lambda$1(HttpUtils.kt:41) ~[?:?]
	at java.util.concurrent.CompletableFuture$AsyncSupply.run(Unknown Source) ~[?:?]
	at java.util.concurrent.CompletableFuture$AsyncSupply.exec(Unknown Source) ~[?:?]
	at java.util.concurrent.ForkJoinTask.doExec(Unknown Source) ~[?:?]
	at java.util.concurrent.ForkJoinPool$WorkQueue.topLevelExec(Unknown Source) ~[?:?]
	at java.util.concurrent.ForkJoinPool.scan(Unknown Source) ~[?:?]
	at java.util.concurrent.ForkJoinPool.runWorker(Unknown Source) ~[?:?]
	at java.util.concurrent.ForkJoinWorkerThread.run(Unknown Source) ~[?:?]
[10:48:21] [ForkJoinPool.commonPool-worker-2/ERROR]: Could not find parent kotlin/jvm/internal/Lambda for class gg/essential/mod/cosmetics/featured/FeaturedItemType$Companion$1 in classloader jdk.internal.loader.ClassLoaders$AppClassLoader@76ed5528 on thread Thread[ForkJoinPool.commonPool-worker-2,5,main]
[10:48:21] [ForkJoinPool.commonPool-worker-1/ERROR]: Could not find parent gg/essential/lib/okhttp3/internal/platform/Platform for class gg/essential/lib/okhttp3/internal/platform/Jdk9Platform in classloader jdk.internal.loader.ClassLoaders$AppClassLoader@76ed5528 on thread Thread[ForkJoinPool.commonPool-worker-1,5,main]
[10:48:21] [ForkJoinPool.commonPool-worker-1/ERROR]: An error occurred building event handler
java.lang.ClassNotFoundException: gg.essential.lib.okhttp3.internal.platform.Platform
	at jdk.internal.loader.BuiltinClassLoader.loadClass(Unknown Source) ~[?:?]
	at jdk.internal.loader.ClassLoaders$AppClassLoader.loadClass(Unknown Source) ~[?:?]
	at java.lang.ClassLoader.loadClass(Unknown Source) ~[?:?]
	at net.minecraftforge.eventbus.EventSubclassTransformer.buildEvents(EventSubclassTransformer.java:92) ~[eventbus-6.0.3.jar:?]
	at net.minecraftforge.eventbus.EventSubclassTransformer.transform(EventSubclassTransformer.java:44) ~[eventbus-6.0.3.jar:?]
	at net.minecraftforge.eventbus.EventBusEngine.processClass(EventBusEngine.java:26) ~[eventbus-6.0.3.jar:?]
	at net.minecraftforge.eventbus.service.ModLauncherService.processClassWithFlags(ModLauncherService.java:32) ~[eventbus-6.0.3.jar:6.0.3+6.0.3+master.039e4ea9]
	at cpw.mods.modlauncher.LaunchPluginHandler.offerClassNodeToPlugins(LaunchPluginHandler.java:88) ~[modlauncher-10.0.8.jar:?]
	at cpw.mods.modlauncher.ClassTransformer.transform(ClassTransformer.java:120) ~[modlauncher-10.0.8.jar:?]
	at cpw.mods.modlauncher.TransformingClassLoader.maybeTransformClassBytes(TransformingClassLoader.java:50) ~[modlauncher-10.0.8.jar:?]
	at cpw.mods.cl.ModuleClassLoader.readerToClass(ModuleClassLoader.java:113) ~[securejarhandler-2.1.4.jar:?]
	at cpw.mods.cl.ModuleClassLoader.lambda$findClass$15(ModuleClassLoader.java:219) ~[securejarhandler-2.1.4.jar:?]
	at cpw.mods.cl.ModuleClassLoader.loadFromModule(ModuleClassLoader.java:229) ~[securejarhandler-2.1.4.jar:?]
	at cpw.mods.cl.ModuleClassLoader.findClass(ModuleClassLoader.java:219) ~[securejarhandler-2.1.4.jar:?]
	at cpw.mods.cl.ModuleClassLoader.loadClass(ModuleClassLoader.java:135) ~[securejarhandler-2.1.4.jar:?]
	at java.lang.ClassLoader.loadClass(Unknown Source) ~[?:?]
	at gg.essential.lib.okhttp3.internal.tls.CertificateChainCleaner.get(CertificateChainCleaner.java:41) ~[?:?]
	at gg.essential.lib.okhttp3.OkHttpClient$Builder.sslSocketFactory(OkHttpClient.java:696) ~[?:?]
	at gg.essential.util.HttpUtils.httpClient$lambda$1(HttpUtils.kt:41) ~[?:?]
	at java.util.concurrent.CompletableFuture$AsyncSupply.run(Unknown Source) ~[?:?]
	at java.util.concurrent.CompletableFuture$AsyncSupply.exec(Unknown Source) ~[?:?]
	at java.util.concurrent.ForkJoinTask.doExec(Unknown Source) ~[?:?]
	at java.util.concurrent.ForkJoinPool$WorkQueue.topLevelExec(Unknown Source) ~[?:?]
	at java.util.concurrent.ForkJoinPool.scan(Unknown Source) ~[?:?]
	at java.util.concurrent.ForkJoinPool.runWorker(Unknown Source) ~[?:?]
	at java.util.concurrent.ForkJoinWorkerThread.run(Unknown Source) ~[?:?]
[10:48:21] [ForkJoinPool.commonPool-worker-2/ERROR]: An error occurred building event handler
java.lang.ClassNotFoundException: kotlin.jvm.internal.Lambda
	at jdk.internal.loader.BuiltinClassLoader.loadClass(Unknown Source) ~[?:?]
	at jdk.internal.loader.ClassLoaders$AppClassLoader.loadClass(Unknown Source) ~[?:?]
	at java.lang.ClassLoader.loadClass(Unknown Source) ~[?:?]
	at net.minecraftforge.eventbus.EventSubclassTransformer.buildEvents(EventSubclassTransformer.java:92) ~[eventbus-6.0.3.jar:?]
	at net.minecraftforge.eventbus.EventSubclassTransformer.transform(EventSubclassTransformer.java:44) ~[eventbus-6.0.3.jar:?]
	at net.minecraftforge.eventbus.EventBusEngine.processClass(EventBusEngine.java:26) ~[eventbus-6.0.3.jar:?]
	at net.minecraftforge.eventbus.service.ModLauncherService.processClassWithFlags(ModLauncherService.java:32) ~[eventbus-6.0.3.jar:6.0.3+6.0.3+master.039e4ea9]
	at cpw.mods.modlauncher.LaunchPluginHandler.offerClassNodeToPlugins(LaunchPluginHandler.java:88) ~[modlauncher-10.0.8.jar:?]
	at cpw.mods.modlauncher.ClassTransformer.transform(ClassTransformer.java:120) ~[modlauncher-10.0.8.jar:?]
	at cpw.mods.modlauncher.TransformingClassLoader.maybeTransformClassBytes(TransformingClassLoader.java:50) ~[modlauncher-10.0.8.jar:?]
	at cpw.mods.cl.ModuleClassLoader.readerToClass(ModuleClassLoader.java:113) ~[securejarhandler-2.1.4.jar:?]
	at cpw.mods.cl.ModuleClassLoader.lambda$findClass$15(ModuleClassLoader.java:219) ~[securejarhandler-2.1.4.jar:?]
	at cpw.mods.cl.ModuleClassLoader.loadFromModule(ModuleClassLoader.java:229) ~[securejarhandler-2.1.4.jar:?]
	at cpw.mods.cl.ModuleClassLoader.findClass(ModuleClassLoader.java:219) ~[securejarhandler-2.1.4.jar:?]
	at cpw.mods.cl.ModuleClassLoader.loadClass(ModuleClassLoader.java:135) ~[securejarhandler-2.1.4.jar:?]
	at java.lang.ClassLoader.loadClass(Unknown Source) ~[?:?]
	at gg.essential.mod.cosmetics.featured.FeaturedItemType.<clinit>(FeaturedItemType.kt:16) ~[?:?]
	at gg.essential.mod.cosmetics.featured.FeaturedItem$Cosmetic.<init>(FeaturedItem.kt:42) ~[?:?]
	at gg.essential.mod.cosmetics.featured.FeaturedItem$Cosmetic$$serializer.deserialize(FeaturedItem.kt:32) ~[?:?]
	at gg.essential.mod.cosmetics.featured.FeaturedItem$Cosmetic$$serializer.deserialize(FeaturedItem.kt:32) ~[?:?]
	at kotlinx.serialization.json.internal.StreamingJsonDecoder.decodeSerializableValue(StreamingJsonDecoder.kt:89) ~[?:?]
	at kotlinx.serialization.encoding.AbstractDecoder.decodeSerializableValue(AbstractDecoder.kt:43) ~[?:?]
	at kotlinx.serialization.encoding.AbstractDecoder.decodeSerializableElement(AbstractDecoder.kt:70) ~[?:?]
	at kotlinx.serialization.json.internal.StreamingJsonDecoder.decodeSerializableElement(StreamingJsonDecoder.kt:168) ~[?:?]
	at kotlinx.serialization.encoding.CompositeDecoder$DefaultImpls.decodeSerializableElement$default(Decoding.kt:538) ~[?:?]
	at kotlinx.serialization.internal.CollectionLikeSerializer.readElement(CollectionSerializers.kt:80) ~[?:?]
	at kotlinx.serialization.internal.AbstractCollectionSerializer.readElement$default(CollectionSerializers.kt:51) ~[?:?]
	at kotlinx.serialization.internal.AbstractCollectionSerializer.merge(CollectionSerializers.kt:36) ~[?:?]
	at kotlinx.serialization.internal.AbstractCollectionSerializer.deserialize(CollectionSerializers.kt:43) ~[?:?]
	at kotlinx.serialization.json.internal.StreamingJsonDecoder.decodeSerializableValue(StreamingJsonDecoder.kt:69) ~[?:?]
	at kotlinx.serialization.encoding.AbstractDecoder.decodeSerializableValue(AbstractDecoder.kt:43) ~[?:?]
	at kotlinx.serialization.encoding.AbstractDecoder.decodeSerializableElement(AbstractDecoder.kt:70) ~[?:?]
	at kotlinx.serialization.json.internal.StreamingJsonDecoder.decodeSerializableElement(StreamingJsonDecoder.kt:168) ~[?:?]
	at kotlinx.serialization.encoding.CompositeDecoder$DefaultImpls.decodeSerializableElement$default(Decoding.kt:538) ~[?:?]
	at kotlinx.serialization.internal.CollectionLikeSerializer.readElement(CollectionSerializers.kt:80) ~[?:?]
	at kotlinx.serialization.internal.AbstractCollectionSerializer.readElement$default(CollectionSerializers.kt:51) ~[?:?]
	at kotlinx.serialization.internal.AbstractCollectionSerializer.merge(CollectionSerializers.kt:36) ~[?:?]
	at kotlinx.serialization.internal.AbstractCollectionSerializer.deserialize(CollectionSerializers.kt:43) ~[?:?]
	at kotlinx.serialization.json.internal.StreamingJsonDecoder.decodeSerializableValue(StreamingJsonDecoder.kt:69) ~[?:?]
	at kotlinx.serialization.encoding.AbstractDecoder.decodeSerializableValue(AbstractDecoder.kt:43) ~[?:?]
	at kotlinx.serialization.encoding.AbstractDecoder.decodeSerializableElement(AbstractDecoder.kt:70) ~[?:?]
	at kotlinx.serialization.json.internal.StreamingJsonDecoder.decodeSerializableElement(StreamingJsonDecoder.kt:168) ~[?:?]
	at gg.essential.mod.cosmetics.featured.FeaturedPageRaw$$serializer.deserialize(featuredPage.kt:25) ~[?:?]
	at gg.essential.mod.cosmetics.featured.FeaturedPageRaw$$serializer.deserialize(featuredPage.kt:25) ~[?:?]
	at gg.essential.mod.cosmetics.featured.FeaturedPageSerializer.deserialize(featuredPage.kt:51) ~[?:?]
	at gg.essential.mod.cosmetics.featured.FeaturedPageSerializer.deserialize(featuredPage.kt:46) ~[?:?]
	at kotlinx.serialization.json.internal.StreamingJsonDecoder.decodeSerializableValue(StreamingJsonDecoder.kt:69) ~[?:?]
	at kotlinx.serialization.encoding.AbstractDecoder.decodeSerializableValue(AbstractDecoder.kt:43) ~[?:?]
	at kotlinx.serialization.encoding.AbstractDecoder.decodeSerializableElement(AbstractDecoder.kt:70) ~[?:?]
	at kotlinx.serialization.json.internal.StreamingJsonDecoder.decodeSerializableElement(StreamingJsonDecoder.kt:168) ~[?:?]
	at kotlinx.serialization.encoding.CompositeDecoder$DefaultImpls.decodeSerializableElement$default(Decoding.kt:538) ~[?:?]
	at kotlinx.serialization.internal.MapLikeSerializer.readElement(CollectionSerializers.kt:111) ~[?:?]
	at kotlinx.serialization.internal.MapLikeSerializer.readElement(CollectionSerializers.kt:84) ~[?:?]
	at kotlinx.serialization.internal.AbstractCollectionSerializer.readElement$default(CollectionSerializers.kt:51) ~[?:?]
	at kotlinx.serialization.internal.AbstractCollectionSerializer.merge(CollectionSerializers.kt:36) ~[?:?]
	at kotlinx.serialization.internal.AbstractCollectionSerializer.deserialize(CollectionSerializers.kt:43) ~[?:?]
	at kotlinx.serialization.json.internal.StreamingJsonDecoder.decodeSerializableValue(StreamingJsonDecoder.kt:69) ~[?:?]
	at kotlinx.serialization.encoding.AbstractDecoder.decodeSerializableValue(AbstractDecoder.kt:43) ~[?:?]
	at kotlinx.serialization.encoding.AbstractDecoder.decodeSerializableElement(AbstractDecoder.kt:70) ~[?:?]
	at kotlinx.serialization.json.internal.StreamingJsonDecoder.decodeSerializableElement(StreamingJsonDecoder.kt:168) ~[?:?]
	at gg.essential.mod.cosmetics.featured.FeaturedPageCollection$$serializer.deserialize(FeaturedPageCollection.kt:24) ~[?:?]
	at gg.essential.mod.cosmetics.featured.FeaturedPageCollection$$serializer.deserialize(FeaturedPageCollection.kt:24) ~[?:?]
	at kotlinx.serialization.json.internal.StreamingJsonDecoder.decodeSerializableValue(StreamingJsonDecoder.kt:69) ~[?:?]
	at kotlinx.serialization.json.Json.decodeFromString(Json.kt:107) ~[?:?]
	at gg.essential.network.connectionmanager.cosmetics.AssetLoader$JsonAssetType$3.invoke(AssetLoader.kt:350) ~[?:?]
	at gg.essential.network.connectionmanager.cosmetics.AssetLoader$JsonAssetType$3.invoke(AssetLoader.kt:349) ~[?:?]
	at gg.essential.network.connectionmanager.cosmetics.AssetLoader$getAsset$1$future$1.invoke(AssetLoader.kt:93) ~[?:?]
	at gg.essential.network.connectionmanager.cosmetics.AssetLoader$getAsset$1$future$1.invoke(AssetLoader.kt:91) ~[?:?]
	at gg.essential.network.connectionmanager.cosmetics.AssetLoader$getAsset$1.invoke$lambda$0(AssetLoader.kt:91) ~[?:?]
	at java.util.concurrent.CompletableFuture$UniApply.tryFire(Unknown Source) ~[?:?]
	at java.util.concurrent.CompletableFuture$Completion.exec(Unknown Source) ~[?:?]
	at java.util.concurrent.ForkJoinTask.doExec(Unknown Source) ~[?:?]
	at java.util.concurrent.ForkJoinPool$WorkQueue.topLevelExec(Unknown Source) ~[?:?]
	at java.util.concurrent.ForkJoinPool.scan(Unknown Source) ~[?:?]
	at java.util.concurrent.ForkJoinPool.runWorker(Unknown Source) ~[?:?]
	at java.util.concurrent.ForkJoinWorkerThread.run(Unknown Source) ~[?:?]
[10:48:21] [ForkJoinPool.commonPool-worker-6/ERROR]: Could not find parent kotlin/coroutines/jvm/internal/SuspendLambda for class gg/essential/network/connectionmanager/cosmetics/AssetLoader$AssetType$Texture$1$1 in classloader jdk.internal.loader.ClassLoaders$AppClassLoader@76ed5528 on thread Thread[ForkJoinPool.commonPool-worker-6,5,main]
[10:48:21] [ForkJoinPool.commonPool-worker-1/ERROR]: Could not find parent gg/essential/lib/okhttp3/internal/platform/Platform for class gg/essential/lib/okhttp3/internal/platform/AndroidPlatform in classloader jdk.internal.loader.ClassLoaders$AppClassLoader@76ed5528 on thread Thread[ForkJoinPool.commonPool-worker-1,5,main]
[10:48:21] [ForkJoinPool.commonPool-worker-6/ERROR]: An error occurred building event handler
java.lang.ClassNotFoundException: kotlin.coroutines.jvm.internal.SuspendLambda
	at jdk.internal.loader.BuiltinClassLoader.loadClass(Unknown Source) ~[?:?]
	at jdk.internal.loader.ClassLoaders$AppClassLoader.loadClass(Unknown Source) ~[?:?]
	at java.lang.ClassLoader.loadClass(Unknown Source) ~[?:?]
	at net.minecraftforge.eventbus.EventSubclassTransformer.buildEvents(EventSubclassTransformer.java:92) ~[eventbus-6.0.3.jar:?]
	at net.minecraftforge.eventbus.EventSubclassTransformer.transform(EventSubclassTransformer.java:44) ~[eventbus-6.0.3.jar:?]
	at net.minecraftforge.eventbus.EventBusEngine.processClass(EventBusEngine.java:26) ~[eventbus-6.0.3.jar:?]
	at net.minecraftforge.eventbus.service.ModLauncherService.processClassWithFlags(ModLauncherService.java:32) ~[eventbus-6.0.3.jar:6.0.3+6.0.3+master.039e4ea9]
	at cpw.mods.modlauncher.LaunchPluginHandler.offerClassNodeToPlugins(LaunchPluginHandler.java:88) ~[modlauncher-10.0.8.jar:?]
	at cpw.mods.modlauncher.ClassTransformer.transform(ClassTransformer.java:120) ~[modlauncher-10.0.8.jar:?]
	at cpw.mods.modlauncher.TransformingClassLoader.maybeTransformClassBytes(TransformingClassLoader.java:50) ~[modlauncher-10.0.8.jar:?]
	at cpw.mods.cl.ModuleClassLoader.readerToClass(ModuleClassLoader.java:113) ~[securejarhandler-2.1.4.jar:?]
	at cpw.mods.cl.ModuleClassLoader.lambda$findClass$15(ModuleClassLoader.java:219) ~[securejarhandler-2.1.4.jar:?]
	at cpw.mods.cl.ModuleClassLoader.loadFromModule(ModuleClassLoader.java:229) ~[securejarhandler-2.1.4.jar:?]
	at cpw.mods.cl.ModuleClassLoader.findClass(ModuleClassLoader.java:219) ~[securejarhandler-2.1.4.jar:?]
	at cpw.mods.cl.ModuleClassLoader.loadClass(ModuleClassLoader.java:135) ~[securejarhandler-2.1.4.jar:?]
	at java.lang.ClassLoader.loadClass(Unknown Source) ~[?:?]
	at gg.essential.network.connectionmanager.cosmetics.AssetLoader$AssetType$Texture$1.invoke(AssetLoader.kt:330) ~[?:?]
	at gg.essential.network.connectionmanager.cosmetics.AssetLoader$AssetType$Texture$1.invoke(AssetLoader.kt:329) ~[?:?]
	at gg.essential.network.connectionmanager.cosmetics.AssetLoader$getAsset$1$future$1.invoke(AssetLoader.kt:93) ~[?:?]
	at gg.essential.network.connectionmanager.cosmetics.AssetLoader$getAsset$1$future$1.invoke(AssetLoader.kt:91) ~[?:?]
	at gg.essential.network.connectionmanager.cosmetics.AssetLoader$getAsset$1.invoke$lambda$0(AssetLoader.kt:91) ~[?:?]
	at java.util.concurrent.CompletableFuture$UniApply.tryFire(Unknown Source) ~[?:?]
	at java.util.concurrent.CompletableFuture$Completion.exec(Unknown Source) ~[?:?]
	at java.util.concurrent.ForkJoinTask.doExec(Unknown Source) ~[?:?]
	at java.util.concurrent.ForkJoinPool$WorkQueue.topLevelExec(Unknown Source) ~[?:?]
	at java.util.concurrent.ForkJoinPool.scan(Unknown Source) ~[?:?]
	at java.util.concurrent.ForkJoinPool.runWorker(Unknown Source) ~[?:?]
	at java.util.concurrent.ForkJoinWorkerThread.run(Unknown Source) ~[?:?]
[10:48:21] [ForkJoinPool.commonPool-worker-1/ERROR]: An error occurred building event handler
java.lang.ClassNotFoundException: gg.essential.lib.okhttp3.internal.platform.Platform
	at jdk.internal.loader.BuiltinClassLoader.loadClass(Unknown Source) ~[?:?]
	at jdk.internal.loader.ClassLoaders$AppClassLoader.loadClass(Unknown Source) ~[?:?]
	at java.lang.ClassLoader.loadClass(Unknown Source) ~[?:?]
	at net.minecraftforge.eventbus.EventSubclassTransformer.buildEvents(EventSubclassTransformer.java:92) ~[eventbus-6.0.3.jar:?]
	at net.minecraftforge.eventbus.EventSubclassTransformer.transform(EventSubclassTransformer.java:44) ~[eventbus-6.0.3.jar:?]
	at net.minecraftforge.eventbus.EventBusEngine.processClass(EventBusEngine.java:26) ~[eventbus-6.0.3.jar:?]
	at net.minecraftforge.eventbus.service.ModLauncherService.processClassWithFlags(ModLauncherService.java:32) ~[eventbus-6.0.3.jar:6.0.3+6.0.3+master.039e4ea9]
	at cpw.mods.modlauncher.LaunchPluginHandler.offerClassNodeToPlugins(LaunchPluginHandler.java:88) ~[modlauncher-10.0.8.jar:?]
	at cpw.mods.modlauncher.ClassTransformer.transform(ClassTransformer.java:120) ~[modlauncher-10.0.8.jar:?]
	at cpw.mods.modlauncher.TransformingClassLoader.maybeTransformClassBytes(TransformingClassLoader.java:50) ~[modlauncher-10.0.8.jar:?]
	at cpw.mods.cl.ModuleClassLoader.readerToClass(ModuleClassLoader.java:113) ~[securejarhandler-2.1.4.jar:?]
	at cpw.mods.cl.ModuleClassLoader.lambda$findClass$15(ModuleClassLoader.java:219) ~[securejarhandler-2.1.4.jar:?]
	at cpw.mods.cl.ModuleClassLoader.loadFromModule(ModuleClassLoader.java:229) ~[securejarhandler-2.1.4.jar:?]
	at cpw.mods.cl.ModuleClassLoader.findClass(ModuleClassLoader.java:219) ~[securejarhandler-2.1.4.jar:?]
	at cpw.mods.cl.ModuleClassLoader.loadClass(ModuleClassLoader.java:135) ~[securejarhandler-2.1.4.jar:?]
	at java.lang.ClassLoader.loadClass(Unknown Source) ~[?:?]
	at gg.essential.lib.okhttp3.internal.platform.Platform.findPlatform(Platform.java:173) ~[?:?]
	at gg.essential.lib.okhttp3.internal.platform.Platform.<clinit>(Platform.java:74) ~[?:?]
	at gg.essential.lib.okhttp3.internal.tls.CertificateChainCleaner.get(CertificateChainCleaner.java:41) ~[?:?]
	at gg.essential.lib.okhttp3.OkHttpClient$Builder.sslSocketFactory(OkHttpClient.java:696) ~[?:?]
	at gg.essential.util.HttpUtils.httpClient$lambda$1(HttpUtils.kt:41) ~[?:?]
	at java.util.concurrent.CompletableFuture$AsyncSupply.run(Unknown Source) ~[?:?]
	at java.util.concurrent.CompletableFuture$AsyncSupply.exec(Unknown Source) ~[?:?]
	at java.util.concurrent.ForkJoinTask.doExec(Unknown Source) ~[?:?]
	at java.util.concurrent.ForkJoinPool$WorkQueue.topLevelExec(Unknown Source) ~[?:?]
	at java.util.concurrent.ForkJoinPool.scan(Unknown Source) ~[?:?]
	at java.util.concurrent.ForkJoinPool.runWorker(Unknown Source) ~[?:?]
	at java.util.concurrent.ForkJoinWorkerThread.run(Unknown Source) ~[?:?]
[10:48:21] [ForkJoinPool.commonPool-worker-1/ERROR]: Could not find parent gg/essential/lib/okhttp3/internal/tls/CertificateChainCleaner for class gg/essential/lib/okhttp3/internal/platform/AndroidPlatform$AndroidCertificateChainCleaner in classloader jdk.internal.loader.ClassLoaders$AppClassLoader@76ed5528 on thread Thread[ForkJoinPool.commonPool-worker-1,5,main]
[10:48:21] [ForkJoinPool.commonPool-worker-1/ERROR]: An error occurred building event handler
java.lang.ClassNotFoundException: gg.essential.lib.okhttp3.internal.tls.CertificateChainCleaner
	at jdk.internal.loader.BuiltinClassLoader.loadClass(Unknown Source) ~[?:?]
	at jdk.internal.loader.ClassLoaders$AppClassLoader.loadClass(Unknown Source) ~[?:?]
	at java.lang.ClassLoader.loadClass(Unknown Source) ~[?:?]
	at net.minecraftforge.eventbus.EventSubclassTransformer.buildEvents(EventSubclassTransformer.java:92) ~[eventbus-6.0.3.jar:?]
	at net.minecraftforge.eventbus.EventSubclassTransformer.transform(EventSubclassTransformer.java:44) ~[eventbus-6.0.3.jar:?]
	at net.minecraftforge.eventbus.EventBusEngine.processClass(EventBusEngine.java:26) ~[eventbus-6.0.3.jar:?]
	at net.minecraftforge.eventbus.service.ModLauncherService.processClassWithFlags(ModLauncherService.java:32) ~[eventbus-6.0.3.jar:6.0.3+6.0.3+master.039e4ea9]
	at cpw.mods.modlauncher.LaunchPluginHandler.offerClassNodeToPlugins(LaunchPluginHandler.java:88) ~[modlauncher-10.0.8.jar:?]
	at cpw.mods.modlauncher.ClassTransformer.transform(ClassTransformer.java:120) ~[modlauncher-10.0.8.jar:?]
	at cpw.mods.modlauncher.TransformingClassLoader.maybeTransformClassBytes(TransformingClassLoader.java:50) ~[modlauncher-10.0.8.jar:?]
	at cpw.mods.cl.ModuleClassLoader.readerToClass(ModuleClassLoader.java:113) ~[securejarhandler-2.1.4.jar:?]
	at cpw.mods.cl.ModuleClassLoader.lambda$findClass$15(ModuleClassLoader.java:219) ~[securejarhandler-2.1.4.jar:?]
	at cpw.mods.cl.ModuleClassLoader.loadFromModule(ModuleClassLoader.java:229) ~[securejarhandler-2.1.4.jar:?]
	at cpw.mods.cl.ModuleClassLoader.findClass(ModuleClassLoader.java:219) ~[securejarhandler-2.1.4.jar:?]
	at cpw.mods.cl.ModuleClassLoader.loadClass(ModuleClassLoader.java:135) ~[securejarhandler-2.1.4.jar:?]
	at java.lang.ClassLoader.loadClass(Unknown Source) ~[?:?]
	at gg.essential.lib.okhttp3.internal.platform.Platform.findPlatform(Platform.java:173) ~[?:?]
	at gg.essential.lib.okhttp3.internal.platform.Platform.<clinit>(Platform.java:74) ~[?:?]
	at gg.essential.lib.okhttp3.internal.tls.CertificateChainCleaner.get(CertificateChainCleaner.java:41) ~[?:?]
	at gg.essential.lib.okhttp3.OkHttpClient$Builder.sslSocketFactory(OkHttpClient.java:696) ~[?:?]
	at gg.essential.util.HttpUtils.httpClient$lambda$1(HttpUtils.kt:41) ~[?:?]
	at java.util.concurrent.CompletableFuture$AsyncSupply.run(Unknown Source) ~[?:?]
	at java.util.concurrent.CompletableFuture$AsyncSupply.exec(Unknown Source) ~[?:?]
	at java.util.concurrent.ForkJoinTask.doExec(Unknown Source) ~[?:?]
	at java.util.concurrent.ForkJoinPool$WorkQueue.topLevelExec(Unknown Source) ~[?:?]
	at java.util.concurrent.ForkJoinPool.scan(Unknown Source) ~[?:?]
	at java.util.concurrent.ForkJoinPool.runWorker(Unknown Source) ~[?:?]
	at java.util.concurrent.ForkJoinWorkerThread.run(Unknown Source) ~[?:?]
[10:48:21] [ForkJoinPool.commonPool-worker-6/ERROR]: Could not find parent gg/essential/model/backend/minecraft/MinecraftRenderBackend$DynamicTexture for class gg/essential/model/backend/minecraft/MinecraftRenderBackend$CosmeticTexture in classloader jdk.internal.loader.ClassLoaders$AppClassLoader@76ed5528 on thread Thread[ForkJoinPool.commonPool-worker-6,5,main]
[10:48:21] [ForkJoinPool.commonPool-worker-6/ERROR]: An error occurred building event handler
java.lang.ClassNotFoundException: gg.essential.model.backend.minecraft.MinecraftRenderBackend$DynamicTexture
	at jdk.internal.loader.BuiltinClassLoader.loadClass(Unknown Source) ~[?:?]
	at jdk.internal.loader.ClassLoaders$AppClassLoader.loadClass(Unknown Source) ~[?:?]
	at java.lang.ClassLoader.loadClass(Unknown Source) ~[?:?]
	at net.minecraftforge.eventbus.EventSubclassTransformer.buildEvents(EventSubclassTransformer.java:92) ~[eventbus-6.0.3.jar:?]
	at net.minecraftforge.eventbus.EventSubclassTransformer.transform(EventSubclassTransformer.java:44) ~[eventbus-6.0.3.jar:?]
	at net.minecraftforge.eventbus.EventBusEngine.processClass(EventBusEngine.java:26) ~[eventbus-6.0.3.jar:?]
	at net.minecraftforge.eventbus.service.ModLauncherService.processClassWithFlags(ModLauncherService.java:32) ~[eventbus-6.0.3.jar:6.0.3+6.0.3+master.039e4ea9]
	at cpw.mods.modlauncher.LaunchPluginHandler.offerClassNodeToPlugins(LaunchPluginHandler.java:88) ~[modlauncher-10.0.8.jar:?]
	at cpw.mods.modlauncher.ClassTransformer.transform(ClassTransformer.java:120) ~[modlauncher-10.0.8.jar:?]
	at cpw.mods.modlauncher.TransformingClassLoader.maybeTransformClassBytes(TransformingClassLoader.java:50) ~[modlauncher-10.0.8.jar:?]
	at cpw.mods.cl.ModuleClassLoader.readerToClass(ModuleClassLoader.java:113) ~[securejarhandler-2.1.4.jar:?]
	at cpw.mods.cl.ModuleClassLoader.lambda$findClass$15(ModuleClassLoader.java:219) ~[securejarhandler-2.1.4.jar:?]
	at cpw.mods.cl.ModuleClassLoader.loadFromModule(ModuleClassLoader.java:229) ~[securejarhandler-2.1.4.jar:?]
	at cpw.mods.cl.ModuleClassLoader.findClass(ModuleClassLoader.java:219) ~[securejarhandler-2.1.4.jar:?]
	at cpw.mods.cl.ModuleClassLoader.loadClass(ModuleClassLoader.java:135) ~[securejarhandler-2.1.4.jar:?]
	at java.lang.ClassLoader.loadClass(Unknown Source) ~[?:?]
	at gg.essential.model.backend.minecraft.MinecraftRenderBackend.readTexture(MinecraftRenderBackend.kt:395) ~[?:?]
	at gg.essential.network.connectionmanager.cosmetics.AssetLoader$AssetType$Texture$1$1.invokeSuspend(AssetLoader.kt:330) ~[?:?]
	at kotlin.coroutines.jvm.internal.BaseContinuationImpl.resumeWith(ContinuationImpl.kt:33) ~[?:?]
	at kotlinx.coroutines.DispatchedTask.run(DispatchedTask.kt:104) ~[?:?]
	at kotlinx.coroutines.EventLoopImplBase.processNextEvent(EventLoop.common.kt:277) ~[?:?]
	at kotlinx.coroutines.BlockingCoroutine.joinBlocking(Builders.kt:95) ~[?:?]
	at kotlinx.coroutines.BuildersKt__BuildersKt.runBlocking(Builders.kt:69) ~[?:?]
	at kotlinx.coroutines.BuildersKt.runBlocking(Unknown Source) ~[?:?]
	at kotlinx.coroutines.BuildersKt__BuildersKt.runBlocking$default(Builders.kt:48) ~[?:?]
	at kotlinx.coroutines.BuildersKt.runBlocking$default(Unknown Source) ~[?:?]
	at gg.essential.network.connectionmanager.cosmetics.AssetLoader$AssetType$Texture$1.invoke(AssetLoader.kt:330) ~[?:?]
	at gg.essential.network.connectionmanager.cosmetics.AssetLoader$AssetType$Texture$1.invoke(AssetLoader.kt:329) ~[?:?]
	at gg.essential.network.connectionmanager.cosmetics.AssetLoader$getAsset$1$future$1.invoke(AssetLoader.kt:93) ~[?:?]
	at gg.essential.network.connectionmanager.cosmetics.AssetLoader$getAsset$1$future$1.invoke(AssetLoader.kt:91) ~[?:?]
	at gg.essential.network.connectionmanager.cosmetics.AssetLoader$getAsset$1.invoke$lambda$0(AssetLoader.kt:91) ~[?:?]
	at java.util.concurrent.CompletableFuture$UniApply.tryFire(Unknown Source) ~[?:?]
	at java.util.concurrent.CompletableFuture$Completion.exec(Unknown Source) ~[?:?]
	at java.util.concurrent.ForkJoinTask.doExec(Unknown Source) ~[?:?]
	at java.util.concurrent.ForkJoinPool$WorkQueue.topLevelExec(Unknown Source) ~[?:?]
	at java.util.concurrent.ForkJoinPool.scan(Unknown Source) ~[?:?]
	at java.util.concurrent.ForkJoinPool.runWorker(Unknown Source) ~[?:?]
	at java.util.concurrent.ForkJoinWorkerThread.run(Unknown Source) ~[?:?]
[10:48:21] [ForkJoinPool.commonPool-worker-6/ERROR]: Could not find parent kotlin/jvm/internal/Lambda for class gg/essential/model/backend/minecraft/MinecraftRenderBackend$DynamicTexture$identifier$2 in classloader jdk.internal.loader.ClassLoaders$AppClassLoader@76ed5528 on thread Thread[ForkJoinPool.commonPool-worker-6,5,main]
[10:48:21] [ForkJoinPool.commonPool-worker-2/ERROR]: Could not find parent gg/essential/mod/cosmetics/featured/BaseDivider for class gg/essential/mod/cosmetics/featured/TextDivider in classloader jdk.internal.loader.ClassLoaders$AppClassLoader@76ed5528 on thread Thread[ForkJoinPool.commonPool-worker-2,5,main]
[10:48:21] [ForkJoinPool.commonPool-worker-2/ERROR]: An error occurred building event handler
java.lang.ClassNotFoundException: gg.essential.mod.cosmetics.featured.BaseDivider
	at jdk.internal.loader.BuiltinClassLoader.loadClass(Unknown Source) ~[?:?]
	at jdk.internal.loader.ClassLoaders$AppClassLoader.loadClass(Unknown Source) ~[?:?]
	at java.lang.ClassLoader.loadClass(Unknown Source) ~[?:?]
	at net.minecraftforge.eventbus.EventSubclassTransformer.buildEvents(EventSubclassTransformer.java:92) ~[eventbus-6.0.3.jar:?]
	at net.minecraftforge.eventbus.EventSubclassTransformer.transform(EventSubclassTransformer.java:44) ~[eventbus-6.0.3.jar:?]
	at net.minecraftforge.eventbus.EventBusEngine.processClass(EventBusEngine.java:26) ~[eventbus-6.0.3.jar:?]
	at net.minecraftforge.eventbus.service.ModLauncherService.processClassWithFlags(ModLauncherService.java:32) ~[eventbus-6.0.3.jar:6.0.3+6.0.3+master.039e4ea9]
	at cpw.mods.modlauncher.LaunchPluginHandler.offerClassNodeToPlugins(LaunchPluginHandler.java:88) ~[modlauncher-10.0.8.jar:?]
	at cpw.mods.modlauncher.ClassTransformer.transform(ClassTransformer.java:120) ~[modlauncher-10.0.8.jar:?]
	at cpw.mods.modlauncher.TransformingClassLoader.maybeTransformClassBytes(TransformingClassLoader.java:50) ~[modlauncher-10.0.8.jar:?]
	at cpw.mods.cl.ModuleClassLoader.readerToClass(ModuleClassLoader.java:113) ~[securejarhandler-2.1.4.jar:?]
	at cpw.mods.cl.ModuleClassLoader.lambda$findClass$15(ModuleClassLoader.java:219) ~[securejarhandler-2.1.4.jar:?]
	at cpw.mods.cl.ModuleClassLoader.loadFromModule(ModuleClassLoader.java:229) ~[securejarhandler-2.1.4.jar:?]
	at cpw.mods.cl.ModuleClassLoader.findClass(ModuleClassLoader.java:219) ~[securejarhandler-2.1.4.jar:?]
	at cpw.mods.cl.ModuleClassLoader.loadClass(ModuleClassLoader.java:135) ~[securejarhandler-2.1.4.jar:?]
	at java.lang.ClassLoader.loadClass(Unknown Source) ~[?:?]
	at gg.essential.mod.cosmetics.featured.FeaturedPageSerializer.deserialize$convertToDividerList(featuredPage.kt:57) ~[?:?]
	at gg.essential.mod.cosmetics.featured.FeaturedPageSerializer.deserialize(featuredPage.kt:61) ~[?:?]
	at gg.essential.mod.cosmetics.featured.FeaturedPageSerializer.deserialize(featuredPage.kt:46) ~[?:?]
	at kotlinx.serialization.json.internal.StreamingJsonDecoder.decodeSerializableValue(StreamingJsonDecoder.kt:69) ~[?:?]
	at kotlinx.serialization.encoding.AbstractDecoder.decodeSerializableValue(AbstractDecoder.kt:43) ~[?:?]
	at kotlinx.serialization.encoding.AbstractDecoder.decodeSerializableElement(AbstractDecoder.kt:70) ~[?:?]
	at kotlinx.serialization.json.internal.StreamingJsonDecoder.decodeSerializableElement(StreamingJsonDecoder.kt:168) ~[?:?]
	at kotlinx.serialization.encoding.CompositeDecoder$DefaultImpls.decodeSerializableElement$default(Decoding.kt:538) ~[?:?]
	at kotlinx.serialization.internal.MapLikeSerializer.readElement(CollectionSerializers.kt:111) ~[?:?]
	at kotlinx.serialization.internal.MapLikeSerializer.readElement(CollectionSerializers.kt:84) ~[?:?]
	at kotlinx.serialization.internal.AbstractCollectionSerializer.readElement$default(CollectionSerializers.kt:51) ~[?:?]
	at kotlinx.serialization.internal.AbstractCollectionSerializer.merge(CollectionSerializers.kt:36) ~[?:?]
	at kotlinx.serialization.internal.AbstractCollectionSerializer.deserialize(CollectionSerializers.kt:43) ~[?:?]
	at kotlinx.serialization.json.internal.StreamingJsonDecoder.decodeSerializableValue(StreamingJsonDecoder.kt:69) ~[?:?]
	at kotlinx.serialization.encoding.AbstractDecoder.decodeSerializableValue(AbstractDecoder.kt:43) ~[?:?]
	at kotlinx.serialization.encoding.AbstractDecoder.decodeSerializableElement(AbstractDecoder.kt:70) ~[?:?]
	at kotlinx.serialization.json.internal.StreamingJsonDecoder.decodeSerializableElement(StreamingJsonDecoder.kt:168) ~[?:?]
	at gg.essential.mod.cosmetics.featured.FeaturedPageCollection$$serializer.deserialize(FeaturedPageCollection.kt:24) ~[?:?]
	at gg.essential.mod.cosmetics.featured.FeaturedPageCollection$$serializer.deserialize(FeaturedPageCollection.kt:24) ~[?:?]
	at kotlinx.serialization.json.internal.StreamingJsonDecoder.decodeSerializableValue(StreamingJsonDecoder.kt:69) ~[?:?]
	at kotlinx.serialization.json.Json.decodeFromString(Json.kt:107) ~[?:?]
	at gg.essential.network.connectionmanager.cosmetics.AssetLoader$JsonAssetType$3.invoke(AssetLoader.kt:350) ~[?:?]
	at gg.essential.network.connectionmanager.cosmetics.AssetLoader$JsonAssetType$3.invoke(AssetLoader.kt:349) ~[?:?]
	at gg.essential.network.connectionmanager.cosmetics.AssetLoader$getAsset$1$future$1.invoke(AssetLoader.kt:93) ~[?:?]
	at gg.essential.network.connectionmanager.cosmetics.AssetLoader$getAsset$1$future$1.invoke(AssetLoader.kt:91) ~[?:?]
	at gg.essential.network.connectionmanager.cosmetics.AssetLoader$getAsset$1.invoke$lambda$0(AssetLoader.kt:91) ~[?:?]
	at java.util.concurrent.CompletableFuture$UniApply.tryFire(Unknown Source) ~[?:?]
	at java.util.concurrent.CompletableFuture$Completion.exec(Unknown Source) ~[?:?]
	at java.util.concurrent.ForkJoinTask.doExec(Unknown Source) ~[?:?]
	at java.util.concurrent.ForkJoinPool$WorkQueue.topLevelExec(Unknown Source) ~[?:?]
	at java.util.concurrent.ForkJoinPool.scan(Unknown Source) ~[?:?]
	at java.util.concurrent.ForkJoinPool.runWorker(Unknown Source) ~[?:?]
	at java.util.concurrent.ForkJoinWorkerThread.run(Unknown Source) ~[?:?]
[10:48:21] [ForkJoinPool.commonPool-worker-6/ERROR]: An error occurred building event handler
java.lang.ClassNotFoundException: kotlin.jvm.internal.Lambda
	at jdk.internal.loader.BuiltinClassLoader.loadClass(Unknown Source) ~[?:?]
	at jdk.internal.loader.ClassLoaders$AppClassLoader.loadClass(Unknown Source) ~[?:?]
	at java.lang.ClassLoader.loadClass(Unknown Source) ~[?:?]
	at net.minecraftforge.eventbus.EventSubclassTransformer.buildEvents(EventSubclassTransformer.java:92) ~[eventbus-6.0.3.jar:?]
	at net.minecraftforge.eventbus.EventSubclassTransformer.transform(EventSubclassTransformer.java:44) ~[eventbus-6.0.3.jar:?]
	at net.minecraftforge.eventbus.EventBusEngine.processClass(EventBusEngine.java:26) ~[eventbus-6.0.3.jar:?]
	at net.minecraftforge.eventbus.service.ModLauncherService.processClassWithFlags(ModLauncherService.java:32) ~[eventbus-6.0.3.jar:6.0.3+6.0.3+master.039e4ea9]
	at cpw.mods.modlauncher.LaunchPluginHandler.offerClassNodeToPlugins(LaunchPluginHandler.java:88) ~[modlauncher-10.0.8.jar:?]
	at cpw.mods.modlauncher.ClassTransformer.transform(ClassTransformer.java:120) ~[modlauncher-10.0.8.jar:?]
	at cpw.mods.modlauncher.TransformingClassLoader.maybeTransformClassBytes(TransformingClassLoader.java:50) ~[modlauncher-10.0.8.jar:?]
	at cpw.mods.cl.ModuleClassLoader.readerToClass(ModuleClassLoader.java:113) ~[securejarhandler-2.1.4.jar:?]
	at cpw.mods.cl.ModuleClassLoader.lambda$findClass$15(ModuleClassLoader.java:219) ~[securejarhandler-2.1.4.jar:?]
	at cpw.mods.cl.ModuleClassLoader.loadFromModule(ModuleClassLoader.java:229) ~[securejarhandler-2.1.4.jar:?]
	at cpw.mods.cl.ModuleClassLoader.findClass(ModuleClassLoader.java:219) ~[securejarhandler-2.1.4.jar:?]
	at cpw.mods.cl.ModuleClassLoader.loadClass(ModuleClassLoader.java:135) ~[securejarhandler-2.1.4.jar:?]
	at java.lang.ClassLoader.loadClass(Unknown Source) ~[?:?]
	at gg.essential.model.backend.minecraft.MinecraftRenderBackend$DynamicTexture.<init>(MinecraftRenderBackend.kt:420) ~[?:?]
	at gg.essential.model.backend.minecraft.MinecraftRenderBackend$CosmeticTexture.<init>(MinecraftRenderBackend.kt:431) ~[?:?]
	at gg.essential.model.backend.minecraft.MinecraftRenderBackend.readTexture(MinecraftRenderBackend.kt:395) ~[?:?]
	at gg.essential.network.connectionmanager.cosmetics.AssetLoader$AssetType$Texture$1$1.invokeSuspend(AssetLoader.kt:330) ~[?:?]
	at kotlin.coroutines.jvm.internal.BaseContinuationImpl.resumeWith(ContinuationImpl.kt:33) ~[?:?]
	at kotlinx.coroutines.DispatchedTask.run(DispatchedTask.kt:104) ~[?:?]
	at kotlinx.coroutines.EventLoopImplBase.processNextEvent(EventLoop.common.kt:277) ~[?:?]
	at kotlinx.coroutines.BlockingCoroutine.joinBlocking(Builders.kt:95) ~[?:?]
	at kotlinx.coroutines.BuildersKt__BuildersKt.runBlocking(Builders.kt:69) ~[?:?]
	at kotlinx.coroutines.BuildersKt.runBlocking(Unknown Source) ~[?:?]
	at kotlinx.coroutines.BuildersKt__BuildersKt.runBlocking$default(Builders.kt:48) ~[?:?]
	at kotlinx.coroutines.BuildersKt.runBlocking$default(Unknown Source) ~[?:?]
	at gg.essential.network.connectionmanager.cosmetics.AssetLoader$AssetType$Texture$1.invoke(AssetLoader.kt:330) ~[?:?]
	at gg.essential.network.connectionmanager.cosmetics.AssetLoader$AssetType$Texture$1.invoke(AssetLoader.kt:329) ~[?:?]
	at gg.essential.network.connectionmanager.cosmetics.AssetLoader$getAsset$1$future$1.invoke(AssetLoader.kt:93) ~[?:?]
	at gg.essential.network.connectionmanager.cosmetics.AssetLoader$getAsset$1$future$1.invoke(AssetLoader.kt:91) ~[?:?]
	at gg.essential.network.connectionmanager.cosmetics.AssetLoader$getAsset$1.invoke$lambda$0(AssetLoader.kt:91) ~[?:?]
	at java.util.concurrent.CompletableFuture$UniApply.tryFire(Unknown Source) ~[?:?]
	at java.util.concurrent.CompletableFuture$Completion.exec(Unknown Source) ~[?:?]
	at java.util.concurrent.ForkJoinTask.doExec(Unknown Source) ~[?:?]
	at java.util.concurrent.ForkJoinPool$WorkQueue.topLevelExec(Unknown Source) ~[?:?]
	at java.util.concurrent.ForkJoinPool.scan(Unknown Source) ~[?:?]
	at java.util.concurrent.ForkJoinPool.runWorker(Unknown Source) ~[?:?]
	at java.util.concurrent.ForkJoinWorkerThread.run(Unknown Source) ~[?:?]
[10:48:21] [ForkJoinPool.commonPool-worker-3/ERROR]: Could not find parent kotlinx/serialization/json/JsonContentPolymorphicSerializer for class gg/essential/model/file/ParticleEffectComponents$Direction$Serializer in classloader jdk.internal.loader.ClassLoaders$AppClassLoader@76ed5528 on thread Thread[ForkJoinPool.commonPool-worker-3,5,main]
[10:48:21] [ForkJoinPool.commonPool-worker-3/ERROR]: An error occurred building event handler
java.lang.ClassNotFoundException: kotlinx.serialization.json.JsonContentPolymorphicSerializer
	at jdk.internal.loader.BuiltinClassLoader.loadClass(Unknown Source) ~[?:?]
	at jdk.internal.loader.ClassLoaders$AppClassLoader.loadClass(Unknown Source) ~[?:?]
	at java.lang.ClassLoader.loadClass(Unknown Source) ~[?:?]
	at net.minecraftforge.eventbus.EventSubclassTransformer.buildEvents(EventSubclassTransformer.java:92) ~[eventbus-6.0.3.jar:?]
	at net.minecraftforge.eventbus.EventSubclassTransformer.transform(EventSubclassTransformer.java:44) ~[eventbus-6.0.3.jar:?]
	at net.minecraftforge.eventbus.EventBusEngine.processClass(EventBusEngine.java:26) ~[eventbus-6.0.3.jar:?]
	at net.minecraftforge.eventbus.service.ModLauncherService.processClassWithFlags(ModLauncherService.java:32) ~[eventbus-6.0.3.jar:6.0.3+6.0.3+master.039e4ea9]
	at cpw.mods.modlauncher.LaunchPluginHandler.offerClassNodeToPlugins(LaunchPluginHandler.java:88) ~[modlauncher-10.0.8.jar:?]
	at cpw.mods.modlauncher.ClassTransformer.transform(ClassTransformer.java:120) ~[modlauncher-10.0.8.jar:?]
	at cpw.mods.modlauncher.TransformingClassLoader.maybeTransformClassBytes(TransformingClassLoader.java:50) ~[modlauncher-10.0.8.jar:?]
	at cpw.mods.cl.ModuleClassLoader.readerToClass(ModuleClassLoader.java:113) ~[securejarhandler-2.1.4.jar:?]
	at cpw.mods.cl.ModuleClassLoader.lambda$findClass$15(ModuleClassLoader.java:219) ~[securejarhandler-2.1.4.jar:?]
	at cpw.mods.cl.ModuleClassLoader.loadFromModule(ModuleClassLoader.java:229) ~[securejarhandler-2.1.4.jar:?]
	at cpw.mods.cl.ModuleClassLoader.findClass(ModuleClassLoader.java:219) ~[securejarhandler-2.1.4.jar:?]
	at cpw.mods.cl.ModuleClassLoader.loadClass(ModuleClassLoader.java:135) ~[securejarhandler-2.1.4.jar:?]
	at java.lang.ClassLoader.loadClass(Unknown Source) ~[?:?]
	at gg.essential.model.file.ParticleEffectComponents$EmitterShapeBox$$serializer.childSerializers(ParticlesFile.kt:378) ~[?:?]
	at kotlinx.serialization.internal.PluginGeneratedSerialDescriptor$childSerializers$2.invoke(PluginGeneratedSerialDescriptor.kt:36) ~[?:?]
	at kotlinx.serialization.internal.PluginGeneratedSerialDescriptor$childSerializers$2.invoke(PluginGeneratedSerialDescriptor.kt:36) ~[?:?]
	at kotlin.SafePublicationLazyImpl.getValue(LazyJVM.kt:107) ~[?:?]
	at kotlinx.serialization.internal.PluginGeneratedSerialDescriptor.getChildSerializers(PluginGeneratedSerialDescriptor.kt:36) ~[?:?]
	at kotlinx.serialization.internal.PluginGeneratedSerialDescriptor.getElementDescriptor(PluginGeneratedSerialDescriptor.kt:76) ~[?:?]
	at kotlinx.serialization.json.internal.StreamingJsonDecoder.coerceInputValue(StreamingJsonDecoder.kt:399) ~[?:?]
	at kotlinx.serialization.json.internal.StreamingJsonDecoder.decodeObjectIndex(StreamingJsonDecoder.kt:231) ~[?:?]
	at kotlinx.serialization.json.internal.StreamingJsonDecoder.decodeElementIndex(StreamingJsonDecoder.kt:178) ~[?:?]
	at gg.essential.model.file.ParticleEffectComponents$EmitterShapeBox$$serializer.deserialize(ParticlesFile.kt:378) ~[?:?]
	at gg.essential.model.file.ParticleEffectComponents$EmitterShapeBox$$serializer.deserialize(ParticlesFile.kt:378) ~[?:?]
	at kotlinx.serialization.json.internal.StreamingJsonDecoder.decodeSerializableValue(StreamingJsonDecoder.kt:69) ~[?:?]
	at kotlinx.serialization.encoding.AbstractDecoder.decodeSerializableValue(AbstractDecoder.kt:43) ~[?:?]
	at kotlinx.serialization.encoding.AbstractDecoder.decodeNullableSerializableElement(AbstractDecoder.kt:78) ~[?:?]
	at gg.essential.model.file.ParticleEffectComponents$$serializer.deserialize(ParticlesFile.kt:178) ~[?:?]
	at gg.essential.model.file.ParticleEffectComponents$$serializer.deserialize(ParticlesFile.kt:178) ~[?:?]
	at kotlinx.serialization.json.internal.StreamingJsonDecoder.decodeSerializableValue(StreamingJsonDecoder.kt:69) ~[?:?]
	at kotlinx.serialization.encoding.AbstractDecoder.decodeSerializableValue(AbstractDecoder.kt:43) ~[?:?]
	at kotlinx.serialization.encoding.AbstractDecoder.decodeSerializableElement(AbstractDecoder.kt:70) ~[?:?]
	at kotlinx.serialization.json.internal.StreamingJsonDecoder.decodeSerializableElement(StreamingJsonDecoder.kt:168) ~[?:?]
	at gg.essential.model.file.ParticlesFile$ParticleEffect$$serializer.deserialize(ParticlesFile.kt:59) ~[?:?]
	at gg.essential.model.file.ParticlesFile$ParticleEffect$$serializer.deserialize(ParticlesFile.kt:59) ~[?:?]
	at kotlinx.serialization.json.internal.StreamingJsonDecoder.decodeSerializableValue(StreamingJsonDecoder.kt:69) ~[?:?]
	at kotlinx.serialization.encoding.AbstractDecoder.decodeSerializableValue(AbstractDecoder.kt:43) ~[?:?]
	at kotlinx.serialization.encoding.AbstractDecoder.decodeSerializableElement(AbstractDecoder.kt:70) ~[?:?]
	at kotlinx.serialization.json.internal.StreamingJsonDecoder.decodeSerializableElement(StreamingJsonDecoder.kt:168) ~[?:?]
	at gg.essential.model.file.ParticlesFile$$serializer.deserialize(ParticlesFile.kt:52) ~[?:?]
	at gg.essential.model.file.ParticlesFile$$serializer.deserialize(ParticlesFile.kt:52) ~[?:?]
	at kotlinx.serialization.json.internal.StreamingJsonDecoder.decodeSerializableValue(StreamingJsonDecoder.kt:69) ~[?:?]
	at kotlinx.serialization.json.Json.decodeFromString(Json.kt:107) ~[?:?]
	at gg.essential.network.connectionmanager.cosmetics.AssetLoader$JsonAssetType$3.invoke(AssetLoader.kt:350) ~[?:?]
	at gg.essential.network.connectionmanager.cosmetics.AssetLoader$JsonAssetType$3.invoke(AssetLoader.kt:349) ~[?:?]
	at gg.essential.network.connectionmanager.cosmetics.AssetLoader$getAsset$1$future$1.invoke(AssetLoader.kt:93) ~[?:?]
	at gg.essential.network.connectionmanager.cosmetics.AssetLoader$getAsset$1$future$1.invoke(AssetLoader.kt:91) ~[?:?]
	at gg.essential.network.connectionmanager.cosmetics.AssetLoader$getAsset$1.invoke$lambda$0(AssetLoader.kt:91) ~[?:?]
	at java.util.concurrent.CompletableFuture$UniApply.tryFire(Unknown Source) ~[?:?]
	at java.util.concurrent.CompletableFuture$Completion.exec(Unknown Source) ~[?:?]
	at java.util.concurrent.ForkJoinTask.doExec(Unknown Source) ~[?:?]
	at java.util.concurrent.ForkJoinPool$WorkQueue.topLevelExec(Unknown Source) ~[?:?]
	at java.util.concurrent.ForkJoinPool.scan(Unknown Source) ~[?:?]
	at java.util.concurrent.ForkJoinPool.runWorker(Unknown Source) ~[?:?]
	at java.util.concurrent.ForkJoinWorkerThread.run(Unknown Source) ~[?:?]
[10:48:21] [ForkJoinPool.commonPool-worker-6/ERROR]: Could not find parent kotlinx/serialization/json/JsonContentPolymorphicSerializer for class gg/essential/model/file/UvsSerializer in classloader jdk.internal.loader.ClassLoaders$AppClassLoader@76ed5528 on thread Thread[ForkJoinPool.commonPool-worker-6,5,main]
[10:48:21] [ForkJoinPool.commonPool-worker-3/ERROR]: Could not find parent gg/essential/model/file/ParticleEffectComponents$Direction for class gg/essential/model/file/ParticleEffectComponents$Direction$Inwards in classloader jdk.internal.loader.ClassLoaders$AppClassLoader@76ed5528 on thread Thread[ForkJoinPool.commonPool-worker-3,5,main]
[10:48:21] [ForkJoinPool.commonPool-worker-3/ERROR]: An error occurred building event handler
java.lang.ClassNotFoundException: gg.essential.model.file.ParticleEffectComponents$Direction
	at jdk.internal.loader.BuiltinClassLoader.loadClass(Unknown Source) ~[?:?]
	at jdk.internal.loader.ClassLoaders$AppClassLoader.loadClass(Unknown Source) ~[?:?]
	at java.lang.ClassLoader.loadClass(Unknown Source) ~[?:?]
	at net.minecraftforge.eventbus.EventSubclassTransformer.buildEvents(EventSubclassTransformer.java:92) ~[eventbus-6.0.3.jar:?]
	at net.minecraftforge.eventbus.EventSubclassTransformer.transform(EventSubclassTransformer.java:44) ~[eventbus-6.0.3.jar:?]
	at net.minecraftforge.eventbus.EventBusEngine.processClass(EventBusEngine.java:26) ~[eventbus-6.0.3.jar:?]
	at net.minecraftforge.eventbus.service.ModLauncherService.processClassWithFlags(ModLauncherService.java:32) ~[eventbus-6.0.3.jar:6.0.3+6.0.3+master.039e4ea9]
	at cpw.mods.modlauncher.LaunchPluginHandler.offerClassNodeToPlugins(LaunchPluginHandler.java:88) ~[modlauncher-10.0.8.jar:?]
	at cpw.mods.modlauncher.ClassTransformer.transform(ClassTransformer.java:120) ~[modlauncher-10.0.8.jar:?]
	at cpw.mods.modlauncher.TransformingClassLoader.maybeTransformClassBytes(TransformingClassLoader.java:50) ~[modlauncher-10.0.8.jar:?]
	at cpw.mods.cl.ModuleClassLoader.readerToClass(ModuleClassLoader.java:113) ~[securejarhandler-2.1.4.jar:?]
	at cpw.mods.cl.ModuleClassLoader.lambda$findClass$15(ModuleClassLoader.java:219) ~[securejarhandler-2.1.4.jar:?]
	at cpw.mods.cl.ModuleClassLoader.loadFromModule(ModuleClassLoader.java:229) ~[securejarhandler-2.1.4.jar:?]
	at cpw.mods.cl.ModuleClassLoader.findClass(ModuleClassLoader.java:219) ~[securejarhandler-2.1.4.jar:?]
	at cpw.mods.cl.ModuleClassLoader.loadClass(ModuleClassLoader.java:135) ~[securejarhandler-2.1.4.jar:?]
	at java.lang.ClassLoader.loadClass(Unknown Source) ~[?:?]
	at gg.essential.model.file.ParticleEffectComponents$Direction$Serializer.selectDeserializer(ParticlesFile.kt:354) ~[?:?]
	at kotlinx.serialization.json.JsonContentPolymorphicSerializer.deserialize(JsonContentPolymorphicSerializer.kt:93) ~[?:?]
	at kotlinx.serialization.json.internal.StreamingJsonDecoder.decodeSerializableValue(StreamingJsonDecoder.kt:69) ~[?:?]
	at kotlinx.serialization.encoding.AbstractDecoder.decodeSerializableValue(AbstractDecoder.kt:43) ~[?:?]
	at kotlinx.serialization.encoding.AbstractDecoder.decodeSerializableElement(AbstractDecoder.kt:70) ~[?:?]
	at kotlinx.serialization.json.internal.StreamingJsonDecoder.decodeSerializableElement(StreamingJsonDecoder.kt:168) ~[?:?]
	at gg.essential.model.file.ParticleEffectComponents$EmitterShapeBox$$serializer.deserialize(ParticlesFile.kt:378) ~[?:?]
	at gg.essential.model.file.ParticleEffectComponents$EmitterShapeBox$$serializer.deserialize(ParticlesFile.kt:378) ~[?:?]
	at kotlinx.serialization.json.internal.StreamingJsonDecoder.decodeSerializableValue(StreamingJsonDecoder.kt:69) ~[?:?]
	at kotlinx.serialization.encoding.AbstractDecoder.decodeSerializableValue(AbstractDecoder.kt:43) ~[?:?]
	at kotlinx.serialization.encoding.AbstractDecoder.decodeNullableSerializableElement(AbstractDecoder.kt:78) ~[?:?]
	at gg.essential.model.file.ParticleEffectComponents$$serializer.deserialize(ParticlesFile.kt:178) ~[?:?]
	at gg.essential.model.file.ParticleEffectComponents$$serializer.deserialize(ParticlesFile.kt:178) ~[?:?]
	at kotlinx.serialization.json.internal.StreamingJsonDecoder.decodeSerializableValue(StreamingJsonDecoder.kt:69) ~[?:?]
	at kotlinx.serialization.encoding.AbstractDecoder.decodeSerializableValue(AbstractDecoder.kt:43) ~[?:?]
	at kotlinx.serialization.encoding.AbstractDecoder.decodeSerializableElement(AbstractDecoder.kt:70) ~[?:?]
	at kotlinx.serialization.json.internal.StreamingJsonDecoder.decodeSerializableElement(StreamingJsonDecoder.kt:168) ~[?:?]
	at gg.essential.model.file.ParticlesFile$ParticleEffect$$serializer.deserialize(ParticlesFile.kt:59) ~[?:?]
	at gg.essential.model.file.ParticlesFile$ParticleEffect$$serializer.deserialize(ParticlesFile.kt:59) ~[?:?]
	at kotlinx.serialization.json.internal.StreamingJsonDecoder.decodeSerializableValue(StreamingJsonDecoder.kt:69) ~[?:?]
	at kotlinx.serialization.encoding.AbstractDecoder.decodeSerializableValue(AbstractDecoder.kt:43) ~[?:?]
	at kotlinx.serialization.encoding.AbstractDecoder.decodeSerializableElement(AbstractDecoder.kt:70) ~[?:?]
	at kotlinx.serialization.json.internal.StreamingJsonDecoder.decodeSerializableElement(StreamingJsonDecoder.kt:168) ~[?:?]
	at gg.essential.model.file.ParticlesFile$$serializer.deserialize(ParticlesFile.kt:52) ~[?:?]
	at gg.essential.model.file.ParticlesFile$$serializer.deserialize(ParticlesFile.kt:52) ~[?:?]
	at kotlinx.serialization.json.internal.StreamingJsonDecoder.decodeSerializableValue(StreamingJsonDecoder.kt:69) ~[?:?]
	at kotlinx.serialization.json.Json.decodeFromString(Json.kt:107) ~[?:?]
	at gg.essential.network.connectionmanager.cosmetics.AssetLoader$JsonAssetType$3.invoke(AssetLoader.kt:350) ~[?:?]
	at gg.essential.network.connectionmanager.cosmetics.AssetLoader$JsonAssetType$3.invoke(AssetLoader.kt:349) ~[?:?]
	at gg.essential.network.connectionmanager.cosmetics.AssetLoader$getAsset$1$future$1.invoke(AssetLoader.kt:93) ~[?:?]
	at gg.essential.network.connectionmanager.cosmetics.AssetLoader$getAsset$1$future$1.invoke(AssetLoader.kt:91) ~[?:?]
	at gg.essential.network.connectionmanager.cosmetics.AssetLoader$getAsset$1.invoke$lambda$0(AssetLoader.kt:91) ~[?:?]
	at java.util.concurrent.CompletableFuture$UniApply.tryFire(Unknown Source) ~[?:?]
	at java.util.concurrent.CompletableFuture$Completion.exec(Unknown Source) ~[?:?]
	at java.util.concurrent.ForkJoinTask.doExec(Unknown Source) ~[?:?]
	at java.util.concurrent.ForkJoinPool$WorkQueue.topLevelExec(Unknown Source) ~[?:?]
	at java.util.concurrent.ForkJoinPool.scan(Unknown Source) ~[?:?]
	at java.util.concurrent.ForkJoinPool.runWorker(Unknown Source) ~[?:?]
	at java.util.concurrent.ForkJoinWorkerThread.run(Unknown Source) ~[?:?]
[10:48:21] [ForkJoinPool.commonPool-worker-3/ERROR]: Could not find parent kotlin/jvm/internal/Lambda for class gg/essential/model/file/ParticleEffectComponents$Direction$Inwards$1 in classloader jdk.internal.loader.ClassLoaders$AppClassLoader@76ed5528 on thread Thread[ForkJoinPool.commonPool-worker-3,5,main]
[10:48:21] [ForkJoinPool.commonPool-worker-6/ERROR]: An error occurred building event handler
java.lang.ClassNotFoundException: kotlinx.serialization.json.JsonContentPolymorphicSerializer
	at jdk.internal.loader.BuiltinClassLoader.loadClass(Unknown Source) ~[?:?]
	at jdk.internal.loader.ClassLoaders$AppClassLoader.loadClass(Unknown Source) ~[?:?]
	at java.lang.ClassLoader.loadClass(Unknown Source) ~[?:?]
	at net.minecraftforge.eventbus.EventSubclassTransformer.buildEvents(EventSubclassTransformer.java:92) ~[eventbus-6.0.3.jar:?]
	at net.minecraftforge.eventbus.EventSubclassTransformer.transform(EventSubclassTransformer.java:44) ~[eventbus-6.0.3.jar:?]
	at net.minecraftforge.eventbus.EventBusEngine.processClass(EventBusEngine.java:26) ~[eventbus-6.0.3.jar:?]
	at net.minecraftforge.eventbus.service.ModLauncherService.processClassWithFlags(ModLauncherService.java:32) ~[eventbus-6.0.3.jar:6.0.3+6.0.3+master.039e4ea9]
	at cpw.mods.modlauncher.LaunchPluginHandler.offerClassNodeToPlugins(LaunchPluginHandler.java:88) ~[modlauncher-10.0.8.jar:?]
	at cpw.mods.modlauncher.ClassTransformer.transform(ClassTransformer.java:120) ~[modlauncher-10.0.8.jar:?]
	at cpw.mods.modlauncher.TransformingClassLoader.maybeTransformClassBytes(TransformingClassLoader.java:50) ~[modlauncher-10.0.8.jar:?]
	at cpw.mods.cl.ModuleClassLoader.readerToClass(ModuleClassLoader.java:113) ~[securejarhandler-2.1.4.jar:?]
	at cpw.mods.cl.ModuleClassLoader.lambda$findClass$15(ModuleClassLoader.java:219) ~[securejarhandler-2.1.4.jar:?]
	at cpw.mods.cl.ModuleClassLoader.loadFromModule(ModuleClassLoader.java:229) ~[securejarhandler-2.1.4.jar:?]
	at cpw.mods.cl.ModuleClassLoader.findClass(ModuleClassLoader.java:219) ~[securejarhandler-2.1.4.jar:?]
	at cpw.mods.cl.ModuleClassLoader.loadClass(ModuleClassLoader.java:135) ~[securejarhandler-2.1.4.jar:?]
	at java.lang.ClassLoader.loadClass(Unknown Source) ~[?:?]
	at gg.essential.model.file.ModelFile$Uvs$Companion.serializer(ModelFile.kt:77) ~[?:?]
	at gg.essential.model.file.ModelFile$Cube.<clinit>(ModelFile.kt:68) ~[?:?]
	at gg.essential.model.file.ModelFile$Cube$$serializer.deserialize(ModelFile.kt:68) ~[?:?]
	at gg.essential.model.file.ModelFile$Cube$$serializer.deserialize(ModelFile.kt:68) ~[?:?]
	at kotlinx.serialization.json.internal.StreamingJsonDecoder.decodeSerializableValue(StreamingJsonDecoder.kt:69) ~[?:?]
	at kotlinx.serialization.encoding.AbstractDecoder.decodeSerializableValue(AbstractDecoder.kt:43) ~[?:?]
	at kotlinx.serialization.encoding.AbstractDecoder.decodeSerializableElement(AbstractDecoder.kt:70) ~[?:?]
	at kotlinx.serialization.json.internal.StreamingJsonDecoder.decodeSerializableElement(StreamingJsonDecoder.kt:168) ~[?:?]
	at kotlinx.serialization.encoding.CompositeDecoder$DefaultImpls.decodeSerializableElement$default(Decoding.kt:538) ~[?:?]
	at kotlinx.serialization.internal.CollectionLikeSerializer.readElement(CollectionSerializers.kt:80) ~[?:?]
	at kotlinx.serialization.internal.AbstractCollectionSerializer.readElement$default(CollectionSerializers.kt:51) ~[?:?]
	at kotlinx.serialization.internal.AbstractCollectionSerializer.merge(CollectionSerializers.kt:36) ~[?:?]
	at kotlinx.serialization.internal.AbstractCollectionSerializer.deserialize(CollectionSerializers.kt:43) ~[?:?]
	at kotlinx.serialization.json.internal.StreamingJsonDecoder.decodeSerializableValue(StreamingJsonDecoder.kt:69) ~[?:?]
	at kotlinx.serialization.encoding.AbstractDecoder.decodeSerializableValue(AbstractDecoder.kt:43) ~[?:?]
	at kotlinx.serialization.encoding.AbstractDecoder.decodeSerializableElement(AbstractDecoder.kt:70) ~[?:?]
	at kotlinx.serialization.json.internal.StreamingJsonDecoder.decodeSerializableElement(StreamingJsonDecoder.kt:168) ~[?:?]
	at gg.essential.model.file.ModelFile$Bone$$serializer.deserialize(ModelFile.kt:56) ~[?:?]
	at gg.essential.model.file.ModelFile$Bone$$serializer.deserialize(ModelFile.kt:56) ~[?:?]
	at kotlinx.serialization.json.internal.StreamingJsonDecoder.decodeSerializableValue(StreamingJsonDecoder.kt:69) ~[?:?]
	at kotlinx.serialization.encoding.AbstractDecoder.decodeSerializableValue(AbstractDecoder.kt:43) ~[?:?]
	at kotlinx.serialization.encoding.AbstractDecoder.decodeSerializableElement(AbstractDecoder.kt:70) ~[?:?]
	at kotlinx.serialization.json.internal.StreamingJsonDecoder.decodeSerializableElement(StreamingJsonDecoder.kt:168) ~[?:?]
	at kotlinx.serialization.encoding.CompositeDecoder$DefaultImpls.decodeSerializableElement$default(Decoding.kt:538) ~[?:?]
	at kotlinx.serialization.internal.CollectionLikeSerializer.readElement(CollectionSerializers.kt:80) ~[?:?]
	at kotlinx.serialization.internal.AbstractCollectionSerializer.readElement$default(CollectionSerializers.kt:51) ~[?:?]
	at kotlinx.serialization.internal.AbstractCollectionSerializer.merge(CollectionSerializers.kt:36) ~[?:?]
	at kotlinx.serialization.internal.AbstractCollectionSerializer.deserialize(CollectionSerializers.kt:43) ~[?:?]
	at kotlinx.serialization.json.internal.StreamingJsonDecoder.decodeSerializableValue(StreamingJsonDecoder.kt:69) ~[?:?]
	at kotlinx.serialization.encoding.AbstractDecoder.decodeSerializableValue(AbstractDecoder.kt:43) ~[?:?]
	at kotlinx.serialization.encoding.AbstractDecoder.decodeSerializableElement(AbstractDecoder.kt:70) ~[?:?]
	at kotlinx.serialization.json.internal.StreamingJsonDecoder.decodeSerializableElement(StreamingJsonDecoder.kt:168) ~[?:?]
	at gg.essential.model.file.ModelFile$Geometry$$serializer.deserialize(ModelFile.kt:39) ~[?:?]
	at gg.essential.model.file.ModelFile$Geometry$$serializer.deserialize(ModelFile.kt:39) ~[?:?]
	at kotlinx.serialization.json.internal.StreamingJsonDecoder.decodeSerializableValue(StreamingJsonDecoder.kt:69) ~[?:?]
	at kotlinx.serialization.encoding.AbstractDecoder.decodeSerializableValue(AbstractDecoder.kt:43) ~[?:?]
	at kotlinx.serialization.encoding.AbstractDecoder.decodeSerializableElement(AbstractDecoder.kt:70) ~[?:?]
	at kotlinx.serialization.json.internal.StreamingJsonDecoder.decodeSerializableElement(StreamingJsonDecoder.kt:168) ~[?:?]
	at kotlinx.serialization.encoding.CompositeDecoder$DefaultImpls.decodeSerializableElement$default(Decoding.kt:538) ~[?:?]
	at kotlinx.serialization.internal.CollectionLikeSerializer.readElement(CollectionSerializers.kt:80) ~[?:?]
	at kotlinx.serialization.internal.AbstractCollectionSerializer.readElement$default(CollectionSerializers.kt:51) ~[?:?]
	at kotlinx.serialization.internal.AbstractCollectionSerializer.merge(CollectionSerializers.kt:36) ~[?:?]
	at kotlinx.serialization.internal.AbstractCollectionSerializer.deserialize(CollectionSerializers.kt:43) ~[?:?]
	at kotlinx.serialization.json.internal.StreamingJsonDecoder.decodeSerializableValue(StreamingJsonDecoder.kt:69) ~[?:?]
	at kotlinx.serialization.encoding.AbstractDecoder.decodeSerializableValue(AbstractDecoder.kt:43) ~[?:?]
	at kotlinx.serialization.encoding.AbstractDecoder.decodeSerializableElement(AbstractDecoder.kt:70) ~[?:?]
	at kotlinx.serialization.json.internal.StreamingJsonDecoder.decodeSerializableElement(StreamingJsonDecoder.kt:168) ~[?:?]
	at gg.essential.model.file.ModelFile$$serializer.deserialize(ModelFile.kt:32) ~[?:?]
	at gg.essential.model.file.ModelFile$$serializer.deserialize(ModelFile.kt:32) ~[?:?]
	at kotlinx.serialization.json.internal.StreamingJsonDecoder.decodeSerializableValue(StreamingJsonDecoder.kt:69) ~[?:?]
	at kotlinx.serialization.json.Json.decodeFromString(Json.kt:107) ~[?:?]
	at gg.essential.network.connectionmanager.cosmetics.AssetLoader$JsonAssetType$3.invoke(AssetLoader.kt:350) ~[?:?]
	at gg.essential.network.connectionmanager.cosmetics.AssetLoader$JsonAssetType$3.invoke(AssetLoader.kt:349) ~[?:?]
	at gg.essential.network.connectionmanager.cosmetics.AssetLoader$getAsset$1$future$1.invoke(AssetLoader.kt:93) ~[?:?]
	at gg.essential.network.connectionmanager.cosmetics.AssetLoader$getAsset$1$future$1.invoke(AssetLoader.kt:91) ~[?:?]
	at gg.essential.network.connectionmanager.cosmetics.AssetLoader$getAsset$1.invoke$lambda$0(AssetLoader.kt:91) ~[?:?]
	at java.util.concurrent.CompletableFuture$UniApply.tryFire(Unknown Source) ~[?:?]
	at java.util.concurrent.CompletableFuture$Completion.exec(Unknown Source) ~[?:?]
	at java.util.concurrent.ForkJoinTask.doExec(Unknown Source) ~[?:?]
	at java.util.concurrent.ForkJoinPool$WorkQueue.topLevelExec(Unknown Source) ~[?:?]
	at java.util.concurrent.ForkJoinPool.scan(Unknown Source) ~[?:?]
	at java.util.concurrent.ForkJoinPool.runWorker(Unknown Source) ~[?:?]
	at java.util.concurrent.ForkJoinWorkerThread.run(Unknown Source) ~[?:?]
[10:48:21] [ForkJoinPool.commonPool-worker-1/ERROR]: Could not find parent gg/essential/model/file/ParticleEffectComponents$Direction for class gg/essential/model/file/ParticleEffectComponents$Direction$Outwards in classloader jdk.internal.loader.ClassLoaders$AppClassLoader@76ed5528 on thread Thread[ForkJoinPool.commonPool-worker-1,5,main]
[10:48:21] [ForkJoinPool.commonPool-worker-6/ERROR]: Could not find parent gg/essential/model/file/ModelFile$Uvs for class gg/essential/model/file/ModelFile$Uvs$Box in classloader jdk.internal.loader.ClassLoaders$AppClassLoader@76ed5528 on thread Thread[ForkJoinPool.commonPool-worker-6,5,main]
[10:48:21] [ForkJoinPool.commonPool-worker-2/ERROR]: Could not find parent gg/essential/model/file/ParticleEffectComponents$Direction for class gg/essential/model/file/ParticleEffectComponents$Direction$Custom in classloader jdk.internal.loader.ClassLoaders$AppClassLoader@76ed5528 on thread Thread[ForkJoinPool.commonPool-worker-2,5,main]
[10:48:21] [ForkJoinPool.commonPool-worker-3/ERROR]: An error occurred building event handler
java.lang.ClassNotFoundException: kotlin.jvm.internal.Lambda
	at jdk.internal.loader.BuiltinClassLoader.loadClass(Unknown Source) ~[?:?]
	at jdk.internal.loader.ClassLoaders$AppClassLoader.loadClass(Unknown Source) ~[?:?]
	at java.lang.ClassLoader.loadClass(Unknown Source) ~[?:?]
	at net.minecraftforge.eventbus.EventSubclassTransformer.buildEvents(EventSubclassTransformer.java:92) ~[eventbus-6.0.3.jar:?]
	at net.minecraftforge.eventbus.EventSubclassTransformer.transform(EventSubclassTransformer.java:44) ~[eventbus-6.0.3.jar:?]
	at net.minecraftforge.eventbus.EventBusEngine.processClass(EventBusEngine.java:26) ~[eventbus-6.0.3.jar:?]
	at net.minecraftforge.eventbus.service.ModLauncherService.processClassWithFlags(ModLauncherService.java:32) ~[eventbus-6.0.3.jar:6.0.3+6.0.3+master.039e4ea9]
	at cpw.mods.modlauncher.LaunchPluginHandler.offerClassNodeToPlugins(LaunchPluginHandler.java:88) ~[modlauncher-10.0.8.jar:?]
	at cpw.mods.modlauncher.ClassTransformer.transform(ClassTransformer.java:120) ~[modlauncher-10.0.8.jar:?]
	at cpw.mods.modlauncher.TransformingClassLoader.maybeTransformClassBytes(TransformingClassLoader.java:50) ~[modlauncher-10.0.8.jar:?]
	at cpw.mods.cl.ModuleClassLoader.readerToClass(ModuleClassLoader.java:113) ~[securejarhandler-2.1.4.jar:?]
	at cpw.mods.cl.ModuleClassLoader.lambda$findClass$15(ModuleClassLoader.java:219) ~[securejarhandler-2.1.4.jar:?]
	at cpw.mods.cl.ModuleClassLoader.loadFromModule(ModuleClassLoader.java:229) ~[securejarhandler-2.1.4.jar:?]
	at cpw.mods.cl.ModuleClassLoader.findClass(ModuleClassLoader.java:219) ~[securejarhandler-2.1.4.jar:?]
	at cpw.mods.cl.ModuleClassLoader.loadClass(ModuleClassLoader.java:135) ~[securejarhandler-2.1.4.jar:?]
	at java.lang.ClassLoader.loadClass(Unknown Source) ~[?:?]
	at gg.essential.model.file.ParticleEffectComponents$Direction$Inwards.<clinit>(ParticlesFile.kt:343) ~[?:?]
	at gg.essential.model.file.ParticleEffectComponents$Direction$Serializer.selectDeserializer(ParticlesFile.kt:354) ~[?:?]
	at kotlinx.serialization.json.JsonContentPolymorphicSerializer.deserialize(JsonContentPolymorphicSerializer.kt:93) ~[?:?]
	at kotlinx.serialization.json.internal.StreamingJsonDecoder.decodeSerializableValue(StreamingJsonDecoder.kt:69) ~[?:?]
	at kotlinx.serialization.encoding.AbstractDecoder.decodeSerializableValue(AbstractDecoder.kt:43) ~[?:?]
	at kotlinx.serialization.encoding.AbstractDecoder.decodeSerializableElement(AbstractDecoder.kt:70) ~[?:?]
	at kotlinx.serialization.json.internal.StreamingJsonDecoder.decodeSerializableElement(StreamingJsonDecoder.kt:168) ~[?:?]
	at gg.essential.model.file.ParticleEffectComponents$EmitterShapeBox$$serializer.deserialize(ParticlesFile.kt:378) ~[?:?]
	at gg.essential.model.file.ParticleEffectComponents$EmitterShapeBox$$serializer.deserialize(ParticlesFile.kt:378) ~[?:?]
	at kotlinx.serialization.json.internal.StreamingJsonDecoder.decodeSerializableValue(StreamingJsonDecoder.kt:69) ~[?:?]
	at kotlinx.serialization.encoding.AbstractDecoder.decodeSerializableValue(AbstractDecoder.kt:43) ~[?:?]
	at kotlinx.serialization.encoding.AbstractDecoder.decodeNullableSerializableElement(AbstractDecoder.kt:78) ~[?:?]
	at gg.essential.model.file.ParticleEffectComponents$$serializer.deserialize(ParticlesFile.kt:178) ~[?:?]
	at gg.essential.model.file.ParticleEffectComponents$$serializer.deserialize(ParticlesFile.kt:178) ~[?:?]
	at kotlinx.serialization.json.internal.StreamingJsonDecoder.decodeSerializableValue(StreamingJsonDecoder.kt:69) ~[?:?]
	at kotlinx.serialization.encoding.AbstractDecoder.decodeSerializableValue(AbstractDecoder.kt:43) ~[?:?]
	at kotlinx.serialization.encoding.AbstractDecoder.decodeSerializableElement(AbstractDecoder.kt:70) ~[?:?]
	at kotlinx.serialization.json.internal.StreamingJsonDecoder.decodeSerializableElement(StreamingJsonDecoder.kt:168) ~[?:?]
	at gg.essential.model.file.ParticlesFile$ParticleEffect$$serializer.deserialize(ParticlesFile.kt:59) ~[?:?]
	at gg.essential.model.file.ParticlesFile$ParticleEffect$$serializer.deserialize(ParticlesFile.kt:59) ~[?:?]
	at kotlinx.serialization.json.internal.StreamingJsonDecoder.decodeSerializableValue(StreamingJsonDecoder.kt:69) ~[?:?]
	at kotlinx.serialization.encoding.AbstractDecoder.decodeSerializableValue(AbstractDecoder.kt:43) ~[?:?]
	at kotlinx.serialization.encoding.AbstractDecoder.decodeSerializableElement(AbstractDecoder.kt:70) ~[?:?]
	at kotlinx.serialization.json.internal.StreamingJsonDecoder.decodeSerializableElement(StreamingJsonDecoder.kt:168) ~[?:?]
	at gg.essential.model.file.ParticlesFile$$serializer.deserialize(ParticlesFile.kt:52) ~[?:?]
	at gg.essential.model.file.ParticlesFile$$serializer.deserialize(ParticlesFile.kt:52) ~[?:?]
	at kotlinx.serialization.json.internal.StreamingJsonDecoder.decodeSerializableValue(StreamingJsonDecoder.kt:69) ~[?:?]
	at kotlinx.serialization.json.Json.decodeFromString(Json.kt:107) ~[?:?]
	at gg.essential.network.connectionmanager.cosmetics.AssetLoader$JsonAssetType$3.invoke(AssetLoader.kt:350) ~[?:?]
	at gg.essential.network.connectionmanager.cosmetics.AssetLoader$JsonAssetType$3.invoke(AssetLoader.kt:349) ~[?:?]
	at gg.essential.network.connectionmanager.cosmetics.AssetLoader$getAsset$1$future$1.invoke(AssetLoader.kt:93) ~[?:?]
	at gg.essential.network.connectionmanager.cosmetics.AssetLoader$getAsset$1$future$1.invoke(AssetLoader.kt:91) ~[?:?]
	at gg.essential.network.connectionmanager.cosmetics.AssetLoader$getAsset$1.invoke$lambda$0(AssetLoader.kt:91) ~[?:?]
	at java.util.concurrent.CompletableFuture$UniApply.tryFire(Unknown Source) ~[?:?]
	at java.util.concurrent.CompletableFuture$Completion.exec(Unknown Source) ~[?:?]
	at java.util.concurrent.ForkJoinTask.doExec(Unknown Source) ~[?:?]
	at java.util.concurrent.ForkJoinPool$WorkQueue.topLevelExec(Unknown Source) ~[?:?]
	at java.util.concurrent.ForkJoinPool.scan(Unknown Source) ~[?:?]
	at java.util.concurrent.ForkJoinPool.runWorker(Unknown Source) ~[?:?]
	at java.util.concurrent.ForkJoinWorkerThread.run(Unknown Source) ~[?:?]
[10:48:21] [ForkJoinPool.commonPool-worker-1/ERROR]: An error occurred building event handler
java.lang.ClassNotFoundException: gg.essential.model.file.ParticleEffectComponents$Direction
	at jdk.internal.loader.BuiltinClassLoader.loadClass(Unknown Source) ~[?:?]
	at jdk.internal.loader.ClassLoaders$AppClassLoader.loadClass(Unknown Source) ~[?:?]
	at java.lang.ClassLoader.loadClass(Unknown Source) ~[?:?]
	at net.minecraftforge.eventbus.EventSubclassTransformer.buildEvents(EventSubclassTransformer.java:92) ~[eventbus-6.0.3.jar:?]
	at net.minecraftforge.eventbus.EventSubclassTransformer.transform(EventSubclassTransformer.java:44) ~[eventbus-6.0.3.jar:?]
	at net.minecraftforge.eventbus.EventBusEngine.processClass(EventBusEngine.java:26) ~[eventbus-6.0.3.jar:?]
	at net.minecraftforge.eventbus.service.ModLauncherService.processClassWithFlags(ModLauncherService.java:32) ~[eventbus-6.0.3.jar:6.0.3+6.0.3+master.039e4ea9]
	at cpw.mods.modlauncher.LaunchPluginHandler.offerClassNodeToPlugins(LaunchPluginHandler.java:88) ~[modlauncher-10.0.8.jar:?]
	at cpw.mods.modlauncher.ClassTransformer.transform(ClassTransformer.java:120) ~[modlauncher-10.0.8.jar:?]
	at cpw.mods.modlauncher.TransformingClassLoader.maybeTransformClassBytes(TransformingClassLoader.java:50) ~[modlauncher-10.0.8.jar:?]
	at cpw.mods.cl.ModuleClassLoader.readerToClass(ModuleClassLoader.java:113) ~[securejarhandler-2.1.4.jar:?]
	at cpw.mods.cl.ModuleClassLoader.lambda$findClass$15(ModuleClassLoader.java:219) ~[securejarhandler-2.1.4.jar:?]
	at cpw.mods.cl.ModuleClassLoader.loadFromModule(ModuleClassLoader.java:229) ~[securejarhandler-2.1.4.jar:?]
	at cpw.mods.cl.ModuleClassLoader.findClass(ModuleClassLoader.java:219) ~[securejarhandler-2.1.4.jar:?]
	at cpw.mods.cl.ModuleClassLoader.loadClass(ModuleClassLoader.java:135) ~[securejarhandler-2.1.4.jar:?]
	at java.lang.ClassLoader.loadClass(Unknown Source) ~[?:?]
	at gg.essential.model.file.ParticleEffectComponents$EmitterShapeBox.<init>(ParticlesFile.kt:389) ~[?:?]
	at gg.essential.model.file.ParticleEffectComponents$EmitterShapeBox$$serializer.deserialize(ParticlesFile.kt:378) ~[?:?]
	at gg.essential.model.file.ParticleEffectComponents$EmitterShapeBox$$serializer.deserialize(ParticlesFile.kt:378) ~[?:?]
	at kotlinx.serialization.json.internal.StreamingJsonDecoder.decodeSerializableValue(StreamingJsonDecoder.kt:69) ~[?:?]
	at kotlinx.serialization.encoding.AbstractDecoder.decodeSerializableValue(AbstractDecoder.kt:43) ~[?:?]
	at kotlinx.serialization.encoding.AbstractDecoder.decodeNullableSerializableElement(AbstractDecoder.kt:78) ~[?:?]
	at gg.essential.model.file.ParticleEffectComponents$$serializer.deserialize(ParticlesFile.kt:178) ~[?:?]
	at gg.essential.model.file.ParticleEffectComponents$$serializer.deserialize(ParticlesFile.kt:178) ~[?:?]
	at kotlinx.serialization.json.internal.StreamingJsonDecoder.decodeSerializableValue(StreamingJsonDecoder.kt:69) ~[?:?]
	at kotlinx.serialization.encoding.AbstractDecoder.decodeSerializableValue(AbstractDecoder.kt:43) ~[?:?]
	at kotlinx.serialization.encoding.AbstractDecoder.decodeSerializableElement(AbstractDecoder.kt:70) ~[?:?]
	at kotlinx.serialization.json.internal.StreamingJsonDecoder.decodeSerializableElement(StreamingJsonDecoder.kt:168) ~[?:?]
	at gg.essential.model.file.ParticlesFile$ParticleEffect$$serializer.deserialize(ParticlesFile.kt:59) ~[?:?]
	at gg.essential.model.file.ParticlesFile$ParticleEffect$$serializer.deserialize(ParticlesFile.kt:59) ~[?:?]
	at kotlinx.serialization.json.internal.StreamingJsonDecoder.decodeSerializableValue(StreamingJsonDecoder.kt:69) ~[?:?]
	at kotlinx.serialization.encoding.AbstractDecoder.decodeSerializableValue(AbstractDecoder.kt:43) ~[?:?]
	at kotlinx.serialization.encoding.AbstractDecoder.decodeSerializableElement(AbstractDecoder.kt:70) ~[?:?]
	at kotlinx.serialization.json.internal.StreamingJsonDecoder.decodeSerializableElement(StreamingJsonDecoder.kt:168) ~[?:?]
	at gg.essential.model.file.ParticlesFile$$serializer.deserialize(ParticlesFile.kt:52) ~[?:?]
	at gg.essential.model.file.ParticlesFile$$serializer.deserialize(ParticlesFile.kt:52) ~[?:?]
	at kotlinx.serialization.json.internal.StreamingJsonDecoder.decodeSerializableValue(StreamingJsonDecoder.kt:69) ~[?:?]
	at kotlinx.serialization.json.Json.decodeFromString(Json.kt:107) ~[?:?]
	at gg.essential.network.connectionmanager.cosmetics.AssetLoader$JsonAssetType$3.invoke(AssetLoader.kt:350) ~[?:?]
	at gg.essential.network.connectionmanager.cosmetics.AssetLoader$JsonAssetType$3.invoke(AssetLoader.kt:349) ~[?:?]
	at gg.essential.network.connectionmanager.cosmetics.AssetLoader$getAsset$1$future$1.invoke(AssetLoader.kt:93) ~[?:?]
	at gg.essential.network.connectionmanager.cosmetics.AssetLoader$getAsset$1$future$1.invoke(AssetLoader.kt:91) ~[?:?]
	at gg.essential.network.connectionmanager.cosmetics.AssetLoader$getAsset$1.invoke$lambda$0(AssetLoader.kt:91) ~[?:?]
	at java.util.concurrent.CompletableFuture$UniApply.tryFire(Unknown Source) ~[?:?]
	at java.util.concurrent.CompletableFuture$Completion.exec(Unknown Source) ~[?:?]
	at java.util.concurrent.ForkJoinTask.doExec(Unknown Source) ~[?:?]
	at java.util.concurrent.ForkJoinPool$WorkQueue.topLevelExec(Unknown Source) ~[?:?]
	at java.util.concurrent.ForkJoinPool.scan(Unknown Source) ~[?:?]
	at java.util.concurrent.ForkJoinPool.runWorker(Unknown Source) ~[?:?]
	at java.util.concurrent.ForkJoinWorkerThread.run(Unknown Source) ~[?:?]
[10:48:21] [ForkJoinPool.commonPool-worker-1/ERROR]: Could not find parent kotlin/jvm/internal/Lambda for class gg/essential/model/file/ParticleEffectComponents$Direction$Outwards$1 in classloader jdk.internal.loader.ClassLoaders$AppClassLoader@76ed5528 on thread Thread[ForkJoinPool.commonPool-worker-1,5,main]
[10:48:21] [ForkJoinPool.commonPool-worker-6/ERROR]: An error occurred building event handler
java.lang.ClassNotFoundException: gg.essential.model.file.ModelFile$Uvs
	at jdk.internal.loader.BuiltinClassLoader.loadClass(Unknown Source) ~[?:?]
	at jdk.internal.loader.ClassLoaders$AppClassLoader.loadClass(Unknown Source) ~[?:?]
	at java.lang.ClassLoader.loadClass(Unknown Source) ~[?:?]
	at net.minecraftforge.eventbus.EventSubclassTransformer.buildEvents(EventSubclassTransformer.java:92) ~[eventbus-6.0.3.jar:?]
	at net.minecraftforge.eventbus.EventSubclassTransformer.transform(EventSubclassTransformer.java:44) ~[eventbus-6.0.3.jar:?]
	at net.minecraftforge.eventbus.EventBusEngine.processClass(EventBusEngine.java:26) ~[eventbus-6.0.3.jar:?]
	at net.minecraftforge.eventbus.service.ModLauncherService.processClassWithFlags(ModLauncherService.java:32) ~[eventbus-6.0.3.jar:6.0.3+6.0.3+master.039e4ea9]
	at cpw.mods.modlauncher.LaunchPluginHandler.offerClassNodeToPlugins(LaunchPluginHandler.java:88) ~[modlauncher-10.0.8.jar:?]
	at cpw.mods.modlauncher.ClassTransformer.transform(ClassTransformer.java:120) ~[modlauncher-10.0.8.jar:?]
	at cpw.mods.modlauncher.TransformingClassLoader.maybeTransformClassBytes(TransformingClassLoader.java:50) ~[modlauncher-10.0.8.jar:?]
	at cpw.mods.cl.ModuleClassLoader.readerToClass(ModuleClassLoader.java:113) ~[securejarhandler-2.1.4.jar:?]
	at cpw.mods.cl.ModuleClassLoader.lambda$findClass$15(ModuleClassLoader.java:219) ~[securejarhandler-2.1.4.jar:?]
	at cpw.mods.cl.ModuleClassLoader.loadFromModule(ModuleClassLoader.java:229) ~[securejarhandler-2.1.4.jar:?]
	at cpw.mods.cl.ModuleClassLoader.findClass(ModuleClassLoader.java:219) ~[securejarhandler-2.1.4.jar:?]
	at cpw.mods.cl.ModuleClassLoader.loadClass(ModuleClassLoader.java:135) ~[securejarhandler-2.1.4.jar:?]
	at java.lang.ClassLoader.loadClass(Unknown Source) ~[?:?]
	at gg.essential.model.file.UvsSerializer.selectDeserializer(ModelFile.kt:114) ~[?:?]
	at kotlinx.serialization.json.JsonContentPolymorphicSerializer.deserialize(JsonContentPolymorphicSerializer.kt:93) ~[?:?]
	at kotlinx.serialization.json.internal.StreamingJsonDecoder.decodeSerializableValue(StreamingJsonDecoder.kt:69) ~[?:?]
	at kotlinx.serialization.encoding.AbstractDecoder.decodeSerializableValue(AbstractDecoder.kt:43) ~[?:?]
	at kotlinx.serialization.encoding.AbstractDecoder.decodeSerializableElement(AbstractDecoder.kt:70) ~[?:?]
	at kotlinx.serialization.json.internal.StreamingJsonDecoder.decodeSerializableElement(StreamingJsonDecoder.kt:168) ~[?:?]
	at gg.essential.model.file.ModelFile$Cube$$serializer.deserialize(ModelFile.kt:68) ~[?:?]
	at gg.essential.model.file.ModelFile$Cube$$serializer.deserialize(ModelFile.kt:68) ~[?:?]
	at kotlinx.serialization.json.internal.StreamingJsonDecoder.decodeSerializableValue(StreamingJsonDecoder.kt:69) ~[?:?]
	at kotlinx.serialization.encoding.AbstractDecoder.decodeSerializableValue(AbstractDecoder.kt:43) ~[?:?]
	at kotlinx.serialization.encoding.AbstractDecoder.decodeSerializableElement(AbstractDecoder.kt:70) ~[?:?]
	at kotlinx.serialization.json.internal.StreamingJsonDecoder.decodeSerializableElement(StreamingJsonDecoder.kt:168) ~[?:?]
	at kotlinx.serialization.encoding.CompositeDecoder$DefaultImpls.decodeSerializableElement$default(Decoding.kt:538) ~[?:?]
	at kotlinx.serialization.internal.CollectionLikeSerializer.readElement(CollectionSerializers.kt:80) ~[?:?]
	at kotlinx.serialization.internal.AbstractCollectionSerializer.readElement$default(CollectionSerializers.kt:51) ~[?:?]
	at kotlinx.serialization.internal.AbstractCollectionSerializer.merge(CollectionSerializers.kt:36) ~[?:?]
	at kotlinx.serialization.internal.AbstractCollectionSerializer.deserialize(CollectionSerializers.kt:43) ~[?:?]
	at kotlinx.serialization.json.internal.StreamingJsonDecoder.decodeSerializableValue(StreamingJsonDecoder.kt:69) ~[?:?]
	at kotlinx.serialization.encoding.AbstractDecoder.decodeSerializableValue(AbstractDecoder.kt:43) ~[?:?]
	at kotlinx.serialization.encoding.AbstractDecoder.decodeSerializableElement(AbstractDecoder.kt:70) ~[?:?]
	at kotlinx.serialization.json.internal.StreamingJsonDecoder.decodeSerializableElement(StreamingJsonDecoder.kt:168) ~[?:?]
	at gg.essential.model.file.ModelFile$Bone$$serializer.deserialize(ModelFile.kt:56) ~[?:?]
	at gg.essential.model.file.ModelFile$Bone$$serializer.deserialize(ModelFile.kt:56) ~[?:?]
	at kotlinx.serialization.json.internal.StreamingJsonDecoder.decodeSerializableValue(StreamingJsonDecoder.kt:69) ~[?:?]
	at kotlinx.serialization.encoding.AbstractDecoder.decodeSerializableValue(AbstractDecoder.kt:43) ~[?:?]
	at kotlinx.serialization.encoding.AbstractDecoder.decodeSerializableElement(AbstractDecoder.kt:70) ~[?:?]
	at kotlinx.serialization.json.internal.StreamingJsonDecoder.decodeSerializableElement(StreamingJsonDecoder.kt:168) ~[?:?]
	at kotlinx.serialization.encoding.CompositeDecoder$DefaultImpls.decodeSerializableElement$default(Decoding.kt:538) ~[?:?]
	at kotlinx.serialization.internal.CollectionLikeSerializer.readElement(CollectionSerializers.kt:80) ~[?:?]
	at kotlinx.serialization.internal.AbstractCollectionSerializer.readElement$default(CollectionSerializers.kt:51) ~[?:?]
	at kotlinx.serialization.internal.AbstractCollectionSerializer.merge(CollectionSerializers.kt:36) ~[?:?]
	at kotlinx.serialization.internal.AbstractCollectionSerializer.deserialize(CollectionSerializers.kt:43) ~[?:?]
	at kotlinx.serialization.json.internal.StreamingJsonDecoder.decodeSerializableValue(StreamingJsonDecoder.kt:69) ~[?:?]
	at kotlinx.serialization.encoding.AbstractDecoder.decodeSerializableValue(AbstractDecoder.kt:43) ~[?:?]
	at kotlinx.serialization.encoding.AbstractDecoder.decodeSerializableElement(AbstractDecoder.kt:70) ~[?:?]
	at kotlinx.serialization.json.internal.StreamingJsonDecoder.decodeSerializableElement(StreamingJsonDecoder.kt:168) ~[?:?]
	at gg.essential.model.file.ModelFile$Geometry$$serializer.deserialize(ModelFile.kt:39) ~[?:?]
	at gg.essential.model.file.ModelFile$Geometry$$serializer.deserialize(ModelFile.kt:39) ~[?:?]
	at kotlinx.serialization.json.internal.StreamingJsonDecoder.decodeSerializableValue(StreamingJsonDecoder.kt:69) ~[?:?]
	at kotlinx.serialization.encoding.AbstractDecoder.decodeSerializableValue(AbstractDecoder.kt:43) ~[?:?]
	at kotlinx.serialization.encoding.AbstractDecoder.decodeSerializableElement(AbstractDecoder.kt:70) ~[?:?]
	at kotlinx.serialization.json.internal.StreamingJsonDecoder.decodeSerializableElement(StreamingJsonDecoder.kt:168) ~[?:?]
	at kotlinx.serialization.encoding.CompositeDecoder$DefaultImpls.decodeSerializableElement$default(Decoding.kt:538) ~[?:?]
	at kotlinx.serialization.internal.CollectionLikeSerializer.readElement(CollectionSerializers.kt:80) ~[?:?]
	at kotlinx.serialization.internal.AbstractCollectionSerializer.readElement$default(CollectionSerializers.kt:51) ~[?:?]
	at kotlinx.serialization.internal.AbstractCollectionSerializer.merge(CollectionSerializers.kt:36) ~[?:?]
	at kotlinx.serialization.internal.AbstractCollectionSerializer.deserialize(CollectionSerializers.kt:43) ~[?:?]
	at kotlinx.serialization.json.internal.StreamingJsonDecoder.decodeSerializableValue(StreamingJsonDecoder.kt:69) ~[?:?]
	at kotlinx.serialization.encoding.AbstractDecoder.decodeSerializableValue(AbstractDecoder.kt:43) ~[?:?]
	at kotlinx.serialization.encoding.AbstractDecoder.decodeSerializableElement(AbstractDecoder.kt:70) ~[?:?]
	at kotlinx.serialization.json.internal.StreamingJsonDecoder.decodeSerializableElement(StreamingJsonDecoder.kt:168) ~[?:?]
	at gg.essential.model.file.ModelFile$$serializer.deserialize(ModelFile.kt:32) ~[?:?]
	at gg.essential.model.file.ModelFile$$serializer.deserialize(ModelFile.kt:32) ~[?:?]
	at kotlinx.serialization.json.internal.StreamingJsonDecoder.decodeSerializableValue(StreamingJsonDecoder.kt:69) ~[?:?]
	at kotlinx.serialization.json.Json.decodeFromString(Json.kt:107) ~[?:?]
	at gg.essential.network.connectionmanager.cosmetics.AssetLoader$JsonAssetType$3.invoke(AssetLoader.kt:350) ~[?:?]
	at gg.essential.network.connectionmanager.cosmetics.AssetLoader$JsonAssetType$3.invoke(AssetLoader.kt:349) ~[?:?]
	at gg.essential.network.connectionmanager.cosmetics.AssetLoader$getAsset$1$future$1.invoke(AssetLoader.kt:93) ~[?:?]
	at gg.essential.network.connectionmanager.cosmetics.AssetLoader$getAsset$1$future$1.invoke(AssetLoader.kt:91) ~[?:?]
	at gg.essential.network.connectionmanager.cosmetics.AssetLoader$getAsset$1.invoke$lambda$0(AssetLoader.kt:91) ~[?:?]
	at java.util.concurrent.CompletableFuture$UniApply.tryFire(Unknown Source) ~[?:?]
	at java.util.concurrent.CompletableFuture$Completion.exec(Unknown Source) ~[?:?]
	at java.util.concurrent.ForkJoinTask.doExec(Unknown Source) ~[?:?]
	at java.util.concurrent.ForkJoinPool$WorkQueue.topLevelExec(Unknown Source) ~[?:?]
	at java.util.concurrent.ForkJoinPool.scan(Unknown Source) ~[?:?]
	at java.util.concurrent.ForkJoinPool.runWorker(Unknown Source) ~[?:?]
	at java.util.concurrent.ForkJoinWorkerThread.run(Unknown Source) ~[?:?]
[10:48:21] [ForkJoinPool.commonPool-worker-1/ERROR]: An error occurred building event handler
java.lang.ClassNotFoundException: kotlin.jvm.internal.Lambda
	at jdk.internal.loader.BuiltinClassLoader.loadClass(Unknown Source) ~[?:?]
	at jdk.internal.loader.ClassLoaders$AppClassLoader.loadClass(Unknown Source) ~[?:?]
	at java.lang.ClassLoader.loadClass(Unknown Source) ~[?:?]
	at net.minecraftforge.eventbus.EventSubclassTransformer.buildEvents(EventSubclassTransformer.java:92) ~[eventbus-6.0.3.jar:?]
	at net.minecraftforge.eventbus.EventSubclassTransformer.transform(EventSubclassTransformer.java:44) ~[eventbus-6.0.3.jar:?]
	at net.minecraftforge.eventbus.EventBusEngine.processClass(EventBusEngine.java:26) ~[eventbus-6.0.3.jar:?]
	at net.minecraftforge.eventbus.service.ModLauncherService.processClassWithFlags(ModLauncherService.java:32) ~[eventbus-6.0.3.jar:6.0.3+6.0.3+master.039e4ea9]
	at cpw.mods.modlauncher.LaunchPluginHandler.offerClassNodeToPlugins(LaunchPluginHandler.java:88) ~[modlauncher-10.0.8.jar:?]
	at cpw.mods.modlauncher.ClassTransformer.transform(ClassTransformer.java:120) ~[modlauncher-10.0.8.jar:?]
	at cpw.mods.modlauncher.TransformingClassLoader.maybeTransformClassBytes(TransformingClassLoader.java:50) ~[modlauncher-10.0.8.jar:?]
	at cpw.mods.cl.ModuleClassLoader.readerToClass(ModuleClassLoader.java:113) ~[securejarhandler-2.1.4.jar:?]
	at cpw.mods.cl.ModuleClassLoader.lambda$findClass$15(ModuleClassLoader.java:219) ~[securejarhandler-2.1.4.jar:?]
	at cpw.mods.cl.ModuleClassLoader.loadFromModule(ModuleClassLoader.java:229) ~[securejarhandler-2.1.4.jar:?]
	at cpw.mods.cl.ModuleClassLoader.findClass(ModuleClassLoader.java:219) ~[securejarhandler-2.1.4.jar:?]
	at cpw.mods.cl.ModuleClassLoader.loadClass(ModuleClassLoader.java:135) ~[securejarhandler-2.1.4.jar:?]
	at java.lang.ClassLoader.loadClass(Unknown Source) ~[?:?]
	at gg.essential.model.file.ParticleEffectComponents$Direction$Outwards.<clinit>(ParticlesFile.kt:346) ~[?:?]
	at gg.essential.model.file.ParticleEffectComponents$EmitterShapeBox.<init>(ParticlesFile.kt:389) ~[?:?]
	at gg.essential.model.file.ParticleEffectComponents$EmitterShapeBox$$serializer.deserialize(ParticlesFile.kt:378) ~[?:?]
	at gg.essential.model.file.ParticleEffectComponents$EmitterShapeBox$$serializer.deserialize(ParticlesFile.kt:378) ~[?:?]
	at kotlinx.serialization.json.internal.StreamingJsonDecoder.decodeSerializableValue(StreamingJsonDecoder.kt:69) ~[?:?]
	at kotlinx.serialization.encoding.AbstractDecoder.decodeSerializableValue(AbstractDecoder.kt:43) ~[?:?]
	at kotlinx.serialization.encoding.AbstractDecoder.decodeNullableSerializableElement(AbstractDecoder.kt:78) ~[?:?]
	at gg.essential.model.file.ParticleEffectComponents$$serializer.deserialize(ParticlesFile.kt:178) ~[?:?]
	at gg.essential.model.file.ParticleEffectComponents$$serializer.deserialize(ParticlesFile.kt:178) ~[?:?]
	at kotlinx.serialization.json.internal.StreamingJsonDecoder.decodeSerializableValue(StreamingJsonDecoder.kt:69) ~[?:?]
	at kotlinx.serialization.encoding.AbstractDecoder.decodeSerializableValue(AbstractDecoder.kt:43) ~[?:?]
	at kotlinx.serialization.encoding.AbstractDecoder.decodeSerializableElement(AbstractDecoder.kt:70) ~[?:?]
	at kotlinx.serialization.json.internal.StreamingJsonDecoder.decodeSerializableElement(StreamingJsonDecoder.kt:168) ~[?:?]
	at gg.essential.model.file.ParticlesFile$ParticleEffect$$serializer.deserialize(ParticlesFile.kt:59) ~[?:?]
	at gg.essential.model.file.ParticlesFile$ParticleEffect$$serializer.deserialize(ParticlesFile.kt:59) ~[?:?]
	at kotlinx.serialization.json.internal.StreamingJsonDecoder.decodeSerializableValue(StreamingJsonDecoder.kt:69) ~[?:?]
	at kotlinx.serialization.encoding.AbstractDecoder.decodeSerializableValue(AbstractDecoder.kt:43) ~[?:?]
	at kotlinx.serialization.encoding.AbstractDecoder.decodeSerializableElement(AbstractDecoder.kt:70) ~[?:?]
	at kotlinx.serialization.json.internal.StreamingJsonDecoder.decodeSerializableElement(StreamingJsonDecoder.kt:168) ~[?:?]
	at gg.essential.model.file.ParticlesFile$$serializer.deserialize(ParticlesFile.kt:52) ~[?:?]
	at gg.essential.model.file.ParticlesFile$$serializer.deserialize(ParticlesFile.kt:52) ~[?:?]
	at kotlinx.serialization.json.internal.StreamingJsonDecoder.decodeSerializableValue(StreamingJsonDecoder.kt:69) ~[?:?]
	at kotlinx.serialization.json.Json.decodeFromString(Json.kt:107) ~[?:?]
	at gg.essential.network.connectionmanager.cosmetics.AssetLoader$JsonAssetType$3.invoke(AssetLoader.kt:350) ~[?:?]
	at gg.essential.network.connectionmanager.cosmetics.AssetLoader$JsonAssetType$3.invoke(AssetLoader.kt:349) ~[?:?]
	at gg.essential.network.connectionmanager.cosmetics.AssetLoader$getAsset$1$future$1.invoke(AssetLoader.kt:93) ~[?:?]
	at gg.essential.network.connectionmanager.cosmetics.AssetLoader$getAsset$1$future$1.invoke(AssetLoader.kt:91) ~[?:?]
	at gg.essential.network.connectionmanager.cosmetics.AssetLoader$getAsset$1.invoke$lambda$0(AssetLoader.kt:91) ~[?:?]
	at java.util.concurrent.CompletableFuture$UniApply.tryFire(Unknown Source) ~[?:?]
	at java.util.concurrent.CompletableFuture$Completion.exec(Unknown Source) ~[?:?]
	at java.util.concurrent.ForkJoinTask.doExec(Unknown Source) ~[?:?]
	at java.util.concurrent.ForkJoinPool$WorkQueue.topLevelExec(Unknown Source) ~[?:?]
	at java.util.concurrent.ForkJoinPool.scan(Unknown Source) ~[?:?]
	at java.util.concurrent.ForkJoinPool.runWorker(Unknown Source) ~[?:?]
	at java.util.concurrent.ForkJoinWorkerThread.run(Unknown Source) ~[?:?]
[10:48:21] [ForkJoinPool.commonPool-worker-1/ERROR]: Could not find parent kotlinx/serialization/json/JsonTransformingSerializer for class gg/essential/model/util/PairAsListSerializer in classloader jdk.internal.loader.ClassLoaders$AppClassLoader@76ed5528 on thread Thread[ForkJoinPool.commonPool-worker-1,5,main]
[10:48:21] [ForkJoinPool.commonPool-worker-7/ERROR]: Could not find parent gg/essential/model/molang/QueryExpr for class gg/essential/model/molang/QueryExpr$AnimTime in classloader jdk.internal.loader.ClassLoaders$AppClassLoader@76ed5528 on thread Thread[ForkJoinPool.commonPool-worker-7,5,main]
[10:48:21] [ForkJoinPool.commonPool-worker-3/ERROR]: Could not find parent gg/essential/model/file/ParticleEffectComponents$Direction$ObjectAsString for class gg/essential/model/file/ParticleEffectComponents$Direction$InwardsSerializer in classloader jdk.internal.loader.ClassLoaders$AppClassLoader@76ed5528 on thread Thread[ForkJoinPool.commonPool-worker-3,5,main]
[10:48:21] [ForkJoinPool.commonPool-worker-1/ERROR]: An error occurred building event handler
java.lang.ClassNotFoundException: kotlinx.serialization.json.JsonTransformingSerializer
	at jdk.internal.loader.BuiltinClassLoader.loadClass(Unknown Source) ~[?:?]
	at jdk.internal.loader.ClassLoaders$AppClassLoader.loadClass(Unknown Source) ~[?:?]
	at java.lang.ClassLoader.loadClass(Unknown Source) ~[?:?]
	at net.minecraftforge.eventbus.EventSubclassTransformer.buildEvents(EventSubclassTransformer.java:92) ~[eventbus-6.0.3.jar:?]
	at net.minecraftforge.eventbus.EventSubclassTransformer.transform(EventSubclassTransformer.java:44) ~[eventbus-6.0.3.jar:?]
	at net.minecraftforge.eventbus.EventBusEngine.processClass(EventBusEngine.java:26) ~[eventbus-6.0.3.jar:?]
	at net.minecraftforge.eventbus.service.ModLauncherService.processClassWithFlags(ModLauncherService.java:32) ~[eventbus-6.0.3.jar:6.0.3+6.0.3+master.039e4ea9]
	at cpw.mods.modlauncher.LaunchPluginHandler.offerClassNodeToPlugins(LaunchPluginHandler.java:88) ~[modlauncher-10.0.8.jar:?]
	at cpw.mods.modlauncher.ClassTransformer.transform(ClassTransformer.java:120) ~[modlauncher-10.0.8.jar:?]
	at cpw.mods.modlauncher.TransformingClassLoader.maybeTransformClassBytes(TransformingClassLoader.java:50) ~[modlauncher-10.0.8.jar:?]
	at cpw.mods.cl.ModuleClassLoader.readerToClass(ModuleClassLoader.java:113) ~[securejarhandler-2.1.4.jar:?]
	at cpw.mods.cl.ModuleClassLoader.lambda$findClass$15(ModuleClassLoader.java:219) ~[securejarhandler-2.1.4.jar:?]
	at cpw.mods.cl.ModuleClassLoader.loadFromModule(ModuleClassLoader.java:229) ~[securejarhandler-2.1.4.jar:?]
	at cpw.mods.cl.ModuleClassLoader.findClass(ModuleClassLoader.java:219) ~[securejarhandler-2.1.4.jar:?]
	at cpw.mods.cl.ModuleClassLoader.loadClass(ModuleClassLoader.java:135) ~[securejarhandler-2.1.4.jar:?]
	at java.lang.ClassLoader.loadClass(Unknown Source) ~[?:?]
	at gg.essential.model.file.ParticleEffectComponents$ParticleAppearanceBillboard.<clinit>(ParticlesFile.kt:435) ~[?:?]
	at gg.essential.model.file.ParticleEffectComponents$ParticleAppearanceBillboard$$serializer.deserialize(ParticlesFile.kt:435) ~[?:?]
	at gg.essential.model.file.ParticleEffectComponents$ParticleAppearanceBillboard$$serializer.deserialize(ParticlesFile.kt:435) ~[?:?]
	at kotlinx.serialization.json.internal.StreamingJsonDecoder.decodeSerializableValue(StreamingJsonDecoder.kt:69) ~[?:?]
	at kotlinx.serialization.encoding.AbstractDecoder.decodeSerializableValue(AbstractDecoder.kt:43) ~[?:?]
	at kotlinx.serialization.encoding.AbstractDecoder.decodeNullableSerializableElement(AbstractDecoder.kt:78) ~[?:?]
	at gg.essential.model.file.ParticleEffectComponents$$serializer.deserialize(ParticlesFile.kt:178) ~[?:?]
	at gg.essential.model.file.ParticleEffectComponents$$serializer.deserialize(ParticlesFile.kt:178) ~[?:?]
	at kotlinx.serialization.json.internal.StreamingJsonDecoder.decodeSerializableValue(StreamingJsonDecoder.kt:69) ~[?:?]
	at kotlinx.serialization.encoding.AbstractDecoder.decodeSerializableValue(AbstractDecoder.kt:43) ~[?:?]
	at kotlinx.serialization.encoding.AbstractDecoder.decodeSerializableElement(AbstractDecoder.kt:70) ~[?:?]
	at kotlinx.serialization.json.internal.StreamingJsonDecoder.decodeSerializableElement(StreamingJsonDecoder.kt:168) ~[?:?]
	at gg.essential.model.file.ParticlesFile$ParticleEffect$$serializer.deserialize(ParticlesFile.kt:59) ~[?:?]
	at gg.essential.model.file.ParticlesFile$ParticleEffect$$serializer.deserialize(ParticlesFile.kt:59) ~[?:?]
	at kotlinx.serialization.json.internal.StreamingJsonDecoder.decodeSerializableValue(StreamingJsonDecoder.kt:69) ~[?:?]
	at kotlinx.serialization.encoding.AbstractDecoder.decodeSerializableValue(AbstractDecoder.kt:43) ~[?:?]
	at kotlinx.serialization.encoding.AbstractDecoder.decodeSerializableElement(AbstractDecoder.kt:70) ~[?:?]
	at kotlinx.serialization.json.internal.StreamingJsonDecoder.decodeSerializableElement(StreamingJsonDecoder.kt:168) ~[?:?]
	at gg.essential.model.file.ParticlesFile$$serializer.deserialize(ParticlesFile.kt:52) ~[?:?]
	at gg.essential.model.file.ParticlesFile$$serializer.deserialize(ParticlesFile.kt:52) ~[?:?]
	at kotlinx.serialization.json.internal.StreamingJsonDecoder.decodeSerializableValue(StreamingJsonDecoder.kt:69) ~[?:?]
	at kotlinx.serialization.json.Json.decodeFromString(Json.kt:107) ~[?:?]
	at gg.essential.network.connectionmanager.cosmetics.AssetLoader$JsonAssetType$3.invoke(AssetLoader.kt:350) ~[?:?]
	at gg.essential.network.connectionmanager.cosmetics.AssetLoader$JsonAssetType$3.invoke(AssetLoader.kt:349) ~[?:?]
	at gg.essential.network.connectionmanager.cosmetics.AssetLoader$getAsset$1$future$1.invoke(AssetLoader.kt:93) ~[?:?]
	at gg.essential.network.connectionmanager.cosmetics.AssetLoader$getAsset$1$future$1.invoke(AssetLoader.kt:91) ~[?:?]
	at gg.essential.network.connectionmanager.cosmetics.AssetLoader$getAsset$1.invoke$lambda$0(AssetLoader.kt:91) ~[?:?]
	at java.util.concurrent.CompletableFuture$UniApply.tryFire(Unknown Source) ~[?:?]
	at java.util.concurrent.CompletableFuture$Completion.exec(Unknown Source) ~[?:?]
	at java.util.concurrent.ForkJoinTask.doExec(Unknown Source) ~[?:?]
	at java.util.concurrent.ForkJoinPool$WorkQueue.topLevelExec(Unknown Source) ~[?:?]
	at java.util.concurrent.ForkJoinPool.scan(Unknown Source) ~[?:?]
	at java.util.concurrent.ForkJoinPool.runWorker(Unknown Source) ~[?:?]
	at java.util.concurrent.ForkJoinWorkerThread.run(Unknown Source) ~[?:?]
[10:48:21] [ForkJoinPool.commonPool-worker-6/ERROR]: Could not find parent gg/essential/model/file/ModelFile$Uvs for class gg/essential/model/file/ModelFile$Uvs$PerFace in classloader jdk.internal.loader.ClassLoaders$AppClassLoader@76ed5528 on thread Thread[ForkJoinPool.commonPool-worker-6,5,main]
[10:48:21] [ForkJoinPool.commonPool-worker-2/ERROR]: An error occurred building event handler
java.lang.ClassNotFoundException: gg.essential.model.file.ParticleEffectComponents$Direction
	at jdk.internal.loader.BuiltinClassLoader.loadClass(Unknown Source) ~[?:?]
	at jdk.internal.loader.ClassLoaders$AppClassLoader.loadClass(Unknown Source) ~[?:?]
	at java.lang.ClassLoader.loadClass(Unknown Source) ~[?:?]
	at net.minecraftforge.eventbus.EventSubclassTransformer.buildEvents(EventSubclassTransformer.java:92) ~[eventbus-6.0.3.jar:?]
	at net.minecraftforge.eventbus.EventSubclassTransformer.transform(EventSubclassTransformer.java:44) ~[eventbus-6.0.3.jar:?]
	at net.minecraftforge.eventbus.EventBusEngine.processClass(EventBusEngine.java:26) ~[eventbus-6.0.3.jar:?]
	at net.minecraftforge.eventbus.service.ModLauncherService.processClassWithFlags(ModLauncherService.java:32) ~[eventbus-6.0.3.jar:6.0.3+6.0.3+master.039e4ea9]
	at cpw.mods.modlauncher.LaunchPluginHandler.offerClassNodeToPlugins(LaunchPluginHandler.java:88) ~[modlauncher-10.0.8.jar:?]
	at cpw.mods.modlauncher.ClassTransformer.transform(ClassTransformer.java:120) ~[modlauncher-10.0.8.jar:?]
	at cpw.mods.modlauncher.TransformingClassLoader.maybeTransformClassBytes(TransformingClassLoader.java:50) ~[modlauncher-10.0.8.jar:?]
	at cpw.mods.cl.ModuleClassLoader.readerToClass(ModuleClassLoader.java:113) ~[securejarhandler-2.1.4.jar:?]
	at cpw.mods.cl.ModuleClassLoader.lambda$findClass$15(ModuleClassLoader.java:219) ~[securejarhandler-2.1.4.jar:?]
	at cpw.mods.cl.ModuleClassLoader.loadFromModule(ModuleClassLoader.java:229) ~[securejarhandler-2.1.4.jar:?]
	at cpw.mods.cl.ModuleClassLoader.findClass(ModuleClassLoader.java:219) ~[securejarhandler-2.1.4.jar:?]
	at cpw.mods.cl.ModuleClassLoader.loadClass(ModuleClassLoader.java:135) ~[securejarhandler-2.1.4.jar:?]
	at java.lang.ClassLoader.loadClass(Unknown Source) ~[?:?]
	at gg.essential.model.file.ParticleEffectComponents$Direction$Serializer.selectDeserializer(ParticlesFile.kt:356) ~[?:?]
	at kotlinx.serialization.json.JsonContentPolymorphicSerializer.deserialize(JsonContentPolymorphicSerializer.kt:93) ~[?:?]
	at kotlinx.serialization.json.internal.StreamingJsonDecoder.decodeSerializableValue(StreamingJsonDecoder.kt:69) ~[?:?]
	at kotlinx.serialization.encoding.AbstractDecoder.decodeSerializableValue(AbstractDecoder.kt:43) ~[?:?]
	at kotlinx.serialization.encoding.AbstractDecoder.decodeSerializableElement(AbstractDecoder.kt:70) ~[?:?]
	at kotlinx.serialization.json.internal.StreamingJsonDecoder.decodeSerializableElement(StreamingJsonDecoder.kt:168) ~[?:?]
	at gg.essential.model.file.ParticleEffectComponents$EmitterShapePoint$$serializer.deserialize(ParticlesFile.kt:331) ~[?:?]
	at gg.essential.model.file.ParticleEffectComponents$EmitterShapePoint$$serializer.deserialize(ParticlesFile.kt:331) ~[?:?]
	at kotlinx.serialization.json.internal.StreamingJsonDecoder.decodeSerializableValue(StreamingJsonDecoder.kt:69) ~[?:?]
	at kotlinx.serialization.encoding.AbstractDecoder.decodeSerializableValue(AbstractDecoder.kt:43) ~[?:?]
	at kotlinx.serialization.encoding.AbstractDecoder.decodeNullableSerializableElement(AbstractDecoder.kt:78) ~[?:?]
	at gg.essential.model.file.ParticleEffectComponents$$serializer.deserialize(ParticlesFile.kt:178) ~[?:?]
	at gg.essential.model.file.ParticleEffectComponents$$serializer.deserialize(ParticlesFile.kt:178) ~[?:?]
	at kotlinx.serialization.json.internal.StreamingJsonDecoder.decodeSerializableValue(StreamingJsonDecoder.kt:69) ~[?:?]
	at kotlinx.serialization.encoding.AbstractDecoder.decodeSerializableValue(AbstractDecoder.kt:43) ~[?:?]
	at kotlinx.serialization.encoding.AbstractDecoder.decodeSerializableElement(AbstractDecoder.kt:70) ~[?:?]
	at kotlinx.serialization.json.internal.StreamingJsonDecoder.decodeSerializableElement(StreamingJsonDecoder.kt:168) ~[?:?]
	at gg.essential.model.file.ParticlesFile$ParticleEffect$$serializer.deserialize(ParticlesFile.kt:59) ~[?:?]
	at gg.essential.model.file.ParticlesFile$ParticleEffect$$serializer.deserialize(ParticlesFile.kt:59) ~[?:?]
	at kotlinx.serialization.json.internal.StreamingJsonDecoder.decodeSerializableValue(StreamingJsonDecoder.kt:69) ~[?:?]
	at kotlinx.serialization.encoding.AbstractDecoder.decodeSerializableValue(AbstractDecoder.kt:43) ~[?:?]
	at kotlinx.serialization.encoding.AbstractDecoder.decodeSerializableElement(AbstractDecoder.kt:70) ~[?:?]
	at kotlinx.serialization.json.internal.StreamingJsonDecoder.decodeSerializableElement(StreamingJsonDecoder.kt:168) ~[?:?]
	at gg.essential.model.file.ParticlesFile$$serializer.deserialize(ParticlesFile.kt:52) ~[?:?]
	at gg.essential.model.file.ParticlesFile$$serializer.deserialize(ParticlesFile.kt:52) ~[?:?]
	at kotlinx.serialization.json.internal.StreamingJsonDecoder.decodeSerializableValue(StreamingJsonDecoder.kt:69) ~[?:?]
	at kotlinx.serialization.json.Json.decodeFromString(Json.kt:107) ~[?:?]
	at gg.essential.network.connectionmanager.cosmetics.AssetLoader$JsonAssetType$3.invoke(AssetLoader.kt:350) ~[?:?]
	at gg.essential.network.connectionmanager.cosmetics.AssetLoader$JsonAssetType$3.invoke(AssetLoader.kt:349) ~[?:?]
	at gg.essential.network.connectionmanager.cosmetics.AssetLoader$getAsset$1$future$1.invoke(AssetLoader.kt:93) ~[?:?]
	at gg.essential.network.connectionmanager.cosmetics.AssetLoader$getAsset$1$future$1.invoke(AssetLoader.kt:91) ~[?:?]
	at gg.essential.network.connectionmanager.cosmetics.AssetLoader$getAsset$1.invoke$lambda$0(AssetLoader.kt:91) ~[?:?]
	at java.util.concurrent.CompletableFuture$UniApply.tryFire(Unknown Source) ~[?:?]
	at java.util.concurrent.CompletableFuture$Completion.exec(Unknown Source) ~[?:?]
	at java.util.concurrent.ForkJoinTask.doExec(Unknown Source) ~[?:?]
	at java.util.concurrent.ForkJoinPool$WorkQueue.topLevelExec(Unknown Source) ~[?:?]
	at java.util.concurrent.ForkJoinPool.scan(Unknown Source) ~[?:?]
	at java.util.concurrent.ForkJoinPool.runWorker(Unknown Source) ~[?:?]
	at java.util.concurrent.ForkJoinWorkerThread.run(Unknown Source) ~[?:?]
[10:48:21] [ForkJoinPool.commonPool-worker-1/ERROR]: Could not find parent kotlin/jvm/internal/Lambda for class gg/essential/model/file/ParticleEffectComponents$ParticleAppearanceBillboard$Direction$Companion$1 in classloader jdk.internal.loader.ClassLoaders$AppClassLoader@76ed5528 on thread Thread[ForkJoinPool.commonPool-worker-1,5,main]
[10:48:21] [ForkJoinPool.commonPool-worker-3/ERROR]: An error occurred building event handler
java.lang.ClassNotFoundException: gg.essential.model.file.ParticleEffectComponents$Direction$ObjectAsString
	at jdk.internal.loader.BuiltinClassLoader.loadClass(Unknown Source) ~[?:?]
	at jdk.internal.loader.ClassLoaders$AppClassLoader.loadClass(Unknown Source) ~[?:?]
	at java.lang.ClassLoader.loadClass(Unknown Source) ~[?:?]
	at net.minecraftforge.eventbus.EventSubclassTransformer.buildEvents(EventSubclassTransformer.java:92) ~[eventbus-6.0.3.jar:?]
	at net.minecraftforge.eventbus.EventSubclassTransformer.transform(EventSubclassTransformer.java:44) ~[eventbus-6.0.3.jar:?]
	at net.minecraftforge.eventbus.EventBusEngine.processClass(EventBusEngine.java:26) ~[eventbus-6.0.3.jar:?]
	at net.minecraftforge.eventbus.service.ModLauncherService.processClassWithFlags(ModLauncherService.java:32) ~[eventbus-6.0.3.jar:6.0.3+6.0.3+master.039e4ea9]
	at cpw.mods.modlauncher.LaunchPluginHandler.offerClassNodeToPlugins(LaunchPluginHandler.java:88) ~[modlauncher-10.0.8.jar:?]
	at cpw.mods.modlauncher.ClassTransformer.transform(ClassTransformer.java:120) ~[modlauncher-10.0.8.jar:?]
	at cpw.mods.modlauncher.TransformingClassLoader.maybeTransformClassBytes(TransformingClassLoader.java:50) ~[modlauncher-10.0.8.jar:?]
	at cpw.mods.cl.ModuleClassLoader.readerToClass(ModuleClassLoader.java:113) ~[securejarhandler-2.1.4.jar:?]
	at cpw.mods.cl.ModuleClassLoader.lambda$findClass$15(ModuleClassLoader.java:219) ~[securejarhandler-2.1.4.jar:?]
	at cpw.mods.cl.ModuleClassLoader.loadFromModule(ModuleClassLoader.java:229) ~[securejarhandler-2.1.4.jar:?]
	at cpw.mods.cl.ModuleClassLoader.findClass(ModuleClassLoader.java:219) ~[securejarhandler-2.1.4.jar:?]
	at cpw.mods.cl.ModuleClassLoader.loadClass(ModuleClassLoader.java:135) ~[securejarhandler-2.1.4.jar:?]
	at java.lang.ClassLoader.loadClass(Unknown Source) ~[?:?]
	at gg.essential.model.file.ParticleEffectComponents$Direction$Inwards$1.invoke(ParticlesFile.kt:343) ~[?:?]
	at gg.essential.model.file.ParticleEffectComponents$Direction$Inwards$1.invoke(ParticlesFile.kt:343) ~[?:?]
	at kotlin.SafePublicationLazyImpl.getValue(LazyJVM.kt:107) ~[?:?]
	at gg.essential.model.file.ParticleEffectComponents$Direction$Inwards.get$cachedSerializer(ParticlesFile.kt:343) ~[?:?]
	at gg.essential.model.file.ParticleEffectComponents$Direction$Inwards.serializer(ParticlesFile.kt:343) ~[?:?]
	at gg.essential.model.file.ParticleEffectComponents$Direction$Serializer.selectDeserializer(ParticlesFile.kt:354) ~[?:?]
	at kotlinx.serialization.json.JsonContentPolymorphicSerializer.deserialize(JsonContentPolymorphicSerializer.kt:93) ~[?:?]
	at kotlinx.serialization.json.internal.StreamingJsonDecoder.decodeSerializableValue(StreamingJsonDecoder.kt:69) ~[?:?]
	at kotlinx.serialization.encoding.AbstractDecoder.decodeSerializableValue(AbstractDecoder.kt:43) ~[?:?]
	at kotlinx.serialization.encoding.AbstractDecoder.decodeSerializableElement(AbstractDecoder.kt:70) ~[?:?]
	at kotlinx.serialization.json.internal.StreamingJsonDecoder.decodeSerializableElement(StreamingJsonDecoder.kt:168) ~[?:?]
	at gg.essential.model.file.ParticleEffectComponents$EmitterShapeBox$$serializer.deserialize(ParticlesFile.kt:378) ~[?:?]
	at gg.essential.model.file.ParticleEffectComponents$EmitterShapeBox$$serializer.deserialize(ParticlesFile.kt:378) ~[?:?]
	at kotlinx.serialization.json.internal.StreamingJsonDecoder.decodeSerializableValue(StreamingJsonDecoder.kt:69) ~[?:?]
	at kotlinx.serialization.encoding.AbstractDecoder.decodeSerializableValue(AbstractDecoder.kt:43) ~[?:?]
	at kotlinx.serialization.encoding.AbstractDecoder.decodeNullableSerializableElement(AbstractDecoder.kt:78) ~[?:?]
	at gg.essential.model.file.ParticleEffectComponents$$serializer.deserialize(ParticlesFile.kt:178) ~[?:?]
	at gg.essential.model.file.ParticleEffectComponents$$serializer.deserialize(ParticlesFile.kt:178) ~[?:?]
	at kotlinx.serialization.json.internal.StreamingJsonDecoder.decodeSerializableValue(StreamingJsonDecoder.kt:69) ~[?:?]
	at kotlinx.serialization.encoding.AbstractDecoder.decodeSerializableValue(AbstractDecoder.kt:43) ~[?:?]
	at kotlinx.serialization.encoding.AbstractDecoder.decodeSerializableElement(AbstractDecoder.kt:70) ~[?:?]
	at kotlinx.serialization.json.internal.StreamingJsonDecoder.decodeSerializableElement(StreamingJsonDecoder.kt:168) ~[?:?]
	at gg.essential.model.file.ParticlesFile$ParticleEffect$$serializer.deserialize(ParticlesFile.kt:59) ~[?:?]
	at gg.essential.model.file.ParticlesFile$ParticleEffect$$serializer.deserialize(ParticlesFile.kt:59) ~[?:?]
	at kotlinx.serialization.json.internal.StreamingJsonDecoder.decodeSerializableValue(StreamingJsonDecoder.kt:69) ~[?:?]
	at kotlinx.serialization.encoding.AbstractDecoder.decodeSerializableValue(AbstractDecoder.kt:43) ~[?:?]
	at kotlinx.serialization.encoding.AbstractDecoder.decodeSerializableElement(AbstractDecoder.kt:70) ~[?:?]
	at kotlinx.serialization.json.internal.StreamingJsonDecoder.decodeSerializableElement(StreamingJsonDecoder.kt:168) ~[?:?]
	at gg.essential.model.file.ParticlesFile$$serializer.deserialize(ParticlesFile.kt:52) ~[?:?]
	at gg.essential.model.file.ParticlesFile$$serializer.deserialize(ParticlesFile.kt:52) ~[?:?]
	at kotlinx.serialization.json.internal.StreamingJsonDecoder.decodeSerializableValue(StreamingJsonDecoder.kt:69) ~[?:?]
	at kotlinx.serialization.json.Json.decodeFromString(Json.kt:107) ~[?:?]
	at gg.essential.network.connectionmanager.cosmetics.AssetLoader$JsonAssetType$3.invoke(AssetLoader.kt:350) ~[?:?]
	at gg.essential.network.connectionmanager.cosmetics.AssetLoader$JsonAssetType$3.invoke(AssetLoader.kt:349) ~[?:?]
	at gg.essential.network.connectionmanager.cosmetics.AssetLoader$getAsset$1$future$1.invoke(AssetLoader.kt:93) ~[?:?]
	at gg.essential.network.connectionmanager.cosmetics.AssetLoader$getAsset$1$future$1.invoke(AssetLoader.kt:91) ~[?:?]
	at gg.essential.network.connectionmanager.cosmetics.AssetLoader$getAsset$1.invoke$lambda$0(AssetLoader.kt:91) ~[?:?]
	at java.util.concurrent.CompletableFuture$UniApply.tryFire(Unknown Source) ~[?:?]
	at java.util.concurrent.CompletableFuture$Completion.exec(Unknown Source) ~[?:?]
	at java.util.concurrent.ForkJoinTask.doExec(Unknown Source) ~[?:?]
	at java.util.concurrent.ForkJoinPool$WorkQueue.topLevelExec(Unknown Source) ~[?:?]
	at java.util.concurrent.ForkJoinPool.scan(Unknown Source) ~[?:?]
	at java.util.concurrent.ForkJoinPool.runWorker(Unknown Source) ~[?:?]
	at java.util.concurrent.ForkJoinWorkerThread.run(Unknown Source) ~[?:?]
[10:48:21] [ForkJoinPool.commonPool-worker-7/ERROR]: An error occurred building event handler
java.lang.ClassNotFoundException: gg.essential.model.molang.QueryExpr
	at jdk.internal.loader.BuiltinClassLoader.loadClass(Unknown Source) ~[?:?]
	at jdk.internal.loader.ClassLoaders$AppClassLoader.loadClass(Unknown Source) ~[?:?]
	at java.lang.ClassLoader.loadClass(Unknown Source) ~[?:?]
	at net.minecraftforge.eventbus.EventSubclassTransformer.buildEvents(EventSubclassTransformer.java:92) ~[eventbus-6.0.3.jar:?]
	at net.minecraftforge.eventbus.EventSubclassTransformer.transform(EventSubclassTransformer.java:44) ~[eventbus-6.0.3.jar:?]
	at net.minecraftforge.eventbus.EventBusEngine.processClass(EventBusEngine.java:26) ~[eventbus-6.0.3.jar:?]
	at net.minecraftforge.eventbus.service.ModLauncherService.processClassWithFlags(ModLauncherService.java:32) ~[eventbus-6.0.3.jar:6.0.3+6.0.3+master.039e4ea9]
	at cpw.mods.modlauncher.LaunchPluginHandler.offerClassNodeToPlugins(LaunchPluginHandler.java:88) ~[modlauncher-10.0.8.jar:?]
	at cpw.mods.modlauncher.ClassTransformer.transform(ClassTransformer.java:120) ~[modlauncher-10.0.8.jar:?]
	at cpw.mods.modlauncher.TransformingClassLoader.maybeTransformClassBytes(TransformingClassLoader.java:50) ~[modlauncher-10.0.8.jar:?]
	at cpw.mods.cl.ModuleClassLoader.readerToClass(ModuleClassLoader.java:113) ~[securejarhandler-2.1.4.jar:?]
	at cpw.mods.cl.ModuleClassLoader.lambda$findClass$15(ModuleClassLoader.java:219) ~[securejarhandler-2.1.4.jar:?]
	at cpw.mods.cl.ModuleClassLoader.loadFromModule(ModuleClassLoader.java:229) ~[securejarhandler-2.1.4.jar:?]
	at cpw.mods.cl.ModuleClassLoader.findClass(ModuleClassLoader.java:219) ~[securejarhandler-2.1.4.jar:?]
	at cpw.mods.cl.ModuleClassLoader.loadClass(ModuleClassLoader.java:135) ~[securejarhandler-2.1.4.jar:?]
	at java.lang.ClassLoader.loadClass(Unknown Source) ~[?:?]
	at gg.essential.model.molang.Parser.parseSimpleExpression(MolangExpression.kt:384) ~[?:?]
	at gg.essential.model.molang.Parser.parseProduct(MolangExpression.kt:401) ~[?:?]
	at gg.essential.model.molang.Parser.parseSum(MolangExpression.kt:412) ~[?:?]
	at gg.essential.model.molang.Parser.parseComparisons(MolangExpression.kt:423) ~[?:?]
	at gg.essential.model.molang.Parser.parseEqualityChecks(MolangExpression.kt:434) ~[?:?]
	at gg.essential.model.molang.Parser.parseLogicalAnds(MolangExpression.kt:443) ~[?:?]
	at gg.essential.model.molang.Parser.parseLogicalOrs(MolangExpression.kt:453) ~[?:?]
	at gg.essential.model.molang.Parser.parseTernary(MolangExpression.kt:463) ~[?:?]
	at gg.essential.model.molang.Parser.parseNullCoalescing(MolangExpression.kt:475) ~[?:?]
	at gg.essential.model.molang.Parser.parseExpression(MolangExpression.kt:479) ~[?:?]
	at gg.essential.model.molang.Parser.parseSimpleExpression(MolangExpression.kt:339) ~[?:?]
	at gg.essential.model.molang.Parser.parseProduct(MolangExpression.kt:401) ~[?:?]
	at gg.essential.model.molang.Parser.parseSum(MolangExpression.kt:412) ~[?:?]
	at gg.essential.model.molang.Parser.parseComparisons(MolangExpression.kt:423) ~[?:?]
	at gg.essential.model.molang.Parser.parseEqualityChecks(MolangExpression.kt:434) ~[?:?]
	at gg.essential.model.molang.Parser.parseLogicalAnds(MolangExpression.kt:443) ~[?:?]
	at gg.essential.model.molang.Parser.parseLogicalOrs(MolangExpression.kt:453) ~[?:?]
	at gg.essential.model.molang.Parser.parseTernary(MolangExpression.kt:463) ~[?:?]
	at gg.essential.model.molang.Parser.parseNullCoalescing(MolangExpression.kt:475) ~[?:?]
	at gg.essential.model.molang.Parser.parseExpression(MolangExpression.kt:479) ~[?:?]
	at gg.essential.model.molang.Parser.parseSimpleExpression(MolangExpression.kt:357) ~[?:?]
	at gg.essential.model.molang.Parser.parseProduct(MolangExpression.kt:401) ~[?:?]
	at gg.essential.model.molang.Parser.parseSum(MolangExpression.kt:412) ~[?:?]
	at gg.essential.model.molang.Parser.parseComparisons(MolangExpression.kt:423) ~[?:?]
	at gg.essential.model.molang.Parser.parseEqualityChecks(MolangExpression.kt:434) ~[?:?]
	at gg.essential.model.molang.Parser.parseLogicalAnds(MolangExpression.kt:443) ~[?:?]
	at gg.essential.model.molang.Parser.parseLogicalOrs(MolangExpression.kt:453) ~[?:?]
	at gg.essential.model.molang.Parser.parseTernary(MolangExpression.kt:463) ~[?:?]
	at gg.essential.model.molang.Parser.parseNullCoalescing(MolangExpression.kt:475) ~[?:?]
	at gg.essential.model.molang.Parser.parseExpression(MolangExpression.kt:479) ~[?:?]
	at gg.essential.model.molang.Parser.parseSimpleExpression(MolangExpression.kt:339) ~[?:?]
	at gg.essential.model.molang.Parser.parseProduct(MolangExpression.kt:401) ~[?:?]
	at gg.essential.model.molang.Parser.parseSum(MolangExpression.kt:415) ~[?:?]
	at gg.essential.model.molang.Parser.parseComparisons(MolangExpression.kt:423) ~[?:?]
	at gg.essential.model.molang.Parser.parseEqualityChecks(MolangExpression.kt:434) ~[?:?]
	at gg.essential.model.molang.Parser.parseLogicalAnds(MolangExpression.kt:443) ~[?:?]
	at gg.essential.model.molang.Parser.parseLogicalOrs(MolangExpression.kt:453) ~[?:?]
	at gg.essential.model.molang.Parser.parseTernary(MolangExpression.kt:463) ~[?:?]
	at gg.essential.model.molang.Parser.parseNullCoalescing(MolangExpression.kt:475) ~[?:?]
	at gg.essential.model.molang.Parser.parseExpression(MolangExpression.kt:479) ~[?:?]
	at gg.essential.model.molang.Parser.parseSimpleExpression(MolangExpression.kt:339) ~[?:?]
	at gg.essential.model.molang.Parser.parseProduct(MolangExpression.kt:401) ~[?:?]
	at gg.essential.model.molang.Parser.parseSum(MolangExpression.kt:412) ~[?:?]
	at gg.essential.model.molang.Parser.parseComparisons(MolangExpression.kt:423) ~[?:?]
	at gg.essential.model.molang.Parser.parseEqualityChecks(MolangExpression.kt:434) ~[?:?]
	at gg.essential.model.molang.Parser.parseLogicalAnds(MolangExpression.kt:443) ~[?:?]
	at gg.essential.model.molang.Parser.parseLogicalOrs(MolangExpression.kt:453) ~[?:?]
	at gg.essential.model.molang.Parser.parseTernary(MolangExpression.kt:463) ~[?:?]
	at gg.essential.model.molang.Parser.parseNullCoalescing(MolangExpression.kt:475) ~[?:?]
	at gg.essential.model.molang.Parser.parseExpression(MolangExpression.kt:479) ~[?:?]
	at gg.essential.model.molang.Parser.parseAssignment(MolangExpression.kt:483) ~[?:?]
	at gg.essential.model.molang.Parser.parseStatement(MolangExpression.kt:497) ~[?:?]
	at gg.essential.model.molang.Parser.parseStatements(MolangExpression.kt:502) ~[?:?]
	at gg.essential.model.molang.Parser.parseMolang(MolangExpression.kt:516) ~[?:?]
	at gg.essential.model.molang.Parser.fullyParseMolang(MolangExpression.kt:520) ~[?:?]
	at gg.essential.model.molang.Parser.tryFullyParseMolang(MolangExpression.kt:528) ~[?:?]
	at gg.essential.model.molang.MolangExpressionKt.parseMolangExpression(MolangExpression.kt:536) ~[?:?]
	at gg.essential.model.molang.MolangSerializer.deserialize(MolangExpression.kt:545) ~[?:?]
	at gg.essential.model.molang.MolangSerializer.deserialize(MolangExpression.kt:538) ~[?:?]
	at kotlinx.serialization.json.internal.PolymorphicKt.decodeSerializableValuePolymorphic(Polymorphic.kt:77) ~[?:?]
	at kotlinx.serialization.json.internal.AbstractJsonTreeDecoder.decodeSerializableValue(TreeJsonDecoder.kt:52) ~[?:?]
	at kotlinx.serialization.internal.TaggedDecoder.decodeSerializableValue(Tagged.kt:207) ~[?:?]
	at kotlinx.serialization.internal.TaggedDecoder$decodeSerializableElement$1.invoke(Tagged.kt:279) ~[?:?]
	at kotlinx.serialization.internal.TaggedDecoder.tagBlock(Tagged.kt:294) ~[?:?]
	at kotlinx.serialization.internal.TaggedDecoder.decodeSerializableElement(Tagged.kt:279) ~[?:?]
	at kotlinx.serialization.encoding.CompositeDecoder$DefaultImpls.decodeSerializableElement$default(Decoding.kt:538) ~[?:?]
	at kotlinx.serialization.internal.CollectionLikeSerializer.readElement(CollectionSerializers.kt:80) ~[?:?]
	at kotlinx.serialization.internal.AbstractCollectionSerializer.readElement$default(CollectionSerializers.kt:51) ~[?:?]
	at kotlinx.serialization.internal.AbstractCollectionSerializer.merge(CollectionSerializers.kt:36) ~[?:?]
	at kotlinx.serialization.internal.AbstractCollectionSerializer.deserialize(CollectionSerializers.kt:43) ~[?:?]
	at kotlinx.serialization.json.internal.PolymorphicKt.decodeSerializableValuePolymorphic(Polymorphic.kt:77) ~[?:?]
	at kotlinx.serialization.json.internal.AbstractJsonTreeDecoder.decodeSerializableValue(TreeJsonDecoder.kt:52) ~[?:?]
	at kotlinx.serialization.json.internal.TreeJsonDecoderKt.readJson(TreeJsonDecoder.kt:25) ~[?:?]
	at kotlinx.serialization.json.Json.decodeFromJsonElement(Json.kt:127) ~[?:?]
	at gg.essential.model.molang.MolangVec3Serializer.deserialize(MolangVec3.kt:52) ~[?:?]
	at gg.essential.model.molang.MolangVec3Serializer.deserialize(MolangVec3.kt:45) ~[?:?]
	at kotlinx.serialization.json.internal.PolymorphicKt.decodeSerializableValuePolymorphic(Polymorphic.kt:77) ~[?:?]
	at kotlinx.serialization.json.internal.AbstractJsonTreeDecoder.decodeSerializableValue(TreeJsonDecoder.kt:52) ~[?:?]
	at kotlinx.serialization.json.internal.TreeJsonDecoderKt.readJson(TreeJsonDecoder.kt:25) ~[?:?]
	at kotlinx.serialization.json.Json.decodeFromJsonElement(Json.kt:127) ~[?:?]
	at gg.essential.model.file.KeyframeSerializer.deserialize(AnimationFile.kt:164) ~[?:?]
	at gg.essential.model.file.KeyframeSerializer.deserialize(AnimationFile.kt:117) ~[?:?]
	at kotlinx.serialization.json.internal.PolymorphicKt.decodeSerializableValuePolymorphic(Polymorphic.kt:77) ~[?:?]
	at kotlinx.serialization.json.internal.AbstractJsonTreeDecoder.decodeSerializableValue(TreeJsonDecoder.kt:52) ~[?:?]
	at kotlinx.serialization.internal.TaggedDecoder.decodeSerializableValue(Tagged.kt:207) ~[?:?]
	at kotlinx.serialization.internal.TaggedDecoder$decodeSerializableElement$1.invoke(Tagged.kt:279) ~[?:?]
	at kotlinx.serialization.internal.TaggedDecoder.tagBlock(Tagged.kt:294) ~[?:?]
	at kotlinx.serialization.internal.TaggedDecoder.decodeSerializableElement(Tagged.kt:279) ~[?:?]
	at kotlinx.serialization.encoding.CompositeDecoder$DefaultImpls.decodeSerializableElement$default(Decoding.kt:538) ~[?:?]
	at kotlinx.serialization.internal.MapLikeSerializer.readElement(CollectionSerializers.kt:111) ~[?:?]
	at kotlinx.serialization.internal.MapLikeSerializer.readElement(CollectionSerializers.kt:84) ~[?:?]
	at kotlinx.serialization.internal.AbstractCollectionSerializer.readElement$default(CollectionSerializers.kt:51) ~[?:?]
	at kotlinx.serialization.internal.AbstractCollectionSerializer.merge(CollectionSerializers.kt:36) ~[?:?]
	at kotlinx.serialization.internal.AbstractCollectionSerializer.deserialize(CollectionSerializers.kt:43) ~[?:?]
	at kotlinx.serialization.json.internal.PolymorphicKt.decodeSerializableValuePolymorphic(Polymorphic.kt:77) ~[?:?]
	at kotlinx.serialization.json.internal.AbstractJsonTreeDecoder.decodeSerializableValue(TreeJsonDecoder.kt:52) ~[?:?]
	at gg.essential.model.util.TreeMapSerializer.deserialize(TreeMap.kt:73) ~[?:?]
	at gg.essential.model.util.TreeMapSerializer.deserialize(TreeMap.kt:69) ~[?:?]
	at kotlinx.serialization.json.internal.PolymorphicKt.decodeSerializableValuePolymorphic(Polymorphic.kt:77) ~[?:?]
	at kotlinx.serialization.json.internal.AbstractJsonTreeDecoder.decodeSerializableValue(TreeJsonDecoder.kt:52) ~[?:?]
	at kotlinx.serialization.json.internal.TreeJsonDecoderKt.readJson(TreeJsonDecoder.kt:25) ~[?:?]
	at kotlinx.serialization.json.Json.decodeFromJsonElement(Json.kt:127) ~[?:?]
	at kotlinx.serialization.json.JsonTransformingSerializer.deserialize(JsonTransformingSerializer.kt:78) ~[?:?]
	at gg.essential.model.file.KeyframesSerializer.deserialize(AnimationFile.kt:105) ~[?:?]
	at gg.essential.model.file.KeyframesSerializer.deserialize(AnimationFile.kt:103) ~[?:?]
	at kotlinx.serialization.json.internal.StreamingJsonDecoder.decodeSerializableValue(StreamingJsonDecoder.kt:69) ~[?:?]
	at kotlinx.serialization.encoding.AbstractDecoder.decodeSerializableValue(AbstractDecoder.kt:43) ~[?:?]
	at kotlinx.serialization.encoding.AbstractDecoder.decodeNullableSerializableElement(AbstractDecoder.kt:78) ~[?:?]
	at gg.essential.model.Channels$$serializer.deserialize(Animation.kt:373) ~[?:?]
	at gg.essential.model.Channels$$serializer.deserialize(Animation.kt:373) ~[?:?]
	at kotlinx.serialization.json.internal.StreamingJsonDecoder.decodeSerializableValue(StreamingJsonDecoder.kt:69) ~[?:?]
	at kotlinx.serialization.encoding.AbstractDecoder.decodeSerializableValue(AbstractDecoder.kt:43) ~[?:?]
	at kotlinx.serialization.encoding.AbstractDecoder.decodeSerializableElement(AbstractDecoder.kt:70) ~[?:?]
	at kotlinx.serialization.json.internal.StreamingJsonDecoder.decodeSerializableElement(StreamingJsonDecoder.kt:168) ~[?:?]
	at kotlinx.serialization.encoding.CompositeDecoder$DefaultImpls.decodeSerializableElement$default(Decoding.kt:538) ~[?:?]
	at kotlinx.serialization.internal.MapLikeSerializer.readElement(CollectionSerializers.kt:111) ~[?:?]
	at kotlinx.serialization.internal.MapLikeSerializer.readElement(CollectionSerializers.kt:84) ~[?:?]
	at kotlinx.serialization.internal.AbstractCollectionSerializer.readElement$default(CollectionSerializers.kt:51) ~[?:?]
	at kotlinx.serialization.internal.AbstractCollectionSerializer.merge(CollectionSerializers.kt:36) ~[?:?]
	at kotlinx.serialization.internal.AbstractCollectionSerializer.deserialize(CollectionSerializers.kt:43) ~[?:?]
	at kotlinx.serialization.json.internal.StreamingJsonDecoder.decodeSerializableValue(StreamingJsonDecoder.kt:69) ~[?:?]
	at kotlinx.serialization.encoding.AbstractDecoder.decodeSerializableValue(AbstractDecoder.kt:43) ~[?:?]
	at kotlinx.serialization.encoding.AbstractDecoder.decodeSerializableElement(AbstractDecoder.kt:70) ~[?:?]
	at kotlinx.serialization.json.internal.StreamingJsonDecoder.decodeSerializableElement(StreamingJsonDecoder.kt:168) ~[?:?]
	at gg.essential.model.file.AnimationFile$Animation$$serializer.deserialize(AnimationFile.kt:48) ~[?:?]
	at gg.essential.model.file.AnimationFile$Animation$$serializer.deserialize(AnimationFile.kt:48) ~[?:?]
	at kotlinx.serialization.json.internal.StreamingJsonDecoder.decodeSerializableValue(StreamingJsonDecoder.kt:69) ~[?:?]
	at kotlinx.serialization.encoding.AbstractDecoder.decodeSerializableValue(AbstractDecoder.kt:43) ~[?:?]
	at kotlinx.serialization.encoding.AbstractDecoder.decodeSerializableElement(AbstractDecoder.kt:70) ~[?:?]
	at kotlinx.serialization.json.internal.StreamingJsonDecoder.decodeSerializableElement(StreamingJsonDecoder.kt:168) ~[?:?]
	at kotlinx.serialization.encoding.CompositeDecoder$DefaultImpls.decodeSerializableElement$default(Decoding.kt:538) ~[?:?]
	at kotlinx.serialization.internal.MapLikeSerializer.readElement(CollectionSerializers.kt:111) ~[?:?]
	at kotlinx.serialization.internal.MapLikeSerializer.readElement(CollectionSerializers.kt:84) ~[?:?]
	at kotlinx.serialization.internal.AbstractCollectionSerializer.readElement$default(CollectionSerializers.kt:51) ~[?:?]
	at kotlinx.serialization.internal.AbstractCollectionSerializer.merge(CollectionSerializers.kt:36) ~[?:?]
	at kotlinx.serialization.internal.AbstractCollectionSerializer.deserialize(CollectionSerializers.kt:43) ~[?:?]
	at kotlinx.serialization.json.internal.StreamingJsonDecoder.decodeSerializableValue(StreamingJsonDecoder.kt:69) ~[?:?]
	at kotlinx.serialization.encoding.AbstractDecoder.decodeSerializableValue(AbstractDecoder.kt:43) ~[?:?]
	at kotlinx.serialization.encoding.AbstractDecoder.decodeSerializableElement(AbstractDecoder.kt:70) ~[?:?]
	at kotlinx.serialization.json.internal.StreamingJsonDecoder.decodeSerializableElement(StreamingJsonDecoder.kt:168) ~[?:?]
	at gg.essential.model.file.AnimationFile$$serializer.deserialize(AnimationFile.kt:41) ~[?:?]
	at gg.essential.model.file.AnimationFile$$serializer.deserialize(AnimationFile.kt:41) ~[?:?]
	at kotlinx.serialization.json.internal.StreamingJsonDecoder.decodeSerializableValue(StreamingJsonDecoder.kt:69) ~[?:?]
	at kotlinx.serialization.json.Json.decodeFromString(Json.kt:107) ~[?:?]
	at gg.essential.network.connectionmanager.cosmetics.AssetLoader$JsonAssetType$3.invoke(AssetLoader.kt:350) ~[?:?]
	at gg.essential.network.connectionmanager.cosmetics.AssetLoader$JsonAssetType$3.invoke(AssetLoader.kt:349) ~[?:?]
	at gg.essential.network.connectionmanager.cosmetics.AssetLoader$getAsset$1$future$1.invoke(AssetLoader.kt:93) ~[?:?]
	at gg.essential.network.connectionmanager.cosmetics.AssetLoader$getAsset$1$future$1.invoke(AssetLoader.kt:91) ~[?:?]
	at gg.essential.network.connectionmanager.cosmetics.AssetLoader$getAsset$1.invoke$lambda$0(AssetLoader.kt:91) ~[?:?]
	at java.util.concurrent.CompletableFuture$UniApply.tryFire(Unknown Source) ~[?:?]
	at java.util.concurrent.CompletableFuture$Completion.exec(Unknown Source) ~[?:?]
	at java.util.concurrent.ForkJoinTask.doExec(Unknown Source) ~[?:?]
	at java.util.concurrent.ForkJoinPool$WorkQueue.topLevelExec(Unknown Source) ~[?:?]
	at java.util.concurrent.ForkJoinPool.scan(Unknown Source) ~[?:?]
	at java.util.concurrent.ForkJoinPool.runWorker(Unknown Source) ~[?:?]
	at java.util.concurrent.ForkJoinWorkerThread.run(Unknown Source) ~[?:?]
[10:48:21] [ForkJoinPool.commonPool-worker-6/ERROR]: An error occurred building event handler
java.lang.ClassNotFoundException: gg.essential.model.file.ModelFile$Uvs
	at jdk.internal.loader.BuiltinClassLoader.loadClass(Unknown Source) ~[?:?]
	at jdk.internal.loader.ClassLoaders$AppClassLoader.loadClass(Unknown Source) ~[?:?]
	at java.lang.ClassLoader.loadClass(Unknown Source) ~[?:?]
	at net.minecraftforge.eventbus.EventSubclassTransformer.buildEvents(EventSubclassTransformer.java:92) ~[eventbus-6.0.3.jar:?]
	at net.minecraftforge.eventbus.EventSubclassTransformer.transform(EventSubclassTransformer.java:44) ~[eventbus-6.0.3.jar:?]
	at net.minecraftforge.eventbus.EventBusEngine.processClass(EventBusEngine.java:26) ~[eventbus-6.0.3.jar:?]
	at net.minecraftforge.eventbus.service.ModLauncherService.processClassWithFlags(ModLauncherService.java:32) ~[eventbus-6.0.3.jar:6.0.3+6.0.3+master.039e4ea9]
	at cpw.mods.modlauncher.LaunchPluginHandler.offerClassNodeToPlugins(LaunchPluginHandler.java:88) ~[modlauncher-10.0.8.jar:?]
	at cpw.mods.modlauncher.ClassTransformer.transform(ClassTransformer.java:120) ~[modlauncher-10.0.8.jar:?]
	at cpw.mods.modlauncher.TransformingClassLoader.maybeTransformClassBytes(TransformingClassLoader.java:50) ~[modlauncher-10.0.8.jar:?]
	at cpw.mods.cl.ModuleClassLoader.readerToClass(ModuleClassLoader.java:113) ~[securejarhandler-2.1.4.jar:?]
	at cpw.mods.cl.ModuleClassLoader.lambda$findClass$15(ModuleClassLoader.java:219) ~[securejarhandler-2.1.4.jar:?]
	at cpw.mods.cl.ModuleClassLoader.loadFromModule(ModuleClassLoader.java:229) ~[securejarhandler-2.1.4.jar:?]
	at cpw.mods.cl.ModuleClassLoader.findClass(ModuleClassLoader.java:219) ~[securejarhandler-2.1.4.jar:?]
	at cpw.mods.cl.ModuleClassLoader.loadClass(ModuleClassLoader.java:135) ~[securejarhandler-2.1.4.jar:?]
	at java.lang.ClassLoader.loadClass(Unknown Source) ~[?:?]
	at gg.essential.model.file.UvsSerializer.selectDeserializer(ModelFile.kt:113) ~[?:?]
	at kotlinx.serialization.json.JsonContentPolymorphicSerializer.deserialize(JsonContentPolymorphicSerializer.kt:93) ~[?:?]
	at kotlinx.serialization.json.internal.StreamingJsonDecoder.decodeSerializableValue(StreamingJsonDecoder.kt:69) ~[?:?]
	at kotlinx.serialization.encoding.AbstractDecoder.decodeSerializableValue(AbstractDecoder.kt:43) ~[?:?]
	at kotlinx.serialization.encoding.AbstractDecoder.decodeSerializableElement(AbstractDecoder.kt:70) ~[?:?]
	at kotlinx.serialization.json.internal.StreamingJsonDecoder.decodeSerializableElement(StreamingJsonDecoder.kt:168) ~[?:?]
	at gg.essential.model.file.ModelFile$Cube$$serializer.deserialize(ModelFile.kt:68) ~[?:?]
	at gg.essential.model.file.ModelFile$Cube$$serializer.deserialize(ModelFile.kt:68) ~[?:?]
	at kotlinx.serialization.json.internal.StreamingJsonDecoder.decodeSerializableValue(StreamingJsonDecoder.kt:69) ~[?:?]
	at kotlinx.serialization.encoding.AbstractDecoder.decodeSerializableValue(AbstractDecoder.kt:43) ~[?:?]
	at kotlinx.serialization.encoding.AbstractDecoder.decodeSerializableElement(AbstractDecoder.kt:70) ~[?:?]
	at kotlinx.serialization.json.internal.StreamingJsonDecoder.decodeSerializableElement(StreamingJsonDecoder.kt:168) ~[?:?]
	at kotlinx.serialization.encoding.CompositeDecoder$DefaultImpls.decodeSerializableElement$default(Decoding.kt:538) ~[?:?]
	at kotlinx.serialization.internal.CollectionLikeSerializer.readElement(CollectionSerializers.kt:80) ~[?:?]
	at kotlinx.serialization.internal.AbstractCollectionSerializer.readElement$default(CollectionSerializers.kt:51) ~[?:?]
	at kotlinx.serialization.internal.AbstractCollectionSerializer.merge(CollectionSerializers.kt:36) ~[?:?]
	at kotlinx.serialization.internal.AbstractCollectionSerializer.deserialize(CollectionSerializers.kt:43) ~[?:?]
	at kotlinx.serialization.json.internal.StreamingJsonDecoder.decodeSerializableValue(StreamingJsonDecoder.kt:69) ~[?:?]
	at kotlinx.serialization.encoding.AbstractDecoder.decodeSerializableValue(AbstractDecoder.kt:43) ~[?:?]
	at kotlinx.serialization.encoding.AbstractDecoder.decodeSerializableElement(AbstractDecoder.kt:70) ~[?:?]
	at kotlinx.serialization.json.internal.StreamingJsonDecoder.decodeSerializableElement(StreamingJsonDecoder.kt:168) ~[?:?]
	at gg.essential.model.file.ModelFile$Bone$$serializer.deserialize(ModelFile.kt:56) ~[?:?]
	at gg.essential.model.file.ModelFile$Bone$$serializer.deserialize(ModelFile.kt:56) ~[?:?]
	at kotlinx.serialization.json.internal.StreamingJsonDecoder.decodeSerializableValue(StreamingJsonDecoder.kt:69) ~[?:?]
	at kotlinx.serialization.encoding.AbstractDecoder.decodeSerializableValue(AbstractDecoder.kt:43) ~[?:?]
	at kotlinx.serialization.encoding.AbstractDecoder.decodeSerializableElement(AbstractDecoder.kt:70) ~[?:?]
	at kotlinx.serialization.json.internal.StreamingJsonDecoder.decodeSerializableElement(StreamingJsonDecoder.kt:168) ~[?:?]
	at kotlinx.serialization.encoding.CompositeDecoder$DefaultImpls.decodeSerializableElement$default(Decoding.kt:538) ~[?:?]
	at kotlinx.serialization.internal.CollectionLikeSerializer.readElement(CollectionSerializers.kt:80) ~[?:?]
	at kotlinx.serialization.internal.AbstractCollectionSerializer.readElement$default(CollectionSerializers.kt:51) ~[?:?]
	at kotlinx.serialization.internal.AbstractCollectionSerializer.merge(CollectionSerializers.kt:36) ~[?:?]
	at kotlinx.serialization.internal.AbstractCollectionSerializer.deserialize(CollectionSerializers.kt:43) ~[?:?]
	at kotlinx.serialization.json.internal.StreamingJsonDecoder.decodeSerializableValue(StreamingJsonDecoder.kt:69) ~[?:?]
	at kotlinx.serialization.encoding.AbstractDecoder.decodeSerializableValue(AbstractDecoder.kt:43) ~[?:?]
	at kotlinx.serialization.encoding.AbstractDecoder.decodeSerializableElement(AbstractDecoder.kt:70) ~[?:?]
	at kotlinx.serialization.json.internal.StreamingJsonDecoder.decodeSerializableElement(StreamingJsonDecoder.kt:168) ~[?:?]
	at gg.essential.model.file.ModelFile$Geometry$$serializer.deserialize(ModelFile.kt:39) ~[?:?]
	at gg.essential.model.file.ModelFile$Geometry$$serializer.deserialize(ModelFile.kt:39) ~[?:?]
	at kotlinx.serialization.json.internal.StreamingJsonDecoder.decodeSerializableValue(StreamingJsonDecoder.kt:69) ~[?:?]
	at kotlinx.serialization.encoding.AbstractDecoder.decodeSerializableValue(AbstractDecoder.kt:43) ~[?:?]
	at kotlinx.serialization.encoding.AbstractDecoder.decodeSerializableElement(AbstractDecoder.kt:70) ~[?:?]
	at kotlinx.serialization.json.internal.StreamingJsonDecoder.decodeSerializableElement(StreamingJsonDecoder.kt:168) ~[?:?]
	at kotlinx.serialization.encoding.CompositeDecoder$DefaultImpls.decodeSerializableElement$default(Decoding.kt:538) ~[?:?]
	at kotlinx.serialization.internal.CollectionLikeSerializer.readElement(CollectionSerializers.kt:80) ~[?:?]
	at kotlinx.serialization.internal.AbstractCollectionSerializer.readElement$default(CollectionSerializers.kt:51) ~[?:?]
	at kotlinx.serialization.internal.AbstractCollectionSerializer.merge(CollectionSerializers.kt:36) ~[?:?]
	at kotlinx.serialization.internal.AbstractCollectionSerializer.deserialize(CollectionSerializers.kt:43) ~[?:?]
	at kotlinx.serialization.json.internal.StreamingJsonDecoder.decodeSerializableValue(StreamingJsonDecoder.kt:69) ~[?:?]
	at kotlinx.serialization.encoding.AbstractDecoder.decodeSerializableValue(AbstractDecoder.kt:43) ~[?:?]
	at kotlinx.serialization.encoding.AbstractDecoder.decodeSerializableElement(AbstractDecoder.kt:70) ~[?:?]
	at kotlinx.serialization.json.internal.StreamingJsonDecoder.decodeSerializableElement(StreamingJsonDecoder.kt:168) ~[?:?]
	at gg.essential.model.file.ModelFile$$serializer.deserialize(ModelFile.kt:32) ~[?:?]
	at gg.essential.model.file.ModelFile$$serializer.deserialize(ModelFile.kt:32) ~[?:?]
	at kotlinx.serialization.json.internal.StreamingJsonDecoder.decodeSerializableValue(StreamingJsonDecoder.kt:69) ~[?:?]
	at kotlinx.serialization.json.Json.decodeFromString(Json.kt:107) ~[?:?]
	at gg.essential.network.connectionmanager.cosmetics.AssetLoader$JsonAssetType$3.invoke(AssetLoader.kt:350) ~[?:?]
	at gg.essential.network.connectionmanager.cosmetics.AssetLoader$JsonAssetType$3.invoke(AssetLoader.kt:349) ~[?:?]
	at gg.essential.network.connectionmanager.cosmetics.AssetLoader$getAsset$1$future$1.invoke(AssetLoader.kt:93) ~[?:?]
	at gg.essential.network.connectionmanager.cosmetics.AssetLoader$getAsset$1$future$1.invoke(AssetLoader.kt:91) ~[?:?]
	at gg.essential.network.connectionmanager.cosmetics.AssetLoader$getAsset$1.invoke$lambda$0(AssetLoader.kt:91) ~[?:?]
	at java.util.concurrent.CompletableFuture$UniApply.tryFire(Unknown Source) ~[?:?]
	at java.util.concurrent.CompletableFuture$Completion.exec(Unknown Source) ~[?:?]
	at java.util.concurrent.ForkJoinTask.doExec(Unknown Source) ~[?:?]
	at java.util.concurrent.ForkJoinPool$WorkQueue.topLevelExec(Unknown Source) ~[?:?]
	at java.util.concurrent.ForkJoinPool.scan(Unknown Source) ~[?:?]
	at java.util.concurrent.ForkJoinPool.runWorker(Unknown Source) ~[?:?]
	at java.util.concurrent.ForkJoinWorkerThread.run(Unknown Source) ~[?:?]
[10:48:21] [ForkJoinPool.commonPool-worker-7/ERROR]: Could not find parent kotlin/jvm/internal/Lambda for class gg/essential/model/molang/QueryExpr$AnimTime$1 in classloader jdk.internal.loader.ClassLoaders$AppClassLoader@76ed5528 on thread Thread[ForkJoinPool.commonPool-worker-7,5,main]
[10:48:21] [ForkJoinPool.commonPool-worker-1/ERROR]: An error occurred building event handler
java.lang.ClassNotFoundException: kotlin.jvm.internal.Lambda
	at jdk.internal.loader.BuiltinClassLoader.loadClass(Unknown Source) ~[?:?]
	at jdk.internal.loader.ClassLoaders$AppClassLoader.loadClass(Unknown Source) ~[?:?]
	at java.lang.ClassLoader.loadClass(Unknown Source) ~[?:?]
	at net.minecraftforge.eventbus.EventSubclassTransformer.buildEvents(EventSubclassTransformer.java:92) ~[eventbus-6.0.3.jar:?]
	at net.minecraftforge.eventbus.EventSubclassTransformer.transform(EventSubclassTransformer.java:44) ~[eventbus-6.0.3.jar:?]
	at net.minecraftforge.eventbus.EventBusEngine.processClass(EventBusEngine.java:26) ~[eventbus-6.0.3.jar:?]
	at net.minecraftforge.eventbus.service.ModLauncherService.processClassWithFlags(ModLauncherService.java:32) ~[eventbus-6.0.3.jar:6.0.3+6.0.3+master.039e4ea9]
	at cpw.mods.modlauncher.LaunchPluginHandler.offerClassNodeToPlugins(LaunchPluginHandler.java:88) ~[modlauncher-10.0.8.jar:?]
	at cpw.mods.modlauncher.ClassTransformer.transform(ClassTransformer.java:120) ~[modlauncher-10.0.8.jar:?]
	at cpw.mods.modlauncher.TransformingClassLoader.maybeTransformClassBytes(TransformingClassLoader.java:50) ~[modlauncher-10.0.8.jar:?]
	at cpw.mods.cl.ModuleClassLoader.readerToClass(ModuleClassLoader.java:113) ~[securejarhandler-2.1.4.jar:?]
	at cpw.mods.cl.ModuleClassLoader.lambda$findClass$15(ModuleClassLoader.java:219) ~[securejarhandler-2.1.4.jar:?]
	at cpw.mods.cl.ModuleClassLoader.loadFromModule(ModuleClassLoader.java:229) ~[securejarhandler-2.1.4.jar:?]
	at cpw.mods.cl.ModuleClassLoader.findClass(ModuleClassLoader.java:219) ~[securejarhandler-2.1.4.jar:?]
	at cpw.mods.cl.ModuleClassLoader.loadClass(ModuleClassLoader.java:135) ~[securejarhandler-2.1.4.jar:?]
	at java.lang.ClassLoader.loadClass(Unknown Source) ~[?:?]
	at gg.essential.model.file.ParticleEffectComponents$ParticleAppearanceBillboard$Direction.<clinit>(ParticlesFile.kt:485) ~[?:?]
	at gg.essential.model.file.ParticleEffectComponents$ParticleAppearanceBillboard.<clinit>(ParticlesFile.kt:435) ~[?:?]
	at gg.essential.model.file.ParticleEffectComponents$ParticleAppearanceBillboard$$serializer.deserialize(ParticlesFile.kt:435) ~[?:?]
	at gg.essential.model.file.ParticleEffectComponents$ParticleAppearanceBillboard$$serializer.deserialize(ParticlesFile.kt:435) ~[?:?]
	at kotlinx.serialization.json.internal.StreamingJsonDecoder.decodeSerializableValue(StreamingJsonDecoder.kt:69) ~[?:?]
	at kotlinx.serialization.encoding.AbstractDecoder.decodeSerializableValue(AbstractDecoder.kt:43) ~[?:?]
	at kotlinx.serialization.encoding.AbstractDecoder.decodeNullableSerializableElement(AbstractDecoder.kt:78) ~[?:?]
	at gg.essential.model.file.ParticleEffectComponents$$serializer.deserialize(ParticlesFile.kt:178) ~[?:?]
	at gg.essential.model.file.ParticleEffectComponents$$serializer.deserialize(ParticlesFile.kt:178) ~[?:?]
	at kotlinx.serialization.json.internal.StreamingJsonDecoder.decodeSerializableValue(StreamingJsonDecoder.kt:69) ~[?:?]
	at kotlinx.serialization.encoding.AbstractDecoder.decodeSerializableValue(AbstractDecoder.kt:43) ~[?:?]
	at kotlinx.serialization.encoding.AbstractDecoder.decodeSerializableElement(AbstractDecoder.kt:70) ~[?:?]
	at kotlinx.serialization.json.internal.StreamingJsonDecoder.decodeSerializableElement(StreamingJsonDecoder.kt:168) ~[?:?]
	at gg.essential.model.file.ParticlesFile$ParticleEffect$$serializer.deserialize(ParticlesFile.kt:59) ~[?:?]
	at gg.essential.model.file.ParticlesFile$ParticleEffect$$serializer.deserialize(ParticlesFile.kt:59) ~[?:?]
	at kotlinx.serialization.json.internal.StreamingJsonDecoder.decodeSerializableValue(StreamingJsonDecoder.kt:69) ~[?:?]
	at kotlinx.serialization.encoding.AbstractDecoder.decodeSerializableValue(AbstractDecoder.kt:43) ~[?:?]
	at kotlinx.serialization.encoding.AbstractDecoder.decodeSerializableElement(AbstractDecoder.kt:70) ~[?:?]
	at kotlinx.serialization.json.internal.StreamingJsonDecoder.decodeSerializableElement(StreamingJsonDecoder.kt:168) ~[?:?]
	at gg.essential.model.file.ParticlesFile$$serializer.deserialize(ParticlesFile.kt:52) ~[?:?]
	at gg.essential.model.file.ParticlesFile$$serializer.deserialize(ParticlesFile.kt:52) ~[?:?]
	at kotlinx.serialization.json.internal.StreamingJsonDecoder.decodeSerializableValue(StreamingJsonDecoder.kt:69) ~[?:?]
	at kotlinx.serialization.json.Json.decodeFromString(Json.kt:107) ~[?:?]
	at gg.essential.network.connectionmanager.cosmetics.AssetLoader$JsonAssetType$3.invoke(AssetLoader.kt:350) ~[?:?]
	at gg.essential.network.connectionmanager.cosmetics.AssetLoader$JsonAssetType$3.invoke(AssetLoader.kt:349) ~[?:?]
	at gg.essential.network.connectionmanager.cosmetics.AssetLoader$getAsset$1$future$1.invoke(AssetLoader.kt:93) ~[?:?]
	at gg.essential.network.connectionmanager.cosmetics.AssetLoader$getAsset$1$future$1.invoke(AssetLoader.kt:91) ~[?:?]
	at gg.essential.network.connectionmanager.cosmetics.AssetLoader$getAsset$1.invoke$lambda$0(AssetLoader.kt:91) ~[?:?]
	at java.util.concurrent.CompletableFuture$UniApply.tryFire(Unknown Source) ~[?:?]
	at java.util.concurrent.CompletableFuture$Completion.exec(Unknown Source) ~[?:?]
	at java.util.concurrent.ForkJoinTask.doExec(Unknown Source) ~[?:?]
	at java.util.concurrent.ForkJoinPool$WorkQueue.topLevelExec(Unknown Source) ~[?:?]
	at java.util.concurrent.ForkJoinPool.scan(Unknown Source) ~[?:?]
	at java.util.concurrent.ForkJoinPool.runWorker(Unknown Source) ~[?:?]
	at java.util.concurrent.ForkJoinWorkerThread.run(Unknown Source) ~[?:?]
[10:48:21] [ForkJoinPool.commonPool-worker-1/ERROR]: Could not find parent gg/essential/model/file/ParticleEffectComponents$ParticleAppearanceBillboard$Direction for class gg/essential/model/file/ParticleEffectComponents$ParticleAppearanceBillboard$Direction$Custom in classloader jdk.internal.loader.ClassLoaders$AppClassLoader@76ed5528 on thread Thread[ForkJoinPool.commonPool-worker-1,5,main]
[10:48:21] [ForkJoinPool.commonPool-worker-7/ERROR]: An error occurred building event handler
java.lang.ClassNotFoundException: kotlin.jvm.internal.Lambda
	at jdk.internal.loader.BuiltinClassLoader.loadClass(Unknown Source) ~[?:?]
	at jdk.internal.loader.ClassLoaders$AppClassLoader.loadClass(Unknown Source) ~[?:?]
	at java.lang.ClassLoader.loadClass(Unknown Source) ~[?:?]
	at net.minecraftforge.eventbus.EventSubclassTransformer.buildEvents(EventSubclassTransformer.java:92) ~[eventbus-6.0.3.jar:?]
	at net.minecraftforge.eventbus.EventSubclassTransformer.transform(EventSubclassTransformer.java:44) ~[eventbus-6.0.3.jar:?]
	at net.minecraftforge.eventbus.EventBusEngine.processClass(EventBusEngine.java:26) ~[eventbus-6.0.3.jar:?]
	at net.minecraftforge.eventbus.service.ModLauncherService.processClassWithFlags(ModLauncherService.java:32) ~[eventbus-6.0.3.jar:6.0.3+6.0.3+master.039e4ea9]
	at cpw.mods.modlauncher.LaunchPluginHandler.offerClassNodeToPlugins(LaunchPluginHandler.java:88) ~[modlauncher-10.0.8.jar:?]
	at cpw.mods.modlauncher.ClassTransformer.transform(ClassTransformer.java:120) ~[modlauncher-10.0.8.jar:?]
	at cpw.mods.modlauncher.TransformingClassLoader.maybeTransformClassBytes(TransformingClassLoader.java:50) ~[modlauncher-10.0.8.jar:?]
	at cpw.mods.cl.ModuleClassLoader.readerToClass(ModuleClassLoader.java:113) ~[securejarhandler-2.1.4.jar:?]
	at cpw.mods.cl.ModuleClassLoader.lambda$findClass$15(ModuleClassLoader.java:219) ~[securejarhandler-2.1.4.jar:?]
	at cpw.mods.cl.ModuleClassLoader.loadFromModule(ModuleClassLoader.java:229) ~[securejarhandler-2.1.4.jar:?]
	at cpw.mods.cl.ModuleClassLoader.findClass(ModuleClassLoader.java:219) ~[securejarhandler-2.1.4.jar:?]
	at cpw.mods.cl.ModuleClassLoader.loadClass(ModuleClassLoader.java:135) ~[securejarhandler-2.1.4.jar:?]
	at java.lang.ClassLoader.loadClass(Unknown Source) ~[?:?]
	at gg.essential.model.molang.QueryExpr$AnimTime.<init>(MolangExpression.kt:158) ~[?:?]
	at gg.essential.model.molang.QueryExpr$AnimTime.<clinit>(MolangExpression.kt) ~[?:?]
	at gg.essential.model.molang.Parser.parseSimpleExpression(MolangExpression.kt:384) ~[?:?]
	at gg.essential.model.molang.Parser.parseProduct(MolangExpression.kt:401) ~[?:?]
	at gg.essential.model.molang.Parser.parseSum(MolangExpression.kt:412) ~[?:?]
	at gg.essential.model.molang.Parser.parseComparisons(MolangExpression.kt:423) ~[?:?]
	at gg.essential.model.molang.Parser.parseEqualityChecks(MolangExpression.kt:434) ~[?:?]
	at gg.essential.model.molang.Parser.parseLogicalAnds(MolangExpression.kt:443) ~[?:?]
	at gg.essential.model.molang.Parser.parseLogicalOrs(MolangExpression.kt:453) ~[?:?]
	at gg.essential.model.molang.Parser.parseTernary(MolangExpression.kt:463) ~[?:?]
	at gg.essential.model.molang.Parser.parseNullCoalescing(MolangExpression.kt:475) ~[?:?]
	at gg.essential.model.molang.Parser.parseExpression(MolangExpression.kt:479) ~[?:?]
	at gg.essential.model.molang.Parser.parseSimpleExpression(MolangExpression.kt:339) ~[?:?]
	at gg.essential.model.molang.Parser.parseProduct(MolangExpression.kt:401) ~[?:?]
	at gg.essential.model.molang.Parser.parseSum(MolangExpression.kt:412) ~[?:?]
	at gg.essential.model.molang.Parser.parseComparisons(MolangExpression.kt:423) ~[?:?]
	at gg.essential.model.molang.Parser.parseEqualityChecks(MolangExpression.kt:434) ~[?:?]
	at gg.essential.model.molang.Parser.parseLogicalAnds(MolangExpression.kt:443) ~[?:?]
	at gg.essential.model.molang.Parser.parseLogicalOrs(MolangExpression.kt:453) ~[?:?]
	at gg.essential.model.molang.Parser.parseTernary(MolangExpression.kt:463) ~[?:?]
	at gg.essential.model.molang.Parser.parseNullCoalescing(MolangExpression.kt:475) ~[?:?]
	at gg.essential.model.molang.Parser.parseExpression(MolangExpression.kt:479) ~[?:?]
	at gg.essential.model.molang.Parser.parseSimpleExpression(MolangExpression.kt:357) ~[?:?]
	at gg.essential.model.molang.Parser.parseProduct(MolangExpression.kt:401) ~[?:?]
	at gg.essential.model.molang.Parser.parseSum(MolangExpression.kt:412) ~[?:?]
	at gg.essential.model.molang.Parser.parseComparisons(MolangExpression.kt:423) ~[?:?]
	at gg.essential.model.molang.Parser.parseEqualityChecks(MolangExpression.kt:434) ~[?:?]
	at gg.essential.model.molang.Parser.parseLogicalAnds(MolangExpression.kt:443) ~[?:?]
	at gg.essential.model.molang.Parser.parseLogicalOrs(MolangExpression.kt:453) ~[?:?]
	at gg.essential.model.molang.Parser.parseTernary(MolangExpression.kt:463) ~[?:?]
	at gg.essential.model.molang.Parser.parseNullCoalescing(MolangExpression.kt:475) ~[?:?]
	at gg.essential.model.molang.Parser.parseExpression(MolangExpression.kt:479) ~[?:?]
	at gg.essential.model.molang.Parser.parseSimpleExpression(MolangExpression.kt:339) ~[?:?]
	at gg.essential.model.molang.Parser.parseProduct(MolangExpression.kt:401) ~[?:?]
	at gg.essential.model.molang.Parser.parseSum(MolangExpression.kt:415) ~[?:?]
	at gg.essential.model.molang.Parser.parseComparisons(MolangExpression.kt:423) ~[?:?]
	at gg.essential.model.molang.Parser.parseEqualityChecks(MolangExpression.kt:434) ~[?:?]
	at gg.essential.model.molang.Parser.parseLogicalAnds(MolangExpression.kt:443) ~[?:?]
	at gg.essential.model.molang.Parser.parseLogicalOrs(MolangExpression.kt:453) ~[?:?]
	at gg.essential.model.molang.Parser.parseTernary(MolangExpression.kt:463) ~[?:?]
	at gg.essential.model.molang.Parser.parseNullCoalescing(MolangExpression.kt:475) ~[?:?]
	at gg.essential.model.molang.Parser.parseExpression(MolangExpression.kt:479) ~[?:?]
	at gg.essential.model.molang.Parser.parseSimpleExpression(MolangExpression.kt:339) ~[?:?]
	at gg.essential.model.molang.Parser.parseProduct(MolangExpression.kt:401) ~[?:?]
	at gg.essential.model.molang.Parser.parseSum(MolangExpression.kt:412) ~[?:?]
	at gg.essential.model.molang.Parser.parseComparisons(MolangExpression.kt:423) ~[?:?]
	at gg.essential.model.molang.Parser.parseEqualityChecks(MolangExpression.kt:434) ~[?:?]
	at gg.essential.model.molang.Parser.parseLogicalAnds(MolangExpression.kt:443) ~[?:?]
	at gg.essential.model.molang.Parser.parseLogicalOrs(MolangExpression.kt:453) ~[?:?]
	at gg.essential.model.molang.Parser.parseTernary(MolangExpression.kt:463) ~[?:?]
	at gg.essential.model.molang.Parser.parseNullCoalescing(MolangExpression.kt:475) ~[?:?]
	at gg.essential.model.molang.Parser.parseExpression(MolangExpression.kt:479) ~[?:?]
	at gg.essential.model.molang.Parser.parseAssignment(MolangExpression.kt:483) ~[?:?]
	at gg.essential.model.molang.Parser.parseStatement(MolangExpression.kt:497) ~[?:?]
	at gg.essential.model.molang.Parser.parseStatements(MolangExpression.kt:502) ~[?:?]
	at gg.essential.model.molang.Parser.parseMolang(MolangExpression.kt:516) ~[?:?]
	at gg.essential.model.molang.Parser.fullyParseMolang(MolangExpression.kt:520) ~[?:?]
	at gg.essential.model.molang.Parser.tryFullyParseMolang(MolangExpression.kt:528) ~[?:?]
	at gg.essential.model.molang.MolangExpressionKt.parseMolangExpression(MolangExpression.kt:536) ~[?:?]
	at gg.essential.model.molang.MolangSerializer.deserialize(MolangExpression.kt:545) ~[?:?]
	at gg.essential.model.molang.MolangSerializer.deserialize(MolangExpression.kt:538) ~[?:?]
	at kotlinx.serialization.json.internal.PolymorphicKt.decodeSerializableValuePolymorphic(Polymorphic.kt:77) ~[?:?]
	at kotlinx.serialization.json.internal.AbstractJsonTreeDecoder.decodeSerializableValue(TreeJsonDecoder.kt:52) ~[?:?]
	at kotlinx.serialization.internal.TaggedDecoder.decodeSerializableValue(Tagged.kt:207) ~[?:?]
	at kotlinx.serialization.internal.TaggedDecoder$decodeSerializableElement$1.invoke(Tagged.kt:279) ~[?:?]
	at kotlinx.serialization.internal.TaggedDecoder.tagBlock(Tagged.kt:294) ~[?:?]
	at kotlinx.serialization.internal.TaggedDecoder.decodeSerializableElement(Tagged.kt:279) ~[?:?]
	at kotlinx.serialization.encoding.CompositeDecoder$DefaultImpls.decodeSerializableElement$default(Decoding.kt:538) ~[?:?]
	at kotlinx.serialization.internal.CollectionLikeSerializer.readElement(CollectionSerializers.kt:80) ~[?:?]
	at kotlinx.serialization.internal.AbstractCollectionSerializer.readElement$default(CollectionSerializers.kt:51) ~[?:?]
	at kotlinx.serialization.internal.AbstractCollectionSerializer.merge(CollectionSerializers.kt:36) ~[?:?]
	at kotlinx.serialization.internal.AbstractCollectionSerializer.deserialize(CollectionSerializers.kt:43) ~[?:?]
	at kotlinx.serialization.json.internal.PolymorphicKt.decodeSerializableValuePolymorphic(Polymorphic.kt:77) ~[?:?]
	at kotlinx.serialization.json.internal.AbstractJsonTreeDecoder.decodeSerializableValue(TreeJsonDecoder.kt:52) ~[?:?]
	at kotlinx.serialization.json.internal.TreeJsonDecoderKt.readJson(TreeJsonDecoder.kt:25) ~[?:?]
	at kotlinx.serialization.json.Json.decodeFromJsonElement(Json.kt:127) ~[?:?]
	at gg.essential.model.molang.MolangVec3Serializer.deserialize(MolangVec3.kt:52) ~[?:?]
	at gg.essential.model.molang.MolangVec3Serializer.deserialize(MolangVec3.kt:45) ~[?:?]
	at kotlinx.serialization.json.internal.PolymorphicKt.decodeSerializableValuePolymorphic(Polymorphic.kt:77) ~[?:?]
	at kotlinx.serialization.json.internal.AbstractJsonTreeDecoder.decodeSerializableValue(TreeJsonDecoder.kt:52) ~[?:?]
	at kotlinx.serialization.json.internal.TreeJsonDecoderKt.readJson(TreeJsonDecoder.kt:25) ~[?:?]
	at kotlinx.serialization.json.Json.decodeFromJsonElement(Json.kt:127) ~[?:?]
	at gg.essential.model.file.KeyframeSerializer.deserialize(AnimationFile.kt:164) ~[?:?]
	at gg.essential.model.file.KeyframeSerializer.deserialize(AnimationFile.kt:117) ~[?:?]
	at kotlinx.serialization.json.internal.PolymorphicKt.decodeSerializableValuePolymorphic(Polymorphic.kt:77) ~[?:?]
	at kotlinx.serialization.json.internal.AbstractJsonTreeDecoder.decodeSerializableValue(TreeJsonDecoder.kt:52) ~[?:?]
	at kotlinx.serialization.internal.TaggedDecoder.decodeSerializableValue(Tagged.kt:207) ~[?:?]
	at kotlinx.serialization.internal.TaggedDecoder$decodeSerializableElement$1.invoke(Tagged.kt:279) ~[?:?]
	at kotlinx.serialization.internal.TaggedDecoder.tagBlock(Tagged.kt:294) ~[?:?]
	at kotlinx.serialization.internal.TaggedDecoder.decodeSerializableElement(Tagged.kt:279) ~[?:?]
	at kotlinx.serialization.encoding.CompositeDecoder$DefaultImpls.decodeSerializableElement$default(Decoding.kt:538) ~[?:?]
	at kotlinx.serialization.internal.MapLikeSerializer.readElement(CollectionSerializers.kt:111) ~[?:?]
	at kotlinx.serialization.internal.MapLikeSerializer.readElement(CollectionSerializers.kt:84) ~[?:?]
	at kotlinx.serialization.internal.AbstractCollectionSerializer.readElement$default(CollectionSerializers.kt:51) ~[?:?]
	at kotlinx.serialization.internal.AbstractCollectionSerializer.merge(CollectionSerializers.kt:36) ~[?:?]
	at kotlinx.serialization.internal.AbstractCollectionSerializer.deserialize(CollectionSerializers.kt:43) ~[?:?]
	at kotlinx.serialization.json.internal.PolymorphicKt.decodeSerializableValuePolymorphic(Polymorphic.kt:77) ~[?:?]
	at kotlinx.serialization.json.internal.AbstractJsonTreeDecoder.decodeSerializableValue(TreeJsonDecoder.kt:52) ~[?:?]
	at gg.essential.model.util.TreeMapSerializer.deserialize(TreeMap.kt:73) ~[?:?]
	at gg.essential.model.util.TreeMapSerializer.deserialize(TreeMap.kt:69) ~[?:?]
	at kotlinx.serialization.json.internal.PolymorphicKt.decodeSerializableValuePolymorphic(Polymorphic.kt:77) ~[?:?]
	at kotlinx.serialization.json.internal.AbstractJsonTreeDecoder.decodeSerializableValue(TreeJsonDecoder.kt:52) ~[?:?]
	at kotlinx.serialization.json.internal.TreeJsonDecoderKt.readJson(TreeJsonDecoder.kt:25) ~[?:?]
	at kotlinx.serialization.json.Json.decodeFromJsonElement(Json.kt:127) ~[?:?]
	at kotlinx.serialization.json.JsonTransformingSerializer.deserialize(JsonTransformingSerializer.kt:78) ~[?:?]
	at gg.essential.model.file.KeyframesSerializer.deserialize(AnimationFile.kt:105) ~[?:?]
	at gg.essential.model.file.KeyframesSerializer.deserialize(AnimationFile.kt:103) ~[?:?]
	at kotlinx.serialization.json.internal.StreamingJsonDecoder.decodeSerializableValue(StreamingJsonDecoder.kt:69) ~[?:?]
	at kotlinx.serialization.encoding.AbstractDecoder.decodeSerializableValue(AbstractDecoder.kt:43) ~[?:?]
	at kotlinx.serialization.encoding.AbstractDecoder.decodeNullableSerializableElement(AbstractDecoder.kt:78) ~[?:?]
	at gg.essential.model.Channels$$serializer.deserialize(Animation.kt:373) ~[?:?]
	at gg.essential.model.Channels$$serializer.deserialize(Animation.kt:373) ~[?:?]
	at kotlinx.serialization.json.internal.StreamingJsonDecoder.decodeSerializableValue(StreamingJsonDecoder.kt:69) ~[?:?]
	at kotlinx.serialization.encoding.AbstractDecoder.decodeSerializableValue(AbstractDecoder.kt:43) ~[?:?]
	at kotlinx.serialization.encoding.AbstractDecoder.decodeSerializableElement(AbstractDecoder.kt:70) ~[?:?]
	at kotlinx.serialization.json.internal.StreamingJsonDecoder.decodeSerializableElement(StreamingJsonDecoder.kt:168) ~[?:?]
	at kotlinx.serialization.encoding.CompositeDecoder$DefaultImpls.decodeSerializableElement$default(Decoding.kt:538) ~[?:?]
	at kotlinx.serialization.internal.MapLikeSerializer.readElement(CollectionSerializers.kt:111) ~[?:?]
	at kotlinx.serialization.internal.MapLikeSerializer.readElement(CollectionSerializers.kt:84) ~[?:?]
	at kotlinx.serialization.internal.AbstractCollectionSerializer.readElement$default(CollectionSerializers.kt:51) ~[?:?]
	at kotlinx.serialization.internal.AbstractCollectionSerializer.merge(CollectionSerializers.kt:36) ~[?:?]
	at kotlinx.serialization.internal.AbstractCollectionSerializer.deserialize(CollectionSerializers.kt:43) ~[?:?]
	at kotlinx.serialization.json.internal.StreamingJsonDecoder.decodeSerializableValue(StreamingJsonDecoder.kt:69) ~[?:?]
	at kotlinx.serialization.encoding.AbstractDecoder.decodeSerializableValue(AbstractDecoder.kt:43) ~[?:?]
	at kotlinx.serialization.encoding.AbstractDecoder.decodeSerializableElement(AbstractDecoder.kt:70) ~[?:?]
	at kotlinx.serialization.json.internal.StreamingJsonDecoder.decodeSerializableElement(StreamingJsonDecoder.kt:168) ~[?:?]
	at gg.essential.model.file.AnimationFile$Animation$$serializer.deserialize(AnimationFile.kt:48) ~[?:?]
	at gg.essential.model.file.AnimationFile$Animation$$serializer.deserialize(AnimationFile.kt:48) ~[?:?]
	at kotlinx.serialization.json.internal.StreamingJsonDecoder.decodeSerializableValue(StreamingJsonDecoder.kt:69) ~[?:?]
	at kotlinx.serialization.encoding.AbstractDecoder.decodeSerializableValue(AbstractDecoder.kt:43) ~[?:?]
	at kotlinx.serialization.encoding.AbstractDecoder.decodeSerializableElement(AbstractDecoder.kt:70) ~[?:?]
	at kotlinx.serialization.json.internal.StreamingJsonDecoder.decodeSerializableElement(StreamingJsonDecoder.kt:168) ~[?:?]
	at kotlinx.serialization.encoding.CompositeDecoder$DefaultImpls.decodeSerializableElement$default(Decoding.kt:538) ~[?:?]
	at kotlinx.serialization.internal.MapLikeSerializer.readElement(CollectionSerializers.kt:111) ~[?:?]
	at kotlinx.serialization.internal.MapLikeSerializer.readElement(CollectionSerializers.kt:84) ~[?:?]
	at kotlinx.serialization.internal.AbstractCollectionSerializer.readElement$default(CollectionSerializers.kt:51) ~[?:?]
	at kotlinx.serialization.internal.AbstractCollectionSerializer.merge(CollectionSerializers.kt:36) ~[?:?]
	at kotlinx.serialization.internal.AbstractCollectionSerializer.deserialize(CollectionSerializers.kt:43) ~[?:?]
	at kotlinx.serialization.json.internal.StreamingJsonDecoder.decodeSerializableValue(StreamingJsonDecoder.kt:69) ~[?:?]
	at kotlinx.serialization.encoding.AbstractDecoder.decodeSerializableValue(AbstractDecoder.kt:43) ~[?:?]
	at kotlinx.serialization.encoding.AbstractDecoder.decodeSerializableElement(AbstractDecoder.kt:70) ~[?:?]
	at kotlinx.serialization.json.internal.StreamingJsonDecoder.decodeSerializableElement(StreamingJsonDecoder.kt:168) ~[?:?]
	at gg.essential.model.file.AnimationFile$$serializer.deserialize(AnimationFile.kt:41) ~[?:?]
	at gg.essential.model.file.AnimationFile$$serializer.deserialize(AnimationFile.kt:41) ~[?:?]
	at kotlinx.serialization.json.internal.StreamingJsonDecoder.decodeSerializableValue(StreamingJsonDecoder.kt:69) ~[?:?]
	at kotlinx.serialization.json.Json.decodeFromString(Json.kt:107) ~[?:?]
	at gg.essential.network.connectionmanager.cosmetics.AssetLoader$JsonAssetType$3.invoke(AssetLoader.kt:350) ~[?:?]
	at gg.essential.network.connectionmanager.cosmetics.AssetLoader$JsonAssetType$3.invoke(AssetLoader.kt:349) ~[?:?]
	at gg.essential.network.connectionmanager.cosmetics.AssetLoader$getAsset$1$future$1.invoke(AssetLoader.kt:93) ~[?:?]
	at gg.essential.network.connectionmanager.cosmetics.AssetLoader$getAsset$1$future$1.invoke(AssetLoader.kt:91) ~[?:?]
	at gg.essential.network.connectionmanager.cosmetics.AssetLoader$getAsset$1.invoke$lambda$0(AssetLoader.kt:91) ~[?:?]
	at java.util.concurrent.CompletableFuture$UniApply.tryFire(Unknown Source) ~[?:?]
	at java.util.concurrent.CompletableFuture$Completion.exec(Unknown Source) ~[?:?]
	at java.util.concurrent.ForkJoinTask.doExec(Unknown Source) ~[?:?]
	at java.util.concurrent.ForkJoinPool$WorkQueue.topLevelExec(Unknown Source) ~[?:?]
	at java.util.concurrent.ForkJoinPool.scan(Unknown Source) ~[?:?]
	at java.util.concurrent.ForkJoinPool.runWorker(Unknown Source) ~[?:?]
	at java.util.concurrent.ForkJoinWorkerThread.run(Unknown Source) ~[?:?]
[10:48:21] [ForkJoinPool.commonPool-worker-1/ERROR]: An error occurred building event handler
java.lang.ClassNotFoundException: gg.essential.model.file.ParticleEffectComponents$ParticleAppearanceBillboard$Direction
	at jdk.internal.loader.BuiltinClassLoader.loadClass(Unknown Source) ~[?:?]
	at jdk.internal.loader.ClassLoaders$AppClassLoader.loadClass(Unknown Source) ~[?:?]
	at java.lang.ClassLoader.loadClass(Unknown Source) ~[?:?]
	at net.minecraftforge.eventbus.EventSubclassTransformer.buildEvents(EventSubclassTransformer.java:92) ~[eventbus-6.0.3.jar:?]
	at net.minecraftforge.eventbus.EventSubclassTransformer.transform(EventSubclassTransformer.java:44) ~[eventbus-6.0.3.jar:?]
	at net.minecraftforge.eventbus.EventBusEngine.processClass(EventBusEngine.java:26) ~[eventbus-6.0.3.jar:?]
	at net.minecraftforge.eventbus.service.ModLauncherService.processClassWithFlags(ModLauncherService.java:32) ~[eventbus-6.0.3.jar:6.0.3+6.0.3+master.039e4ea9]
	at cpw.mods.modlauncher.LaunchPluginHandler.offerClassNodeToPlugins(LaunchPluginHandler.java:88) ~[modlauncher-10.0.8.jar:?]
	at cpw.mods.modlauncher.ClassTransformer.transform(ClassTransformer.java:120) ~[modlauncher-10.0.8.jar:?]
	at cpw.mods.modlauncher.TransformingClassLoader.maybeTransformClassBytes(TransformingClassLoader.java:50) ~[modlauncher-10.0.8.jar:?]
	at cpw.mods.cl.ModuleClassLoader.readerToClass(ModuleClassLoader.java:113) ~[securejarhandler-2.1.4.jar:?]
	at cpw.mods.cl.ModuleClassLoader.lambda$findClass$15(ModuleClassLoader.java:219) ~[securejarhandler-2.1.4.jar:?]
	at cpw.mods.cl.ModuleClassLoader.loadFromModule(ModuleClassLoader.java:229) ~[securejarhandler-2.1.4.jar:?]
	at cpw.mods.cl.ModuleClassLoader.findClass(ModuleClassLoader.java:219) ~[securejarhandler-2.1.4.jar:?]
	at cpw.mods.cl.ModuleClassLoader.loadClass(ModuleClassLoader.java:135) ~[securejarhandler-2.1.4.jar:?]
	at java.lang.ClassLoader.loadClass(Unknown Source) ~[?:?]
	at gg.essential.model.file.ParticleEffectComponents$ParticleAppearanceBillboard$Direction$Companion$1.invoke(ParticlesFile.kt:485) ~[?:?]
	at gg.essential.model.file.ParticleEffectComponents$ParticleAppearanceBillboard$Direction$Companion$1.invoke(ParticlesFile.kt:485) ~[?:?]
	at kotlin.SafePublicationLazyImpl.getValue(LazyJVM.kt:107) ~[?:?]
	at gg.essential.model.file.ParticleEffectComponents$ParticleAppearanceBillboard$Direction$Companion.get$cachedSerializer(ParticlesFile.kt:485) ~[?:?]
	at gg.essential.model.file.ParticleEffectComponents$ParticleAppearanceBillboard$Direction$Companion.serializer(ParticlesFile.kt:485) ~[?:?]
	at gg.essential.model.file.ParticleEffectComponents$ParticleAppearanceBillboard.<clinit>(ParticlesFile.kt:435) ~[?:?]
	at gg.essential.model.file.ParticleEffectComponents$ParticleAppearanceBillboard$$serializer.deserialize(ParticlesFile.kt:435) ~[?:?]
	at gg.essential.model.file.ParticleEffectComponents$ParticleAppearanceBillboard$$serializer.deserialize(ParticlesFile.kt:435) ~[?:?]
	at kotlinx.serialization.json.internal.StreamingJsonDecoder.decodeSerializableValue(StreamingJsonDecoder.kt:69) ~[?:?]
	at kotlinx.serialization.encoding.AbstractDecoder.decodeSerializableValue(AbstractDecoder.kt:43) ~[?:?]
	at kotlinx.serialization.encoding.AbstractDecoder.decodeNullableSerializableElement(AbstractDecoder.kt:78) ~[?:?]
	at gg.essential.model.file.ParticleEffectComponents$$serializer.deserialize(ParticlesFile.kt:178) ~[?:?]
	at gg.essential.model.file.ParticleEffectComponents$$serializer.deserialize(ParticlesFile.kt:178) ~[?:?]
	at kotlinx.serialization.json.internal.StreamingJsonDecoder.decodeSerializableValue(StreamingJsonDecoder.kt:69) ~[?:?]
	at kotlinx.serialization.encoding.AbstractDecoder.decodeSerializableValue(AbstractDecoder.kt:43) ~[?:?]
	at kotlinx.serialization.encoding.AbstractDecoder.decodeSerializableElement(AbstractDecoder.kt:70) ~[?:?]
	at kotlinx.serialization.json.internal.StreamingJsonDecoder.decodeSerializableElement(StreamingJsonDecoder.kt:168) ~[?:?]
	at gg.essential.model.file.ParticlesFile$ParticleEffect$$serializer.deserialize(ParticlesFile.kt:59) ~[?:?]
	at gg.essential.model.file.ParticlesFile$ParticleEffect$$serializer.deserialize(ParticlesFile.kt:59) ~[?:?]
	at kotlinx.serialization.json.internal.StreamingJsonDecoder.decodeSerializableValue(StreamingJsonDecoder.kt:69) ~[?:?]
	at kotlinx.serialization.encoding.AbstractDecoder.decodeSerializableValue(AbstractDecoder.kt:43) ~[?:?]
	at kotlinx.serialization.encoding.AbstractDecoder.decodeSerializableElement(AbstractDecoder.kt:70) ~[?:?]
	at kotlinx.serialization.json.internal.StreamingJsonDecoder.decodeSerializableElement(StreamingJsonDecoder.kt:168) ~[?:?]
	at gg.essential.model.file.ParticlesFile$$serializer.deserialize(ParticlesFile.kt:52) ~[?:?]
	at gg.essential.model.file.ParticlesFile$$serializer.deserialize(ParticlesFile.kt:52) ~[?:?]
	at kotlinx.serialization.json.internal.StreamingJsonDecoder.decodeSerializableValue(StreamingJsonDecoder.kt:69) ~[?:?]
	at kotlinx.serialization.json.Json.decodeFromString(Json.kt:107) ~[?:?]
	at gg.essential.network.connectionmanager.cosmetics.AssetLoader$JsonAssetType$3.invoke(AssetLoader.kt:350) ~[?:?]
	at gg.essential.network.connectionmanager.cosmetics.AssetLoader$JsonAssetType$3.invoke(AssetLoader.kt:349) ~[?:?]
	at gg.essential.network.connectionmanager.cosmetics.AssetLoader$getAsset$1$future$1.invoke(AssetLoader.kt:93) ~[?:?]
	at gg.essential.network.connectionmanager.cosmetics.AssetLoader$getAsset$1$future$1.invoke(AssetLoader.kt:91) ~[?:?]
	at gg.essential.network.connectionmanager.cosmetics.AssetLoader$getAsset$1.invoke$lambda$0(AssetLoader.kt:91) ~[?:?]
	at java.util.concurrent.CompletableFuture$UniApply.tryFire(Unknown Source) ~[?:?]
	at java.util.concurrent.CompletableFuture$Completion.exec(Unknown Source) ~[?:?]
	at java.util.concurrent.ForkJoinTask.doExec(Unknown Source) ~[?:?]
	at java.util.concurrent.ForkJoinPool$WorkQueue.topLevelExec(Unknown Source) ~[?:?]
	at java.util.concurrent.ForkJoinPool.scan(Unknown Source) ~[?:?]
	at java.util.concurrent.ForkJoinPool.runWorker(Unknown Source) ~[?:?]
	at java.util.concurrent.ForkJoinWorkerThread.run(Unknown Source) ~[?:?]
[10:48:21] [ForkJoinPool.commonPool-worker-1/ERROR]: Could not find parent gg/essential/model/file/ParticleEffectComponents$ParticleAppearanceBillboard$Direction for class gg/essential/model/file/ParticleEffectComponents$ParticleAppearanceBillboard$Direction$FromVelocity in classloader jdk.internal.loader.ClassLoaders$AppClassLoader@76ed5528 on thread Thread[ForkJoinPool.commonPool-worker-1,5,main]
[10:48:21] [ForkJoinPool.commonPool-worker-1/ERROR]: An error occurred building event handler
java.lang.ClassNotFoundException: gg.essential.model.file.ParticleEffectComponents$ParticleAppearanceBillboard$Direction
	at jdk.internal.loader.BuiltinClassLoader.loadClass(Unknown Source) ~[?:?]
	at jdk.internal.loader.ClassLoaders$AppClassLoader.loadClass(Unknown Source) ~[?:?]
	at java.lang.ClassLoader.loadClass(Unknown Source) ~[?:?]
	at net.minecraftforge.eventbus.EventSubclassTransformer.buildEvents(EventSubclassTransformer.java:92) ~[eventbus-6.0.3.jar:?]
	at net.minecraftforge.eventbus.EventSubclassTransformer.transform(EventSubclassTransformer.java:44) ~[eventbus-6.0.3.jar:?]
	at net.minecraftforge.eventbus.EventBusEngine.processClass(EventBusEngine.java:26) ~[eventbus-6.0.3.jar:?]
	at net.minecraftforge.eventbus.service.ModLauncherService.processClassWithFlags(ModLauncherService.java:32) ~[eventbus-6.0.3.jar:6.0.3+6.0.3+master.039e4ea9]
	at cpw.mods.modlauncher.LaunchPluginHandler.offerClassNodeToPlugins(LaunchPluginHandler.java:88) ~[modlauncher-10.0.8.jar:?]
	at cpw.mods.modlauncher.ClassTransformer.transform(ClassTransformer.java:120) ~[modlauncher-10.0.8.jar:?]
	at cpw.mods.modlauncher.TransformingClassLoader.maybeTransformClassBytes(TransformingClassLoader.java:50) ~[modlauncher-10.0.8.jar:?]
	at cpw.mods.cl.ModuleClassLoader.readerToClass(ModuleClassLoader.java:113) ~[securejarhandler-2.1.4.jar:?]
	at cpw.mods.cl.ModuleClassLoader.lambda$findClass$15(ModuleClassLoader.java:219) ~[securejarhandler-2.1.4.jar:?]
	at cpw.mods.cl.ModuleClassLoader.loadFromModule(ModuleClassLoader.java:229) ~[securejarhandler-2.1.4.jar:?]
	at cpw.mods.cl.ModuleClassLoader.findClass(ModuleClassLoader.java:219) ~[securejarhandler-2.1.4.jar:?]
	at cpw.mods.cl.ModuleClassLoader.loadClass(ModuleClassLoader.java:135) ~[securejarhandler-2.1.4.jar:?]
	at java.lang.ClassLoader.loadClass(Unknown Source) ~[?:?]
	at gg.essential.model.file.ParticleEffectComponents$ParticleAppearanceBillboard$Direction$Companion$1.invoke(ParticlesFile.kt:485) ~[?:?]
	at gg.essential.model.file.ParticleEffectComponents$ParticleAppearanceBillboard$Direction$Companion$1.invoke(ParticlesFile.kt:485) ~[?:?]
	at kotlin.SafePublicationLazyImpl.getValue(LazyJVM.kt:107) ~[?:?]
	at gg.essential.model.file.ParticleEffectComponents$ParticleAppearanceBillboard$Direction$Companion.get$cachedSerializer(ParticlesFile.kt:485) ~[?:?]
	at gg.essential.model.file.ParticleEffectComponents$ParticleAppearanceBillboard$Direction$Companion.serializer(ParticlesFile.kt:485) ~[?:?]
	at gg.essential.model.file.ParticleEffectComponents$ParticleAppearanceBillboard.<clinit>(ParticlesFile.kt:435) ~[?:?]
	at gg.essential.model.file.ParticleEffectComponents$ParticleAppearanceBillboard$$serializer.deserialize(ParticlesFile.kt:435) ~[?:?]
	at gg.essential.model.file.ParticleEffectComponents$ParticleAppearanceBillboard$$serializer.deserialize(ParticlesFile.kt:435) ~[?:?]
	at kotlinx.serialization.json.internal.StreamingJsonDecoder.decodeSerializableValue(StreamingJsonDecoder.kt:69) ~[?:?]
	at kotlinx.serialization.encoding.AbstractDecoder.decodeSerializableValue(AbstractDecoder.kt:43) ~[?:?]
	at kotlinx.serialization.encoding.AbstractDecoder.decodeNullableSerializableElement(AbstractDecoder.kt:78) ~[?:?]
	at gg.essential.model.file.ParticleEffectComponents$$serializer.deserialize(ParticlesFile.kt:178) ~[?:?]
	at gg.essential.model.file.ParticleEffectComponents$$serializer.deserialize(ParticlesFile.kt:178) ~[?:?]
	at kotlinx.serialization.json.internal.StreamingJsonDecoder.decodeSerializableValue(StreamingJsonDecoder.kt:69) ~[?:?]
	at kotlinx.serialization.encoding.AbstractDecoder.decodeSerializableValue(AbstractDecoder.kt:43) ~[?:?]
	at kotlinx.serialization.encoding.AbstractDecoder.decodeSerializableElement(AbstractDecoder.kt:70) ~[?:?]
	at kotlinx.serialization.json.internal.StreamingJsonDecoder.decodeSerializableElement(StreamingJsonDecoder.kt:168) ~[?:?]
	at gg.essential.model.file.ParticlesFile$ParticleEffect$$serializer.deserialize(ParticlesFile.kt:59) ~[?:?]
	at gg.essential.model.file.ParticlesFile$ParticleEffect$$serializer.deserialize(ParticlesFile.kt:59) ~[?:?]
	at kotlinx.serialization.json.internal.StreamingJsonDecoder.decodeSerializableValue(StreamingJsonDecoder.kt:69) ~[?:?]
	at kotlinx.serialization.encoding.AbstractDecoder.decodeSerializableValue(AbstractDecoder.kt:43) ~[?:?]
	at kotlinx.serialization.encoding.AbstractDecoder.decodeSerializableElement(AbstractDecoder.kt:70) ~[?:?]
	at kotlinx.serialization.json.internal.StreamingJsonDecoder.decodeSerializableElement(StreamingJsonDecoder.kt:168) ~[?:?]
	at gg.essential.model.file.ParticlesFile$$serializer.deserialize(ParticlesFile.kt:52) ~[?:?]
	at gg.essential.model.file.ParticlesFile$$serializer.deserialize(ParticlesFile.kt:52) ~[?:?]
	at kotlinx.serialization.json.internal.StreamingJsonDecoder.decodeSerializableValue(StreamingJsonDecoder.kt:69) ~[?:?]
	at kotlinx.serialization.json.Json.decodeFromString(Json.kt:107) ~[?:?]
	at gg.essential.network.connectionmanager.cosmetics.AssetLoader$JsonAssetType$3.invoke(AssetLoader.kt:350) ~[?:?]
	at gg.essential.network.connectionmanager.cosmetics.AssetLoader$JsonAssetType$3.invoke(AssetLoader.kt:349) ~[?:?]
	at gg.essential.network.connectionmanager.cosmetics.AssetLoader$getAsset$1$future$1.invoke(AssetLoader.kt:93) ~[?:?]
	at gg.essential.network.connectionmanager.cosmetics.AssetLoader$getAsset$1$future$1.invoke(AssetLoader.kt:91) ~[?:?]
	at gg.essential.network.connectionmanager.cosmetics.AssetLoader$getAsset$1.invoke$lambda$0(AssetLoader.kt:91) ~[?:?]
	at java.util.concurrent.CompletableFuture$UniApply.tryFire(Unknown Source) ~[?:?]
	at java.util.concurrent.CompletableFuture$Completion.exec(Unknown Source) ~[?:?]
	at java.util.concurrent.ForkJoinTask.doExec(Unknown Source) ~[?:?]
	at java.util.concurrent.ForkJoinPool$WorkQueue.topLevelExec(Unknown Source) ~[?:?]
	at java.util.concurrent.ForkJoinPool.scan(Unknown Source) ~[?:?]
	at java.util.concurrent.ForkJoinPool.runWorker(Unknown Source) ~[?:?]
	at java.util.concurrent.ForkJoinWorkerThread.run(Unknown Source) ~[?:?]
[10:48:21] [ForkJoinPool.commonPool-worker-7/ERROR]: Could not find parent kotlin/jvm/internal/Lambda for class gg/essential/model/file/ParticleEffectComponents$ParticleAppearanceBillboard$FacingCameraMode$Companion$1 in classloader jdk.internal.loader.ClassLoaders$AppClassLoader@76ed5528 on thread Thread[ForkJoinPool.commonPool-worker-7,5,main]
[10:48:21] [ForkJoinPool.commonPool-worker-7/ERROR]: An error occurred building event handler
java.lang.ClassNotFoundException: kotlin.jvm.internal.Lambda
	at jdk.internal.loader.BuiltinClassLoader.loadClass(Unknown Source) ~[?:?]
	at jdk.internal.loader.ClassLoaders$AppClassLoader.loadClass(Unknown Source) ~[?:?]
	at java.lang.ClassLoader.loadClass(Unknown Source) ~[?:?]
	at net.minecraftforge.eventbus.EventSubclassTransformer.buildEvents(EventSubclassTransformer.java:92) ~[eventbus-6.0.3.jar:?]
	at net.minecraftforge.eventbus.EventSubclassTransformer.transform(EventSubclassTransformer.java:44) ~[eventbus-6.0.3.jar:?]
	at net.minecraftforge.eventbus.EventBusEngine.processClass(EventBusEngine.java:26) ~[eventbus-6.0.3.jar:?]
	at net.minecraftforge.eventbus.service.ModLauncherService.processClassWithFlags(ModLauncherService.java:32) ~[eventbus-6.0.3.jar:6.0.3+6.0.3+master.039e4ea9]
	at cpw.mods.modlauncher.LaunchPluginHandler.offerClassNodeToPlugins(LaunchPluginHandler.java:88) ~[modlauncher-10.0.8.jar:?]
	at cpw.mods.modlauncher.ClassTransformer.transform(ClassTransformer.java:120) ~[modlauncher-10.0.8.jar:?]
	at cpw.mods.modlauncher.TransformingClassLoader.maybeTransformClassBytes(TransformingClassLoader.java:50) ~[modlauncher-10.0.8.jar:?]
	at cpw.mods.cl.ModuleClassLoader.readerToClass(ModuleClassLoader.java:113) ~[securejarhandler-2.1.4.jar:?]
	at cpw.mods.cl.ModuleClassLoader.lambda$findClass$15(ModuleClassLoader.java:219) ~[securejarhandler-2.1.4.jar:?]
	at cpw.mods.cl.ModuleClassLoader.loadFromModule(ModuleClassLoader.java:229) ~[securejarhandler-2.1.4.jar:?]
	at cpw.mods.cl.ModuleClassLoader.findClass(ModuleClassLoader.java:219) ~[securejarhandler-2.1.4.jar:?]
	at cpw.mods.cl.ModuleClassLoader.loadClass(ModuleClassLoader.java:135) ~[securejarhandler-2.1.4.jar:?]
	at java.lang.ClassLoader.loadClass(Unknown Source) ~[?:?]
	at gg.essential.model.file.ParticleEffectComponents$ParticleAppearanceBillboard$FacingCameraMode.<clinit>(ParticlesFile.kt:448) ~[?:?]
	at gg.essential.model.file.ParticleEffectComponents$ParticleAppearanceBillboard$FacingCameraMode$$serializer.deserialize(ParticlesFile.kt:448) ~[?:?]
	at gg.essential.model.file.ParticleEffectComponents$ParticleAppearanceBillboard$FacingCameraMode$$serializer.deserialize(ParticlesFile.kt:448) ~[?:?]
	at kotlinx.serialization.json.internal.StreamingJsonDecoder.decodeSerializableValue(StreamingJsonDecoder.kt:69) ~[?:?]
	at kotlinx.serialization.encoding.AbstractDecoder.decodeSerializableValue(AbstractDecoder.kt:43) ~[?:?]
	at kotlinx.serialization.encoding.AbstractDecoder.decodeSerializableElement(AbstractDecoder.kt:70) ~[?:?]
	at kotlinx.serialization.json.internal.StreamingJsonDecoder.decodeSerializableElement(StreamingJsonDecoder.kt:168) ~[?:?]
	at gg.essential.model.file.ParticleEffectComponents$ParticleAppearanceBillboard$$serializer.deserialize(ParticlesFile.kt:435) ~[?:?]
	at gg.essential.model.file.ParticleEffectComponents$ParticleAppearanceBillboard$$serializer.deserialize(ParticlesFile.kt:435) ~[?:?]
	at kotlinx.serialization.json.internal.StreamingJsonDecoder.decodeSerializableValue(StreamingJsonDecoder.kt:69) ~[?:?]
	at kotlinx.serialization.encoding.AbstractDecoder.decodeSerializableValue(AbstractDecoder.kt:43) ~[?:?]
	at kotlinx.serialization.encoding.AbstractDecoder.decodeNullableSerializableElement(AbstractDecoder.kt:78) ~[?:?]
	at gg.essential.model.file.ParticleEffectComponents$$serializer.deserialize(ParticlesFile.kt:178) ~[?:?]
	at gg.essential.model.file.ParticleEffectComponents$$serializer.deserialize(ParticlesFile.kt:178) ~[?:?]
	at kotlinx.serialization.json.internal.StreamingJsonDecoder.decodeSerializableValue(StreamingJsonDecoder.kt:69) ~[?:?]
	at kotlinx.serialization.encoding.AbstractDecoder.decodeSerializableValue(AbstractDecoder.kt:43) ~[?:?]
	at kotlinx.serialization.encoding.AbstractDecoder.decodeSerializableElement(AbstractDecoder.kt:70) ~[?:?]
	at kotlinx.serialization.json.internal.StreamingJsonDecoder.decodeSerializableElement(StreamingJsonDecoder.kt:168) ~[?:?]
	at gg.essential.model.file.ParticlesFile$ParticleEffect$$serializer.deserialize(ParticlesFile.kt:59) ~[?:?]
	at gg.essential.model.file.ParticlesFile$ParticleEffect$$serializer.deserialize(ParticlesFile.kt:59) ~[?:?]
	at kotlinx.serialization.json.internal.StreamingJsonDecoder.decodeSerializableValue(StreamingJsonDecoder.kt:69) ~[?:?]
	at kotlinx.serialization.encoding.AbstractDecoder.decodeSerializableValue(AbstractDecoder.kt:43) ~[?:?]
	at kotlinx.serialization.encoding.AbstractDecoder.decodeSerializableElement(AbstractDecoder.kt:70) ~[?:?]
	at kotlinx.serialization.json.internal.StreamingJsonDecoder.decodeSerializableElement(StreamingJsonDecoder.kt:168) ~[?:?]
	at gg.essential.model.file.ParticlesFile$$serializer.deserialize(ParticlesFile.kt:52) ~[?:?]
	at gg.essential.model.file.ParticlesFile$$serializer.deserialize(ParticlesFile.kt:52) ~[?:?]
	at kotlinx.serialization.json.internal.StreamingJsonDecoder.decodeSerializableValue(StreamingJsonDecoder.kt:69) ~[?:?]
	at kotlinx.serialization.json.Json.decodeFromString(Json.kt:107) ~[?:?]
	at gg.essential.network.connectionmanager.cosmetics.AssetLoader$JsonAssetType$3.invoke(AssetLoader.kt:350) ~[?:?]
	at gg.essential.network.connectionmanager.cosmetics.AssetLoader$JsonAssetType$3.invoke(AssetLoader.kt:349) ~[?:?]
	at gg.essential.network.connectionmanager.cosmetics.AssetLoader$getAsset$1$future$1.invoke(AssetLoader.kt:93) ~[?:?]
	at gg.essential.network.connectionmanager.cosmetics.AssetLoader$getAsset$1$future$1.invoke(AssetLoader.kt:91) ~[?:?]
	at gg.essential.network.connectionmanager.cosmetics.AssetLoader$getAsset$1.invoke$lambda$0(AssetLoader.kt:91) ~[?:?]
	at java.util.concurrent.CompletableFuture$UniApply.tryFire(Unknown Source) ~[?:?]
	at java.util.concurrent.CompletableFuture$Completion.exec(Unknown Source) ~[?:?]
	at java.util.concurrent.ForkJoinTask.doExec(Unknown Source) ~[?:?]
	at java.util.concurrent.ForkJoinPool$WorkQueue.topLevelExec(Unknown Source) ~[?:?]
	at java.util.concurrent.ForkJoinPool.scan(Unknown Source) ~[?:?]
	at java.util.concurrent.ForkJoinPool.runWorker(Unknown Source) ~[?:?]
	at java.util.concurrent.ForkJoinWorkerThread.run(Unknown Source) ~[?:?]
[10:48:21] [ForkJoinPool.commonPool-worker-1/ERROR]: Could not find parent kotlinx/serialization/json/JsonContentPolymorphicSerializer for class gg/essential/model/file/MolangColorOrGradientSerializer in classloader jdk.internal.loader.ClassLoaders$AppClassLoader@76ed5528 on thread Thread[ForkJoinPool.commonPool-worker-1,5,main]
[10:48:21] [ForkJoinPool.commonPool-worker-1/ERROR]: An error occurred building event handler
java.lang.ClassNotFoundException: kotlinx.serialization.json.JsonContentPolymorphicSerializer
	at jdk.internal.loader.BuiltinClassLoader.loadClass(Unknown Source) ~[?:?]
	at jdk.internal.loader.ClassLoaders$AppClassLoader.loadClass(Unknown Source) ~[?:?]
	at java.lang.ClassLoader.loadClass(Unknown Source) ~[?:?]
	at net.minecraftforge.eventbus.EventSubclassTransformer.buildEvents(EventSubclassTransformer.java:92) ~[eventbus-6.0.3.jar:?]
	at net.minecraftforge.eventbus.EventSubclassTransformer.transform(EventSubclassTransformer.java:44) ~[eventbus-6.0.3.jar:?]
	at net.minecraftforge.eventbus.EventBusEngine.processClass(EventBusEngine.java:26) ~[eventbus-6.0.3.jar:?]
	at net.minecraftforge.eventbus.service.ModLauncherService.processClassWithFlags(ModLauncherService.java:32) ~[eventbus-6.0.3.jar:6.0.3+6.0.3+master.039e4ea9]
	at cpw.mods.modlauncher.LaunchPluginHandler.offerClassNodeToPlugins(LaunchPluginHandler.java:88) ~[modlauncher-10.0.8.jar:?]
	at cpw.mods.modlauncher.ClassTransformer.transform(ClassTransformer.java:120) ~[modlauncher-10.0.8.jar:?]
	at cpw.mods.modlauncher.TransformingClassLoader.maybeTransformClassBytes(TransformingClassLoader.java:50) ~[modlauncher-10.0.8.jar:?]
	at cpw.mods.cl.ModuleClassLoader.readerToClass(ModuleClassLoader.java:113) ~[securejarhandler-2.1.4.jar:?]
	at cpw.mods.cl.ModuleClassLoader.lambda$findClass$15(ModuleClassLoader.java:219) ~[securejarhandler-2.1.4.jar:?]
	at cpw.mods.cl.ModuleClassLoader.loadFromModule(ModuleClassLoader.java:229) ~[securejarhandler-2.1.4.jar:?]
	at cpw.mods.cl.ModuleClassLoader.findClass(ModuleClassLoader.java:219) ~[securejarhandler-2.1.4.jar:?]
	at cpw.mods.cl.ModuleClassLoader.loadClass(ModuleClassLoader.java:135) ~[securejarhandler-2.1.4.jar:?]
	at java.lang.ClassLoader.loadClass(Unknown Source) ~[?:?]
	at gg.essential.model.file.ParticleEffectComponents$ParticleAppearanceTinting$$serializer.deserialize(ParticlesFile.kt:552) ~[?:?]
	at gg.essential.model.file.ParticleEffectComponents$ParticleAppearanceTinting$$serializer.deserialize(ParticlesFile.kt:552) ~[?:?]
	at kotlinx.serialization.json.internal.StreamingJsonDecoder.decodeSerializableValue(StreamingJsonDecoder.kt:69) ~[?:?]
	at kotlinx.serialization.encoding.AbstractDecoder.decodeSerializableValue(AbstractDecoder.kt:43) ~[?:?]
	at kotlinx.serialization.encoding.AbstractDecoder.decodeNullableSerializableElement(AbstractDecoder.kt:78) ~[?:?]
	at gg.essential.model.file.ParticleEffectComponents$$serializer.deserialize(ParticlesFile.kt:178) ~[?:?]
	at gg.essential.model.file.ParticleEffectComponents$$serializer.deserialize(ParticlesFile.kt:178) ~[?:?]
	at kotlinx.serialization.json.internal.StreamingJsonDecoder.decodeSerializableValue(StreamingJsonDecoder.kt:69) ~[?:?]
	at kotlinx.serialization.encoding.AbstractDecoder.decodeSerializableValue(AbstractDecoder.kt:43) ~[?:?]
	at kotlinx.serialization.encoding.AbstractDecoder.decodeSerializableElement(AbstractDecoder.kt:70) ~[?:?]
	at kotlinx.serialization.json.internal.StreamingJsonDecoder.decodeSerializableElement(StreamingJsonDecoder.kt:168) ~[?:?]
	at gg.essential.model.file.ParticlesFile$ParticleEffect$$serializer.deserialize(ParticlesFile.kt:59) ~[?:?]
	at gg.essential.model.file.ParticlesFile$ParticleEffect$$serializer.deserialize(ParticlesFile.kt:59) ~[?:?]
	at kotlinx.serialization.json.internal.StreamingJsonDecoder.decodeSerializableValue(StreamingJsonDecoder.kt:69) ~[?:?]
	at kotlinx.serialization.encoding.AbstractDecoder.decodeSerializableValue(AbstractDecoder.kt:43) ~[?:?]
	at kotlinx.serialization.encoding.AbstractDecoder.decodeSerializableElement(AbstractDecoder.kt:70) ~[?:?]
	at kotlinx.serialization.json.internal.StreamingJsonDecoder.decodeSerializableElement(StreamingJsonDecoder.kt:168) ~[?:?]
	at gg.essential.model.file.ParticlesFile$$serializer.deserialize(ParticlesFile.kt:52) ~[?:?]
	at gg.essential.model.file.ParticlesFile$$serializer.deserialize(ParticlesFile.kt:52) ~[?:?]
	at kotlinx.serialization.json.internal.StreamingJsonDecoder.decodeSerializableValue(StreamingJsonDecoder.kt:69) ~[?:?]
	at kotlinx.serialization.json.Json.decodeFromString(Json.kt:107) ~[?:?]
	at gg.essential.network.connectionmanager.cosmetics.AssetLoader$JsonAssetType$3.invoke(AssetLoader.kt:350) ~[?:?]
	at gg.essential.network.connectionmanager.cosmetics.AssetLoader$JsonAssetType$3.invoke(AssetLoader.kt:349) ~[?:?]
	at gg.essential.network.connectionmanager.cosmetics.AssetLoader$getAsset$1$future$1.invoke(AssetLoader.kt:93) ~[?:?]
	at gg.essential.network.connectionmanager.cosmetics.AssetLoader$getAsset$1$future$1.invoke(AssetLoader.kt:91) ~[?:?]
	at gg.essential.network.connectionmanager.cosmetics.AssetLoader$getAsset$1.invoke$lambda$0(AssetLoader.kt:91) ~[?:?]
	at java.util.concurrent.CompletableFuture$UniApply.tryFire(Unknown Source) ~[?:?]
	at java.util.concurrent.CompletableFuture$Completion.exec(Unknown Source) ~[?:?]
	at java.util.concurrent.ForkJoinTask.doExec(Unknown Source) ~[?:?]
	at java.util.concurrent.ForkJoinPool$WorkQueue.topLevelExec(Unknown Source) ~[?:?]
	at java.util.concurrent.ForkJoinPool.scan(Unknown Source) ~[?:?]
	at java.util.concurrent.ForkJoinPool.runWorker(Unknown Source) ~[?:?]
	at java.util.concurrent.ForkJoinWorkerThread.run(Unknown Source) ~[?:?]
[10:48:21] [ForkJoinPool.commonPool-worker-3/ERROR]: Could not find parent kotlin/jvm/internal/Lambda for class gg/essential/model/molang/ComparisonExpr$Op$1 in classloader jdk.internal.loader.ClassLoaders$AppClassLoader@76ed5528 on thread Thread[ForkJoinPool.commonPool-worker-3,5,main]
[10:48:21] [ForkJoinPool.commonPool-worker-3/ERROR]: An error occurred building event handler
java.lang.ClassNotFoundException: kotlin.jvm.internal.Lambda
	at jdk.internal.loader.BuiltinClassLoader.loadClass(Unknown Source) ~[?:?]
	at jdk.internal.loader.ClassLoaders$AppClassLoader.loadClass(Unknown Source) ~[?:?]
	at java.lang.ClassLoader.loadClass(Unknown Source) ~[?:?]
	at net.minecraftforge.eventbus.EventSubclassTransformer.buildEvents(EventSubclassTransformer.java:92) ~[eventbus-6.0.3.jar:?]
	at net.minecraftforge.eventbus.EventSubclassTransformer.transform(EventSubclassTransformer.java:44) ~[eventbus-6.0.3.jar:?]
	at net.minecraftforge.eventbus.EventBusEngine.processClass(EventBusEngine.java:26) ~[eventbus-6.0.3.jar:?]
	at net.minecraftforge.eventbus.service.ModLauncherService.processClassWithFlags(ModLauncherService.java:32) ~[eventbus-6.0.3.jar:6.0.3+6.0.3+master.039e4ea9]
	at cpw.mods.modlauncher.LaunchPluginHandler.offerClassNodeToPlugins(LaunchPluginHandler.java:88) ~[modlauncher-10.0.8.jar:?]
	at cpw.mods.modlauncher.ClassTransformer.transform(ClassTransformer.java:120) ~[modlauncher-10.0.8.jar:?]
	at cpw.mods.modlauncher.TransformingClassLoader.maybeTransformClassBytes(TransformingClassLoader.java:50) ~[modlauncher-10.0.8.jar:?]
	at cpw.mods.cl.ModuleClassLoader.readerToClass(ModuleClassLoader.java:113) ~[securejarhandler-2.1.4.jar:?]
	at cpw.mods.cl.ModuleClassLoader.lambda$findClass$15(ModuleClassLoader.java:219) ~[securejarhandler-2.1.4.jar:?]
	at cpw.mods.cl.ModuleClassLoader.loadFromModule(ModuleClassLoader.java:229) ~[securejarhandler-2.1.4.jar:?]
	at cpw.mods.cl.ModuleClassLoader.findClass(ModuleClassLoader.java:219) ~[securejarhandler-2.1.4.jar:?]
	at cpw.mods.cl.ModuleClassLoader.loadClass(ModuleClassLoader.java:135) ~[securejarhandler-2.1.4.jar:?]
	at java.lang.ClassLoader.loadClass(Unknown Source) ~[?:?]
	at gg.essential.model.molang.ComparisonExpr$Op.<clinit>(MolangExpression.kt:169) ~[?:?]
	at gg.essential.model.molang.Parser.parseComparisons(MolangExpression.kt:428) ~[?:?]
	at gg.essential.model.molang.Parser.parseEqualityChecks(MolangExpression.kt:434) ~[?:?]
	at gg.essential.model.molang.Parser.parseLogicalAnds(MolangExpression.kt:443) ~[?:?]
	at gg.essential.model.molang.Parser.parseLogicalOrs(MolangExpression.kt:453) ~[?:?]
	at gg.essential.model.molang.Parser.parseTernary(MolangExpression.kt:463) ~[?:?]
	at gg.essential.model.molang.Parser.parseNullCoalescing(MolangExpression.kt:475) ~[?:?]
	at gg.essential.model.molang.Parser.parseExpression(MolangExpression.kt:479) ~[?:?]
	at gg.essential.model.molang.Parser.parseSimpleExpression(MolangExpression.kt:339) ~[?:?]
	at gg.essential.model.molang.Parser.parseProduct(MolangExpression.kt:401) ~[?:?]
	at gg.essential.model.molang.Parser.parseSum(MolangExpression.kt:412) ~[?:?]
	at gg.essential.model.molang.Parser.parseComparisons(MolangExpression.kt:423) ~[?:?]
	at gg.essential.model.molang.Parser.parseEqualityChecks(MolangExpression.kt:434) ~[?:?]
	at gg.essential.model.molang.Parser.parseLogicalAnds(MolangExpression.kt:443) ~[?:?]
	at gg.essential.model.molang.Parser.parseLogicalOrs(MolangExpression.kt:453) ~[?:?]
	at gg.essential.model.molang.Parser.parseTernary(MolangExpression.kt:463) ~[?:?]
	at gg.essential.model.molang.Parser.parseNullCoalescing(MolangExpression.kt:475) ~[?:?]
	at gg.essential.model.molang.Parser.parseExpression(MolangExpression.kt:479) ~[?:?]
	at gg.essential.model.molang.Parser.parseSimpleExpression(MolangExpression.kt:339) ~[?:?]
	at gg.essential.model.molang.Parser.parseProduct(MolangExpression.kt:401) ~[?:?]
	at gg.essential.model.molang.Parser.parseSum(MolangExpression.kt:412) ~[?:?]
	at gg.essential.model.molang.Parser.parseComparisons(MolangExpression.kt:423) ~[?:?]
	at gg.essential.model.molang.Parser.parseEqualityChecks(MolangExpression.kt:434) ~[?:?]
	at gg.essential.model.molang.Parser.parseLogicalAnds(MolangExpression.kt:443) ~[?:?]
	at gg.essential.model.molang.Parser.parseLogicalOrs(MolangExpression.kt:453) ~[?:?]
	at gg.essential.model.molang.Parser.parseTernary(MolangExpression.kt:463) ~[?:?]
	at gg.essential.model.molang.Parser.parseNullCoalescing(MolangExpression.kt:475) ~[?:?]
	at gg.essential.model.molang.Parser.parseExpression(MolangExpression.kt:479) ~[?:?]
	at gg.essential.model.molang.Parser.parseAssignment(MolangExpression.kt:483) ~[?:?]
	at gg.essential.model.molang.Parser.parseStatement(MolangExpression.kt:497) ~[?:?]
	at gg.essential.model.molang.Parser.parseStatements(MolangExpression.kt:502) ~[?:?]
	at gg.essential.model.molang.Parser.parseMolang(MolangExpression.kt:516) ~[?:?]
	at gg.essential.model.molang.Parser.fullyParseMolang(MolangExpression.kt:520) ~[?:?]
	at gg.essential.model.molang.Parser.tryFullyParseMolang(MolangExpression.kt:528) ~[?:?]
	at gg.essential.model.molang.MolangExpressionKt.parseMolangExpression(MolangExpression.kt:536) ~[?:?]
	at gg.essential.model.molang.MolangSerializer.deserialize(MolangExpression.kt:545) ~[?:?]
	at gg.essential.model.molang.MolangSerializer.deserialize(MolangExpression.kt:538) ~[?:?]
	at kotlinx.serialization.json.internal.PolymorphicKt.decodeSerializableValuePolymorphic(Polymorphic.kt:77) ~[?:?]
	at kotlinx.serialization.json.internal.AbstractJsonTreeDecoder.decodeSerializableValue(TreeJsonDecoder.kt:52) ~[?:?]
	at kotlinx.serialization.internal.TaggedDecoder.decodeSerializableValue(Tagged.kt:207) ~[?:?]
	at kotlinx.serialization.internal.TaggedDecoder$decodeSerializableElement$1.invoke(Tagged.kt:279) ~[?:?]
	at kotlinx.serialization.internal.TaggedDecoder.tagBlock(Tagged.kt:294) ~[?:?]
	at kotlinx.serialization.internal.TaggedDecoder.decodeSerializableElement(Tagged.kt:279) ~[?:?]
	at kotlinx.serialization.encoding.CompositeDecoder$DefaultImpls.decodeSerializableElement$default(Decoding.kt:538) ~[?:?]
	at kotlinx.serialization.internal.KeyValueSerializer.deserialize(Tuples.kt:50) ~[?:?]
	at kotlinx.serialization.json.internal.PolymorphicKt.decodeSerializableValuePolymorphic(Polymorphic.kt:77) ~[?:?]
	at kotlinx.serialization.json.internal.AbstractJsonTreeDecoder.decodeSerializableValue(TreeJsonDecoder.kt:52) ~[?:?]
	at kotlinx.serialization.json.internal.TreeJsonDecoderKt.readJson(TreeJsonDecoder.kt:25) ~[?:?]
	at kotlinx.serialization.json.Json.decodeFromJsonElement(Json.kt:127) ~[?:?]
	at kotlinx.serialization.json.JsonTransformingSerializer.deserialize(JsonTransformingSerializer.kt:78) ~[?:?]
	at kotlinx.serialization.json.internal.StreamingJsonDecoder.decodeSerializableValue(StreamingJsonDecoder.kt:69) ~[?:?]
	at kotlinx.serialization.encoding.AbstractDecoder.decodeSerializableValue(AbstractDecoder.kt:43) ~[?:?]
	at kotlinx.serialization.encoding.AbstractDecoder.decodeNullableSerializableElement(AbstractDecoder.kt:78) ~[?:?]
	at gg.essential.model.file.ParticleEffectComponents$ParticleAppearanceBillboard$UV$$serializer.deserialize(ParticlesFile.kt:510) ~[?:?]
	at gg.essential.model.file.ParticleEffectComponents$ParticleAppearanceBillboard$UV$$serializer.deserialize(ParticlesFile.kt:510) ~[?:?]
	at kotlinx.serialization.json.internal.StreamingJsonDecoder.decodeSerializableValue(StreamingJsonDecoder.kt:69) ~[?:?]
	at kotlinx.serialization.encoding.AbstractDecoder.decodeSerializableValue(AbstractDecoder.kt:43) ~[?:?]
	at kotlinx.serialization.encoding.AbstractDecoder.decodeSerializableElement(AbstractDecoder.kt:70) ~[?:?]
	at kotlinx.serialization.json.internal.StreamingJsonDecoder.decodeSerializableElement(StreamingJsonDecoder.kt:168) ~[?:?]
	at gg.essential.model.file.ParticleEffectComponents$ParticleAppearanceBillboard$$serializer.deserialize(ParticlesFile.kt:435) ~[?:?]
	at gg.essential.model.file.ParticleEffectComponents$ParticleAppearanceBillboard$$serializer.deserialize(ParticlesFile.kt:435) ~[?:?]
	at kotlinx.serialization.json.internal.StreamingJsonDecoder.decodeSerializableValue(StreamingJsonDecoder.kt:69) ~[?:?]
	at kotlinx.serialization.encoding.AbstractDecoder.decodeSerializableValue(AbstractDecoder.kt:43) ~[?:?]
	at kotlinx.serialization.encoding.AbstractDecoder.decodeNullableSerializableElement(AbstractDecoder.kt:78) ~[?:?]
	at gg.essential.model.file.ParticleEffectComponents$$serializer.deserialize(ParticlesFile.kt:178) ~[?:?]
	at gg.essential.model.file.ParticleEffectComponents$$serializer.deserialize(ParticlesFile.kt:178) ~[?:?]
	at kotlinx.serialization.json.internal.StreamingJsonDecoder.decodeSerializableValue(StreamingJsonDecoder.kt:69) ~[?:?]
	at kotlinx.serialization.encoding.AbstractDecoder.decodeSerializableValue(AbstractDecoder.kt:43) ~[?:?]
	at kotlinx.serialization.encoding.AbstractDecoder.decodeSerializableElement(AbstractDecoder.kt:70) ~[?:?]
	at kotlinx.serialization.json.internal.StreamingJsonDecoder.decodeSerializableElement(StreamingJsonDecoder.kt:168) ~[?:?]
	at gg.essential.model.file.ParticlesFile$ParticleEffect$$serializer.deserialize(ParticlesFile.kt:59) ~[?:?]
	at gg.essential.model.file.ParticlesFile$ParticleEffect$$serializer.deserialize(ParticlesFile.kt:59) ~[?:?]
	at kotlinx.serialization.json.internal.StreamingJsonDecoder.decodeSerializableValue(StreamingJsonDecoder.kt:69) ~[?:?]
	at kotlinx.serialization.encoding.AbstractDecoder.decodeSerializableValue(AbstractDecoder.kt:43) ~[?:?]
	at kotlinx.serialization.encoding.AbstractDecoder.decodeSerializableElement(AbstractDecoder.kt:70) ~[?:?]
	at kotlinx.serialization.json.internal.StreamingJsonDecoder.decodeSerializableElement(StreamingJsonDecoder.kt:168) ~[?:?]
	at gg.essential.model.file.ParticlesFile$$serializer.deserialize(ParticlesFile.kt:52) ~[?:?]
	at gg.essential.model.file.ParticlesFile$$serializer.deserialize(ParticlesFile.kt:52) ~[?:?]
	at kotlinx.serialization.json.internal.StreamingJsonDecoder.decodeSerializableValue(StreamingJsonDecoder.kt:69) ~[?:?]
	at kotlinx.serialization.json.Json.decodeFromString(Json.kt:107) ~[?:?]
	at gg.essential.network.connectionmanager.cosmetics.AssetLoader$JsonAssetType$3.invoke(AssetLoader.kt:350) ~[?:?]
	at gg.essential.network.connectionmanager.cosmetics.AssetLoader$JsonAssetType$3.invoke(AssetLoader.kt:349) ~[?:?]
	at gg.essential.network.connectionmanager.cosmetics.AssetLoader$getAsset$1$future$1.invoke(AssetLoader.kt:93) ~[?:?]
	at gg.essential.network.connectionmanager.cosmetics.AssetLoader$getAsset$1$future$1.invoke(AssetLoader.kt:91) ~[?:?]
	at gg.essential.network.connectionmanager.cosmetics.AssetLoader$getAsset$1.invoke$lambda$0(AssetLoader.kt:91) ~[?:?]
	at java.util.concurrent.CompletableFuture$UniApply.tryFire(Unknown Source) ~[?:?]
	at java.util.concurrent.CompletableFuture$Completion.exec(Unknown Source) ~[?:?]
	at java.util.concurrent.ForkJoinTask.doExec(Unknown Source) ~[?:?]
	at java.util.concurrent.ForkJoinPool$WorkQueue.topLevelExec(Unknown Source) ~[?:?]
	at java.util.concurrent.ForkJoinPool.scan(Unknown Source) ~[?:?]
	at java.util.concurrent.ForkJoinPool.runWorker(Unknown Source) ~[?:?]
	at java.util.concurrent.ForkJoinWorkerThread.run(Unknown Source) ~[?:?]
[10:48:21] [ForkJoinPool.commonPool-worker-3/ERROR]: Could not find parent kotlin/jvm/internal/Lambda for class gg/essential/model/molang/ComparisonExpr$Op$2 in classloader jdk.internal.loader.ClassLoaders$AppClassLoader@76ed5528 on thread Thread[ForkJoinPool.commonPool-worker-3,5,main]
[10:48:21] [ForkJoinPool.commonPool-worker-1/ERROR]: Could not find parent kotlinx/serialization/json/JsonContentPolymorphicSerializer for class gg/essential/model/file/MolangColorSerializer in classloader jdk.internal.loader.ClassLoaders$AppClassLoader@76ed5528 on thread Thread[ForkJoinPool.commonPool-worker-1,5,main]
[10:48:21] [ForkJoinPool.commonPool-worker-1/ERROR]: An error occurred building event handler
java.lang.ClassNotFoundException: kotlinx.serialization.json.JsonContentPolymorphicSerializer
	at jdk.internal.loader.BuiltinClassLoader.loadClass(Unknown Source) ~[?:?]
	at jdk.internal.loader.ClassLoaders$AppClassLoader.loadClass(Unknown Source) ~[?:?]
	at java.lang.ClassLoader.loadClass(Unknown Source) ~[?:?]
	at net.minecraftforge.eventbus.EventSubclassTransformer.buildEvents(EventSubclassTransformer.java:92) ~[eventbus-6.0.3.jar:?]
	at net.minecraftforge.eventbus.EventSubclassTransformer.transform(EventSubclassTransformer.java:44) ~[eventbus-6.0.3.jar:?]
	at net.minecraftforge.eventbus.EventBusEngine.processClass(EventBusEngine.java:26) ~[eventbus-6.0.3.jar:?]
	at net.minecraftforge.eventbus.service.ModLauncherService.processClassWithFlags(ModLauncherService.java:32) ~[eventbus-6.0.3.jar:6.0.3+6.0.3+master.039e4ea9]
	at cpw.mods.modlauncher.LaunchPluginHandler.offerClassNodeToPlugins(LaunchPluginHandler.java:88) ~[modlauncher-10.0.8.jar:?]
	at cpw.mods.modlauncher.ClassTransformer.transform(ClassTransformer.java:120) ~[modlauncher-10.0.8.jar:?]
	at cpw.mods.modlauncher.TransformingClassLoader.maybeTransformClassBytes(TransformingClassLoader.java:50) ~[modlauncher-10.0.8.jar:?]
	at cpw.mods.cl.ModuleClassLoader.readerToClass(ModuleClassLoader.java:113) ~[securejarhandler-2.1.4.jar:?]
	at cpw.mods.cl.ModuleClassLoader.lambda$findClass$15(ModuleClassLoader.java:219) ~[securejarhandler-2.1.4.jar:?]
	at cpw.mods.cl.ModuleClassLoader.loadFromModule(ModuleClassLoader.java:229) ~[securejarhandler-2.1.4.jar:?]
	at cpw.mods.cl.ModuleClassLoader.findClass(ModuleClassLoader.java:219) ~[securejarhandler-2.1.4.jar:?]
	at cpw.mods.cl.ModuleClassLoader.loadClass(ModuleClassLoader.java:135) ~[securejarhandler-2.1.4.jar:?]
	at java.lang.ClassLoader.loadClass(Unknown Source) ~[?:?]
	at gg.essential.model.file.MolangColor$Companion.serializer(ParticlesFile.kt:680) ~[?:?]
	at gg.essential.model.file.MolangGradientMapSerializer.<clinit>(ParticlesFile.kt:768) ~[?:?]
	at gg.essential.model.file.MolangGradient$$serializer.deserialize(ParticlesFile.kt:700) ~[?:?]
	at gg.essential.model.file.MolangGradient$$serializer.deserialize(ParticlesFile.kt:700) ~[?:?]
	at kotlinx.serialization.json.internal.PolymorphicKt.decodeSerializableValuePolymorphic(Polymorphic.kt:77) ~[?:?]
	at kotlinx.serialization.json.internal.AbstractJsonTreeDecoder.decodeSerializableValue(TreeJsonDecoder.kt:52) ~[?:?]
	at kotlinx.serialization.json.internal.TreeJsonDecoderKt.readJson(TreeJsonDecoder.kt:25) ~[?:?]
	at kotlinx.serialization.json.Json.decodeFromJsonElement(Json.kt:127) ~[?:?]
	at kotlinx.serialization.json.JsonContentPolymorphicSerializer.deserialize(JsonContentPolymorphicSerializer.kt:94) ~[?:?]
	at kotlinx.serialization.json.internal.StreamingJsonDecoder.decodeSerializableValue(StreamingJsonDecoder.kt:69) ~[?:?]
	at kotlinx.serialization.encoding.AbstractDecoder.decodeSerializableValue(AbstractDecoder.kt:43) ~[?:?]
	at kotlinx.serialization.encoding.AbstractDecoder.decodeSerializableElement(AbstractDecoder.kt:70) ~[?:?]
	at kotlinx.serialization.json.internal.StreamingJsonDecoder.decodeSerializableElement(StreamingJsonDecoder.kt:168) ~[?:?]
	at gg.essential.model.file.ParticleEffectComponents$ParticleAppearanceTinting$$serializer.deserialize(ParticlesFile.kt:552) ~[?:?]
	at gg.essential.model.file.ParticleEffectComponents$ParticleAppearanceTinting$$serializer.deserialize(ParticlesFile.kt:552) ~[?:?]
	at kotlinx.serialization.json.internal.StreamingJsonDecoder.decodeSerializableValue(StreamingJsonDecoder.kt:69) ~[?:?]
	at kotlinx.serialization.encoding.AbstractDecoder.decodeSerializableValue(AbstractDecoder.kt:43) ~[?:?]
	at kotlinx.serialization.encoding.AbstractDecoder.decodeNullableSerializableElement(AbstractDecoder.kt:78) ~[?:?]
	at gg.essential.model.file.ParticleEffectComponents$$serializer.deserialize(ParticlesFile.kt:178) ~[?:?]
	at gg.essential.model.file.ParticleEffectComponents$$serializer.deserialize(ParticlesFile.kt:178) ~[?:?]
	at kotlinx.serialization.json.internal.StreamingJsonDecoder.decodeSerializableValue(StreamingJsonDecoder.kt:69) ~[?:?]
	at kotlinx.serialization.encoding.AbstractDecoder.decodeSerializableValue(AbstractDecoder.kt:43) ~[?:?]
	at kotlinx.serialization.encoding.AbstractDecoder.decodeSerializableElement(AbstractDecoder.kt:70) ~[?:?]
	at kotlinx.serialization.json.internal.StreamingJsonDecoder.decodeSerializableElement(StreamingJsonDecoder.kt:168) ~[?:?]
	at gg.essential.model.file.ParticlesFile$ParticleEffect$$serializer.deserialize(ParticlesFile.kt:59) ~[?:?]
	at gg.essential.model.file.ParticlesFile$ParticleEffect$$serializer.deserialize(ParticlesFile.kt:59) ~[?:?]
	at kotlinx.serialization.json.internal.StreamingJsonDecoder.decodeSerializableValue(StreamingJsonDecoder.kt:69) ~[?:?]
	at kotlinx.serialization.encoding.AbstractDecoder.decodeSerializableValue(AbstractDecoder.kt:43) ~[?:?]
	at kotlinx.serialization.encoding.AbstractDecoder.decodeSerializableElement(AbstractDecoder.kt:70) ~[?:?]
	at kotlinx.serialization.json.internal.StreamingJsonDecoder.decodeSerializableElement(StreamingJsonDecoder.kt:168) ~[?:?]
	at gg.essential.model.file.ParticlesFile$$serializer.deserialize(ParticlesFile.kt:52) ~[?:?]
	at gg.essential.model.file.ParticlesFile$$serializer.deserialize(ParticlesFile.kt:52) ~[?:?]
	at kotlinx.serialization.json.internal.StreamingJsonDecoder.decodeSerializableValue(StreamingJsonDecoder.kt:69) ~[?:?]
	at kotlinx.serialization.json.Json.decodeFromString(Json.kt:107) ~[?:?]
	at gg.essential.network.connectionmanager.cosmetics.AssetLoader$JsonAssetType$3.invoke(AssetLoader.kt:350) ~[?:?]
	at gg.essential.network.connectionmanager.cosmetics.AssetLoader$JsonAssetType$3.invoke(AssetLoader.kt:349) ~[?:?]
	at gg.essential.network.connectionmanager.cosmetics.AssetLoader$getAsset$1$future$1.invoke(AssetLoader.kt:93) ~[?:?]
	at gg.essential.network.connectionmanager.cosmetics.AssetLoader$getAsset$1$future$1.invoke(AssetLoader.kt:91) ~[?:?]
	at gg.essential.network.connectionmanager.cosmetics.AssetLoader$getAsset$1.invoke$lambda$0(AssetLoader.kt:91) ~[?:?]
	at java.util.concurrent.CompletableFuture$UniApply.tryFire(Unknown Source) ~[?:?]
	at java.util.concurrent.CompletableFuture$Completion.exec(Unknown Source) ~[?:?]
	at java.util.concurrent.ForkJoinTask.doExec(Unknown Source) ~[?:?]
	at java.util.concurrent.ForkJoinPool$WorkQueue.topLevelExec(Unknown Source) ~[?:?]
	at java.util.concurrent.ForkJoinPool.scan(Unknown Source) ~[?:?]
	at java.util.concurrent.ForkJoinPool.runWorker(Unknown Source) ~[?:?]
	at java.util.concurrent.ForkJoinWorkerThread.run(Unknown Source) ~[?:?]
[10:48:21] [ForkJoinPool.commonPool-worker-3/ERROR]: An error occurred building event handler
java.lang.ClassNotFoundException: kotlin.jvm.internal.Lambda
	at jdk.internal.loader.BuiltinClassLoader.loadClass(Unknown Source) ~[?:?]
	at jdk.internal.loader.ClassLoaders$AppClassLoader.loadClass(Unknown Source) ~[?:?]
	at java.lang.ClassLoader.loadClass(Unknown Source) ~[?:?]
	at net.minecraftforge.eventbus.EventSubclassTransformer.buildEvents(EventSubclassTransformer.java:92) ~[eventbus-6.0.3.jar:?]
	at net.minecraftforge.eventbus.EventSubclassTransformer.transform(EventSubclassTransformer.java:44) ~[eventbus-6.0.3.jar:?]
	at net.minecraftforge.eventbus.EventBusEngine.processClass(EventBusEngine.java:26) ~[eventbus-6.0.3.jar:?]
	at net.minecraftforge.eventbus.service.ModLauncherService.processClassWithFlags(ModLauncherService.java:32) ~[eventbus-6.0.3.jar:6.0.3+6.0.3+master.039e4ea9]
	at cpw.mods.modlauncher.LaunchPluginHandler.offerClassNodeToPlugins(LaunchPluginHandler.java:88) ~[modlauncher-10.0.8.jar:?]
	at cpw.mods.modlauncher.ClassTransformer.transform(ClassTransformer.java:120) ~[modlauncher-10.0.8.jar:?]
	at cpw.mods.modlauncher.TransformingClassLoader.maybeTransformClassBytes(TransformingClassLoader.java:50) ~[modlauncher-10.0.8.jar:?]
	at cpw.mods.cl.ModuleClassLoader.readerToClass(ModuleClassLoader.java:113) ~[securejarhandler-2.1.4.jar:?]
	at cpw.mods.cl.ModuleClassLoader.lambda$findClass$15(ModuleClassLoader.java:219) ~[securejarhandler-2.1.4.jar:?]
	at cpw.mods.cl.ModuleClassLoader.loadFromModule(ModuleClassLoader.java:229) ~[securejarhandler-2.1.4.jar:?]
	at cpw.mods.cl.ModuleClassLoader.findClass(ModuleClassLoader.java:219) ~[securejarhandler-2.1.4.jar:?]
	at cpw.mods.cl.ModuleClassLoader.loadClass(ModuleClassLoader.java:135) ~[securejarhandler-2.1.4.jar:?]
	at java.lang.ClassLoader.loadClass(Unknown Source) ~[?:?]
	at gg.essential.model.molang.ComparisonExpr$Op.<clinit>(MolangExpression.kt:170) ~[?:?]
	at gg.essential.model.molang.Parser.parseComparisons(MolangExpression.kt:428) ~[?:?]
	at gg.essential.model.molang.Parser.parseEqualityChecks(MolangExpression.kt:434) ~[?:?]
	at gg.essential.model.molang.Parser.parseLogicalAnds(MolangExpression.kt:443) ~[?:?]
	at gg.essential.model.molang.Parser.parseLogicalOrs(MolangExpression.kt:453) ~[?:?]
	at gg.essential.model.molang.Parser.parseTernary(MolangExpression.kt:463) ~[?:?]
	at gg.essential.model.molang.Parser.parseNullCoalescing(MolangExpression.kt:475) ~[?:?]
	at gg.essential.model.molang.Parser.parseExpression(MolangExpression.kt:479) ~[?:?]
	at gg.essential.model.molang.Parser.parseSimpleExpression(MolangExpression.kt:339) ~[?:?]
	at gg.essential.model.molang.Parser.parseProduct(MolangExpression.kt:401) ~[?:?]
	at gg.essential.model.molang.Parser.parseSum(MolangExpression.kt:412) ~[?:?]
	at gg.essential.model.molang.Parser.parseComparisons(MolangExpression.kt:423) ~[?:?]
	at gg.essential.model.molang.Parser.parseEqualityChecks(MolangExpression.kt:434) ~[?:?]
	at gg.essential.model.molang.Parser.parseLogicalAnds(MolangExpression.kt:443) ~[?:?]
	at gg.essential.model.molang.Parser.parseLogicalOrs(MolangExpression.kt:453) ~[?:?]
	at gg.essential.model.molang.Parser.parseTernary(MolangExpression.kt:463) ~[?:?]
	at gg.essential.model.molang.Parser.parseNullCoalescing(MolangExpression.kt:475) ~[?:?]
	at gg.essential.model.molang.Parser.parseExpression(MolangExpression.kt:479) ~[?:?]
	at gg.essential.model.molang.Parser.parseSimpleExpression(MolangExpression.kt:339) ~[?:?]
	at gg.essential.model.molang.Parser.parseProduct(MolangExpression.kt:401) ~[?:?]
	at gg.essential.model.molang.Parser.parseSum(MolangExpression.kt:412) ~[?:?]
	at gg.essential.model.molang.Parser.parseComparisons(MolangExpression.kt:423) ~[?:?]
	at gg.essential.model.molang.Parser.parseEqualityChecks(MolangExpression.kt:434) ~[?:?]
	at gg.essential.model.molang.Parser.parseLogicalAnds(MolangExpression.kt:443) ~[?:?]
	at gg.essential.model.molang.Parser.parseLogicalOrs(MolangExpression.kt:453) ~[?:?]
	at gg.essential.model.molang.Parser.parseTernary(MolangExpression.kt:463) ~[?:?]
	at gg.essential.model.molang.Parser.parseNullCoalescing(MolangExpression.kt:475) ~[?:?]
	at gg.essential.model.molang.Parser.parseExpression(MolangExpression.kt:479) ~[?:?]
	at gg.essential.model.molang.Parser.parseAssignment(MolangExpression.kt:483) ~[?:?]
	at gg.essential.model.molang.Parser.parseStatement(MolangExpression.kt:497) ~[?:?]
	at gg.essential.model.molang.Parser.parseStatements(MolangExpression.kt:502) ~[?:?]
	at gg.essential.model.molang.Parser.parseMolang(MolangExpression.kt:516) ~[?:?]
	at gg.essential.model.molang.Parser.fullyParseMolang(MolangExpression.kt:520) ~[?:?]
	at gg.essential.model.molang.Parser.tryFullyParseMolang(MolangExpression.kt:528) ~[?:?]
	at gg.essential.model.molang.MolangExpressionKt.parseMolangExpression(MolangExpression.kt:536) ~[?:?]
	at gg.essential.model.molang.MolangSerializer.deserialize(MolangExpression.kt:545) ~[?:?]
	at gg.essential.model.molang.MolangSerializer.deserialize(MolangExpression.kt:538) ~[?:?]
	at kotlinx.serialization.json.internal.PolymorphicKt.decodeSerializableValuePolymorphic(Polymorphic.kt:77) ~[?:?]
	at kotlinx.serialization.json.internal.AbstractJsonTreeDecoder.decodeSerializableValue(TreeJsonDecoder.kt:52) ~[?:?]
	at kotlinx.serialization.internal.TaggedDecoder.decodeSerializableValue(Tagged.kt:207) ~[?:?]
	at kotlinx.serialization.internal.TaggedDecoder$decodeSerializableElement$1.invoke(Tagged.kt:279) ~[?:?]
	at kotlinx.serialization.internal.TaggedDecoder.tagBlock(Tagged.kt:294) ~[?:?]
	at kotlinx.serialization.internal.TaggedDecoder.decodeSerializableElement(Tagged.kt:279) ~[?:?]
	at kotlinx.serialization.encoding.CompositeDecoder$DefaultImpls.decodeSerializableElement$default(Decoding.kt:538) ~[?:?]
	at kotlinx.serialization.internal.KeyValueSerializer.deserialize(Tuples.kt:50) ~[?:?]
	at kotlinx.serialization.json.internal.PolymorphicKt.decodeSerializableValuePolymorphic(Polymorphic.kt:77) ~[?:?]
	at kotlinx.serialization.json.internal.AbstractJsonTreeDecoder.decodeSerializableValue(TreeJsonDecoder.kt:52) ~[?:?]
	at kotlinx.serialization.json.internal.TreeJsonDecoderKt.readJson(TreeJsonDecoder.kt:25) ~[?:?]
	at kotlinx.serialization.json.Json.decodeFromJsonElement(Json.kt:127) ~[?:?]
	at kotlinx.serialization.json.JsonTransformingSerializer.deserialize(JsonTransformingSerializer.kt:78) ~[?:?]
	at kotlinx.serialization.json.internal.StreamingJsonDecoder.decodeSerializableValue(StreamingJsonDecoder.kt:69) ~[?:?]
	at kotlinx.serialization.encoding.AbstractDecoder.decodeSerializableValue(AbstractDecoder.kt:43) ~[?:?]
	at kotlinx.serialization.encoding.AbstractDecoder.decodeNullableSerializableElement(AbstractDecoder.kt:78) ~[?:?]
	at gg.essential.model.file.ParticleEffectComponents$ParticleAppearanceBillboard$UV$$serializer.deserialize(ParticlesFile.kt:510) ~[?:?]
	at gg.essential.model.file.ParticleEffectComponents$ParticleAppearanceBillboard$UV$$serializer.deserialize(ParticlesFile.kt:510) ~[?:?]
	at kotlinx.serialization.json.internal.StreamingJsonDecoder.decodeSerializableValue(StreamingJsonDecoder.kt:69) ~[?:?]
	at kotlinx.serialization.encoding.AbstractDecoder.decodeSerializableValue(AbstractDecoder.kt:43) ~[?:?]
	at kotlinx.serialization.encoding.AbstractDecoder.decodeSerializableElement(AbstractDecoder.kt:70) ~[?:?]
	at kotlinx.serialization.json.internal.StreamingJsonDecoder.decodeSerializableElement(StreamingJsonDecoder.kt:168) ~[?:?]
	at gg.essential.model.file.ParticleEffectComponents$ParticleAppearanceBillboard$$serializer.deserialize(ParticlesFile.kt:435) ~[?:?]
	at gg.essential.model.file.ParticleEffectComponents$ParticleAppearanceBillboard$$serializer.deserialize(ParticlesFile.kt:435) ~[?:?]
	at kotlinx.serialization.json.internal.StreamingJsonDecoder.decodeSerializableValue(StreamingJsonDecoder.kt:69) ~[?:?]
	at kotlinx.serialization.encoding.AbstractDecoder.decodeSerializableValue(AbstractDecoder.kt:43) ~[?:?]
	at kotlinx.serialization.encoding.AbstractDecoder.decodeNullableSerializableElement(AbstractDecoder.kt:78) ~[?:?]
	at gg.essential.model.file.ParticleEffectComponents$$serializer.deserialize(ParticlesFile.kt:178) ~[?:?]
	at gg.essential.model.file.ParticleEffectComponents$$serializer.deserialize(ParticlesFile.kt:178) ~[?:?]
	at kotlinx.serialization.json.internal.StreamingJsonDecoder.decodeSerializableValue(StreamingJsonDecoder.kt:69) ~[?:?]
	at kotlinx.serialization.encoding.AbstractDecoder.decodeSerializableValue(AbstractDecoder.kt:43) ~[?:?]
	at kotlinx.serialization.encoding.AbstractDecoder.decodeSerializableElement(AbstractDecoder.kt:70) ~[?:?]
	at kotlinx.serialization.json.internal.StreamingJsonDecoder.decodeSerializableElement(StreamingJsonDecoder.kt:168) ~[?:?]
	at gg.essential.model.file.ParticlesFile$ParticleEffect$$serializer.deserialize(ParticlesFile.kt:59) ~[?:?]
	at gg.essential.model.file.ParticlesFile$ParticleEffect$$serializer.deserialize(ParticlesFile.kt:59) ~[?:?]
	at kotlinx.serialization.json.internal.StreamingJsonDecoder.decodeSerializableValue(StreamingJsonDecoder.kt:69) ~[?:?]
	at kotlinx.serialization.encoding.AbstractDecoder.decodeSerializableValue(AbstractDecoder.kt:43) ~[?:?]
	at kotlinx.serialization.encoding.AbstractDecoder.decodeSerializableElement(AbstractDecoder.kt:70) ~[?:?]
	at kotlinx.serialization.json.internal.StreamingJsonDecoder.decodeSerializableElement(StreamingJsonDecoder.kt:168) ~[?:?]
	at gg.essential.model.file.ParticlesFile$$serializer.deserialize(ParticlesFile.kt:52) ~[?:?]
	at gg.essential.model.file.ParticlesFile$$serializer.deserialize(ParticlesFile.kt:52) ~[?:?]
	at kotlinx.serialization.json.internal.StreamingJsonDecoder.decodeSerializableValue(StreamingJsonDecoder.kt:69) ~[?:?]
	at kotlinx.serialization.json.Json.decodeFromString(Json.kt:107) ~[?:?]
	at gg.essential.network.connectionmanager.cosmetics.AssetLoader$JsonAssetType$3.invoke(AssetLoader.kt:350) ~[?:?]
	at gg.essential.network.connectionmanager.cosmetics.AssetLoader$JsonAssetType$3.invoke(AssetLoader.kt:349) ~[?:?]
	at gg.essential.network.connectionmanager.cosmetics.AssetLoader$getAsset$1$future$1.invoke(AssetLoader.kt:93) ~[?:?]
	at gg.essential.network.connectionmanager.cosmetics.AssetLoader$getAsset$1$future$1.invoke(AssetLoader.kt:91) ~[?:?]
	at gg.essential.network.connectionmanager.cosmetics.AssetLoader$getAsset$1.invoke$lambda$0(AssetLoader.kt:91) ~[?:?]
	at java.util.concurrent.CompletableFuture$UniApply.tryFire(Unknown Source) ~[?:?]
	at java.util.concurrent.CompletableFuture$Completion.exec(Unknown Source) ~[?:?]
	at java.util.concurrent.ForkJoinTask.doExec(Unknown Source) ~[?:?]
	at java.util.concurrent.ForkJoinPool$WorkQueue.topLevelExec(Unknown Source) ~[?:?]
	at java.util.concurrent.ForkJoinPool.scan(Unknown Source) ~[?:?]
	at java.util.concurrent.ForkJoinPool.runWorker(Unknown Source) ~[?:?]
	at java.util.concurrent.ForkJoinWorkerThread.run(Unknown Source) ~[?:?]
[10:48:21] [ForkJoinPool.commonPool-worker-3/ERROR]: Could not find parent kotlin/jvm/internal/Lambda for class gg/essential/model/molang/ComparisonExpr$Op$3 in classloader jdk.internal.loader.ClassLoaders$AppClassLoader@76ed5528 on thread Thread[ForkJoinPool.commonPool-worker-3,5,main]
[10:48:21] [ForkJoinPool.commonPool-worker-1/ERROR]: Could not find parent gg/essential/lib/kotgl/matrix/vectors/Vec4 for class gg/essential/lib/kotgl/matrix/vectors/ImmutableVec4 in classloader jdk.internal.loader.ClassLoaders$AppClassLoader@76ed5528 on thread Thread[ForkJoinPool.commonPool-worker-1,5,main]
[10:48:21] [ForkJoinPool.commonPool-worker-3/ERROR]: An error occurred building event handler
java.lang.ClassNotFoundException: kotlin.jvm.internal.Lambda
	at jdk.internal.loader.BuiltinClassLoader.loadClass(Unknown Source) ~[?:?]
	at jdk.internal.loader.ClassLoaders$AppClassLoader.loadClass(Unknown Source) ~[?:?]
	at java.lang.ClassLoader.loadClass(Unknown Source) ~[?:?]
	at net.minecraftforge.eventbus.EventSubclassTransformer.buildEvents(EventSubclassTransformer.java:92) ~[eventbus-6.0.3.jar:?]
	at net.minecraftforge.eventbus.EventSubclassTransformer.transform(EventSubclassTransformer.java:44) ~[eventbus-6.0.3.jar:?]
	at net.minecraftforge.eventbus.EventBusEngine.processClass(EventBusEngine.java:26) ~[eventbus-6.0.3.jar:?]
	at net.minecraftforge.eventbus.service.ModLauncherService.processClassWithFlags(ModLauncherService.java:32) ~[eventbus-6.0.3.jar:6.0.3+6.0.3+master.039e4ea9]
	at cpw.mods.modlauncher.LaunchPluginHandler.offerClassNodeToPlugins(LaunchPluginHandler.java:88) ~[modlauncher-10.0.8.jar:?]
	at cpw.mods.modlauncher.ClassTransformer.transform(ClassTransformer.java:120) ~[modlauncher-10.0.8.jar:?]
	at cpw.mods.modlauncher.TransformingClassLoader.maybeTransformClassBytes(TransformingClassLoader.java:50) ~[modlauncher-10.0.8.jar:?]
	at cpw.mods.cl.ModuleClassLoader.readerToClass(ModuleClassLoader.java:113) ~[securejarhandler-2.1.4.jar:?]
	at cpw.mods.cl.ModuleClassLoader.lambda$findClass$15(ModuleClassLoader.java:219) ~[securejarhandler-2.1.4.jar:?]
	at cpw.mods.cl.ModuleClassLoader.loadFromModule(ModuleClassLoader.java:229) ~[securejarhandler-2.1.4.jar:?]
	at cpw.mods.cl.ModuleClassLoader.findClass(ModuleClassLoader.java:219) ~[securejarhandler-2.1.4.jar:?]
	at cpw.mods.cl.ModuleClassLoader.loadClass(ModuleClassLoader.java:135) ~[securejarhandler-2.1.4.jar:?]
	at java.lang.ClassLoader.loadClass(Unknown Source) ~[?:?]
	at gg.essential.model.molang.ComparisonExpr$Op.<clinit>(MolangExpression.kt:171) ~[?:?]
	at gg.essential.model.molang.Parser.parseComparisons(MolangExpression.kt:428) ~[?:?]
	at gg.essential.model.molang.Parser.parseEqualityChecks(MolangExpression.kt:434) ~[?:?]
	at gg.essential.model.molang.Parser.parseLogicalAnds(MolangExpression.kt:443) ~[?:?]
	at gg.essential.model.molang.Parser.parseLogicalOrs(MolangExpression.kt:453) ~[?:?]
	at gg.essential.model.molang.Parser.parseTernary(MolangExpression.kt:463) ~[?:?]
	at gg.essential.model.molang.Parser.parseNullCoalescing(MolangExpression.kt:475) ~[?:?]
	at gg.essential.model.molang.Parser.parseExpression(MolangExpression.kt:479) ~[?:?]
	at gg.essential.model.molang.Parser.parseSimpleExpression(MolangExpression.kt:339) ~[?:?]
	at gg.essential.model.molang.Parser.parseProduct(MolangExpression.kt:401) ~[?:?]
	at gg.essential.model.molang.Parser.parseSum(MolangExpression.kt:412) ~[?:?]
	at gg.essential.model.molang.Parser.parseComparisons(MolangExpression.kt:423) ~[?:?]
	at gg.essential.model.molang.Parser.parseEqualityChecks(MolangExpression.kt:434) ~[?:?]
	at gg.essential.model.molang.Parser.parseLogicalAnds(MolangExpression.kt:443) ~[?:?]
	at gg.essential.model.molang.Parser.parseLogicalOrs(MolangExpression.kt:453) ~[?:?]
	at gg.essential.model.molang.Parser.parseTernary(MolangExpression.kt:463) ~[?:?]
	at gg.essential.model.molang.Parser.parseNullCoalescing(MolangExpression.kt:475) ~[?:?]
	at gg.essential.model.molang.Parser.parseExpression(MolangExpression.kt:479) ~[?:?]
	at gg.essential.model.molang.Parser.parseSimpleExpression(MolangExpression.kt:339) ~[?:?]
	at gg.essential.model.molang.Parser.parseProduct(MolangExpression.kt:401) ~[?:?]
	at gg.essential.model.molang.Parser.parseSum(MolangExpression.kt:412) ~[?:?]
	at gg.essential.model.molang.Parser.parseComparisons(MolangExpression.kt:423) ~[?:?]
	at gg.essential.model.molang.Parser.parseEqualityChecks(MolangExpression.kt:434) ~[?:?]
	at gg.essential.model.molang.Parser.parseLogicalAnds(MolangExpression.kt:443) ~[?:?]
	at gg.essential.model.molang.Parser.parseLogicalOrs(MolangExpression.kt:453) ~[?:?]
	at gg.essential.model.molang.Parser.parseTernary(MolangExpression.kt:463) ~[?:?]
	at gg.essential.model.molang.Parser.parseNullCoalescing(MolangExpression.kt:475) ~[?:?]
	at gg.essential.model.molang.Parser.parseExpression(MolangExpression.kt:479) ~[?:?]
	at gg.essential.model.molang.Parser.parseAssignment(MolangExpression.kt:483) ~[?:?]
	at gg.essential.model.molang.Parser.parseStatement(MolangExpression.kt:497) ~[?:?]
	at gg.essential.model.molang.Parser.parseStatements(MolangExpression.kt:502) ~[?:?]
	at gg.essential.model.molang.Parser.parseMolang(MolangExpression.kt:516) ~[?:?]
	at gg.essential.model.molang.Parser.fullyParseMolang(MolangExpression.kt:520) ~[?:?]
	at gg.essential.model.molang.Parser.tryFullyParseMolang(MolangExpression.kt:528) ~[?:?]
	at gg.essential.model.molang.MolangExpressionKt.parseMolangExpression(MolangExpression.kt:536) ~[?:?]
	at gg.essential.model.molang.MolangSerializer.deserialize(MolangExpression.kt:545) ~[?:?]
	at gg.essential.model.molang.MolangSerializer.deserialize(MolangExpression.kt:538) ~[?:?]
	at kotlinx.serialization.json.internal.PolymorphicKt.decodeSerializableValuePolymorphic(Polymorphic.kt:77) ~[?:?]
	at kotlinx.serialization.json.internal.AbstractJsonTreeDecoder.decodeSerializableValue(TreeJsonDecoder.kt:52) ~[?:?]
	at kotlinx.serialization.internal.TaggedDecoder.decodeSerializableValue(Tagged.kt:207) ~[?:?]
	at kotlinx.serialization.internal.TaggedDecoder$decodeSerializableElement$1.invoke(Tagged.kt:279) ~[?:?]
	at kotlinx.serialization.internal.TaggedDecoder.tagBlock(Tagged.kt:294) ~[?:?]
	at kotlinx.serialization.internal.TaggedDecoder.decodeSerializableElement(Tagged.kt:279) ~[?:?]
	at kotlinx.serialization.encoding.CompositeDecoder$DefaultImpls.decodeSerializableElement$default(Decoding.kt:538) ~[?:?]
	at kotlinx.serialization.internal.KeyValueSerializer.deserialize(Tuples.kt:50) ~[?:?]
	at kotlinx.serialization.json.internal.PolymorphicKt.decodeSerializableValuePolymorphic(Polymorphic.kt:77) ~[?:?]
	at kotlinx.serialization.json.internal.AbstractJsonTreeDecoder.decodeSerializableValue(TreeJsonDecoder.kt:52) ~[?:?]
	at kotlinx.serialization.json.internal.TreeJsonDecoderKt.readJson(TreeJsonDecoder.kt:25) ~[?:?]
	at kotlinx.serialization.json.Json.decodeFromJsonElement(Json.kt:127) ~[?:?]
	at kotlinx.serialization.json.JsonTransformingSerializer.deserialize(JsonTransformingSerializer.kt:78) ~[?:?]
	at kotlinx.serialization.json.internal.StreamingJsonDecoder.decodeSerializableValue(StreamingJsonDecoder.kt:69) ~[?:?]
	at kotlinx.serialization.encoding.AbstractDecoder.decodeSerializableValue(AbstractDecoder.kt:43) ~[?:?]
	at kotlinx.serialization.encoding.AbstractDecoder.decodeNullableSerializableElement(AbstractDecoder.kt:78) ~[?:?]
	at gg.essential.model.file.ParticleEffectComponents$ParticleAppearanceBillboard$UV$$serializer.deserialize(ParticlesFile.kt:510) ~[?:?]
	at gg.essential.model.file.ParticleEffectComponents$ParticleAppearanceBillboard$UV$$serializer.deserialize(ParticlesFile.kt:510) ~[?:?]
	at kotlinx.serialization.json.internal.StreamingJsonDecoder.decodeSerializableValue(StreamingJsonDecoder.kt:69) ~[?:?]
	at kotlinx.serialization.encoding.AbstractDecoder.decodeSerializableValue(AbstractDecoder.kt:43) ~[?:?]
	at kotlinx.serialization.encoding.AbstractDecoder.decodeSerializableElement(AbstractDecoder.kt:70) ~[?:?]
	at kotlinx.serialization.json.internal.StreamingJsonDecoder.decodeSerializableElement(StreamingJsonDecoder.kt:168) ~[?:?]
	at gg.essential.model.file.ParticleEffectComponents$ParticleAppearanceBillboard$$serializer.deserialize(ParticlesFile.kt:435) ~[?:?]
	at gg.essential.model.file.ParticleEffectComponents$ParticleAppearanceBillboard$$serializer.deserialize(ParticlesFile.kt:435) ~[?:?]
	at kotlinx.serialization.json.internal.StreamingJsonDecoder.decodeSerializableValue(StreamingJsonDecoder.kt:69) ~[?:?]
	at kotlinx.serialization.encoding.AbstractDecoder.decodeSerializableValue(AbstractDecoder.kt:43) ~[?:?]
	at kotlinx.serialization.encoding.AbstractDecoder.decodeNullableSerializableElement(AbstractDecoder.kt:78) ~[?:?]
	at gg.essential.model.file.ParticleEffectComponents$$serializer.deserialize(ParticlesFile.kt:178) ~[?:?]
	at gg.essential.model.file.ParticleEffectComponents$$serializer.deserialize(ParticlesFile.kt:178) ~[?:?]
	at kotlinx.serialization.json.internal.StreamingJsonDecoder.decodeSerializableValue(StreamingJsonDecoder.kt:69) ~[?:?]
	at kotlinx.serialization.encoding.AbstractDecoder.decodeSerializableValue(AbstractDecoder.kt:43) ~[?:?]
	at kotlinx.serialization.encoding.AbstractDecoder.decodeSerializableElement(AbstractDecoder.kt:70) ~[?:?]
	at kotlinx.serialization.json.internal.StreamingJsonDecoder.decodeSerializableElement(StreamingJsonDecoder.kt:168) ~[?:?]
	at gg.essential.model.file.ParticlesFile$ParticleEffect$$serializer.deserialize(ParticlesFile.kt:59) ~[?:?]
	at gg.essential.model.file.ParticlesFile$ParticleEffect$$serializer.deserialize(ParticlesFile.kt:59) ~[?:?]
	at kotlinx.serialization.json.internal.StreamingJsonDecoder.decodeSerializableValue(StreamingJsonDecoder.kt:69) ~[?:?]
	at kotlinx.serialization.encoding.AbstractDecoder.decodeSerializableValue(AbstractDecoder.kt:43) ~[?:?]
	at kotlinx.serialization.encoding.AbstractDecoder.decodeSerializableElement(AbstractDecoder.kt:70) ~[?:?]
	at kotlinx.serialization.json.internal.StreamingJsonDecoder.decodeSerializableElement(StreamingJsonDecoder.kt:168) ~[?:?]
	at gg.essential.model.file.ParticlesFile$$serializer.deserialize(ParticlesFile.kt:52) ~[?:?]
	at gg.essential.model.file.ParticlesFile$$serializer.deserialize(ParticlesFile.kt:52) ~[?:?]
	at kotlinx.serialization.json.internal.StreamingJsonDecoder.decodeSerializableValue(StreamingJsonDecoder.kt:69) ~[?:?]
	at kotlinx.serialization.json.Json.decodeFromString(Json.kt:107) ~[?:?]
	at gg.essential.network.connectionmanager.cosmetics.AssetLoader$JsonAssetType$3.invoke(AssetLoader.kt:350) ~[?:?]
	at gg.essential.network.connectionmanager.cosmetics.AssetLoader$JsonAssetType$3.invoke(AssetLoader.kt:349) ~[?:?]
	at gg.essential.network.connectionmanager.cosmetics.AssetLoader$getAsset$1$future$1.invoke(AssetLoader.kt:93) ~[?:?]
	at gg.essential.network.connectionmanager.cosmetics.AssetLoader$getAsset$1$future$1.invoke(AssetLoader.kt:91) ~[?:?]
	at gg.essential.network.connectionmanager.cosmetics.AssetLoader$getAsset$1.invoke$lambda$0(AssetLoader.kt:91) ~[?:?]
	at java.util.concurrent.CompletableFuture$UniApply.tryFire(Unknown Source) ~[?:?]
	at java.util.concurrent.CompletableFuture$Completion.exec(Unknown Source) ~[?:?]
	at java.util.concurrent.ForkJoinTask.doExec(Unknown Source) ~[?:?]
	at java.util.concurrent.ForkJoinPool$WorkQueue.topLevelExec(Unknown Source) ~[?:?]
	at java.util.concurrent.ForkJoinPool.scan(Unknown Source) ~[?:?]
	at java.util.concurrent.ForkJoinPool.runWorker(Unknown Source) ~[?:?]
	at java.util.concurrent.ForkJoinWorkerThread.run(Unknown Source) ~[?:?]
[10:48:21] [ForkJoinPool.commonPool-worker-3/ERROR]: Could not find parent kotlin/jvm/internal/Lambda for class gg/essential/model/molang/ComparisonExpr$Op$4 in classloader jdk.internal.loader.ClassLoaders$AppClassLoader@76ed5528 on thread Thread[ForkJoinPool.commonPool-worker-3,5,main]
[10:48:21] [ForkJoinPool.commonPool-worker-1/ERROR]: An error occurred building event handler
java.lang.ClassNotFoundException: gg.essential.lib.kotgl.matrix.vectors.Vec4
	at jdk.internal.loader.BuiltinClassLoader.loadClass(Unknown Source) ~[?:?]
	at jdk.internal.loader.ClassLoaders$AppClassLoader.loadClass(Unknown Source) ~[?:?]
	at java.lang.ClassLoader.loadClass(Unknown Source) ~[?:?]
	at net.minecraftforge.eventbus.EventSubclassTransformer.buildEvents(EventSubclassTransformer.java:92) ~[eventbus-6.0.3.jar:?]
	at net.minecraftforge.eventbus.EventSubclassTransformer.transform(EventSubclassTransformer.java:44) ~[eventbus-6.0.3.jar:?]
	at net.minecraftforge.eventbus.EventBusEngine.processClass(EventBusEngine.java:26) ~[eventbus-6.0.3.jar:?]
	at net.minecraftforge.eventbus.service.ModLauncherService.processClassWithFlags(ModLauncherService.java:32) ~[eventbus-6.0.3.jar:6.0.3+6.0.3+master.039e4ea9]
	at cpw.mods.modlauncher.LaunchPluginHandler.offerClassNodeToPlugins(LaunchPluginHandler.java:88) ~[modlauncher-10.0.8.jar:?]
	at cpw.mods.modlauncher.ClassTransformer.transform(ClassTransformer.java:120) ~[modlauncher-10.0.8.jar:?]
	at cpw.mods.modlauncher.TransformingClassLoader.maybeTransformClassBytes(TransformingClassLoader.java:50) ~[modlauncher-10.0.8.jar:?]
	at cpw.mods.cl.ModuleClassLoader.readerToClass(ModuleClassLoader.java:113) ~[securejarhandler-2.1.4.jar:?]
	at cpw.mods.cl.ModuleClassLoader.lambda$findClass$15(ModuleClassLoader.java:219) ~[securejarhandler-2.1.4.jar:?]
	at cpw.mods.cl.ModuleClassLoader.loadFromModule(ModuleClassLoader.java:229) ~[securejarhandler-2.1.4.jar:?]
	at cpw.mods.cl.ModuleClassLoader.findClass(ModuleClassLoader.java:219) ~[securejarhandler-2.1.4.jar:?]
	at cpw.mods.cl.ModuleClassLoader.loadClass(ModuleClassLoader.java:135) ~[securejarhandler-2.1.4.jar:?]
	at java.lang.ClassLoader.loadClass(Unknown Source) ~[?:?]
	at gg.essential.lib.kotgl.matrix.vectors.Vectors__VectorsKt.vec4(Vectors.kt:41) ~[?:?]
	at gg.essential.lib.kotgl.matrix.vectors.Vectors.vec4(Unknown Source) ~[?:?]
	at gg.essential.model.file.MolangColorLiteral.<init>(ParticlesFile.kt:685) ~[?:?]
	at gg.essential.model.file.MolangColorLiteral.<init>(ParticlesFile.kt) ~[?:?]
	at gg.essential.model.file.MolangColorLiteralSerializer.deserialize(ParticlesFile.kt:742) ~[?:?]
	at gg.essential.model.file.MolangColorLiteralSerializer.deserialize(ParticlesFile.kt:733) ~[?:?]
	at kotlinx.serialization.json.internal.PolymorphicKt.decodeSerializableValuePolymorphic(Polymorphic.kt:77) ~[?:?]
	at kotlinx.serialization.json.internal.AbstractJsonTreeDecoder.decodeSerializableValue(TreeJsonDecoder.kt:52) ~[?:?]
	at kotlinx.serialization.json.internal.TreeJsonDecoderKt.readJson(TreeJsonDecoder.kt:25) ~[?:?]
	at kotlinx.serialization.json.Json.decodeFromJsonElement(Json.kt:127) ~[?:?]
	at kotlinx.serialization.json.JsonContentPolymorphicSerializer.deserialize(JsonContentPolymorphicSerializer.kt:94) ~[?:?]
	at kotlinx.serialization.json.internal.PolymorphicKt.decodeSerializableValuePolymorphic(Polymorphic.kt:77) ~[?:?]
	at kotlinx.serialization.json.internal.AbstractJsonTreeDecoder.decodeSerializableValue(TreeJsonDecoder.kt:52) ~[?:?]
	at kotlinx.serialization.internal.TaggedDecoder.decodeSerializableValue(Tagged.kt:207) ~[?:?]
	at kotlinx.serialization.internal.TaggedDecoder$decodeSerializableElement$1.invoke(Tagged.kt:279) ~[?:?]
	at kotlinx.serialization.internal.TaggedDecoder.tagBlock(Tagged.kt:294) ~[?:?]
	at kotlinx.serialization.internal.TaggedDecoder.decodeSerializableElement(Tagged.kt:279) ~[?:?]
	at kotlinx.serialization.encoding.CompositeDecoder$DefaultImpls.decodeSerializableElement$default(Decoding.kt:538) ~[?:?]
	at kotlinx.serialization.internal.CollectionLikeSerializer.readElement(CollectionSerializers.kt:80) ~[?:?]
	at kotlinx.serialization.internal.AbstractCollectionSerializer.readElement$default(CollectionSerializers.kt:51) ~[?:?]
	at kotlinx.serialization.internal.AbstractCollectionSerializer.merge(CollectionSerializers.kt:36) ~[?:?]
	at kotlinx.serialization.internal.AbstractCollectionSerializer.deserialize(CollectionSerializers.kt:43) ~[?:?]
	at kotlinx.serialization.json.internal.PolymorphicKt.decodeSerializableValuePolymorphic(Polymorphic.kt:77) ~[?:?]
	at kotlinx.serialization.json.internal.AbstractJsonTreeDecoder.decodeSerializableValue(TreeJsonDecoder.kt:52) ~[?:?]
	at kotlinx.serialization.json.internal.TreeJsonDecoderKt.readJson(TreeJsonDecoder.kt:25) ~[?:?]
	at kotlinx.serialization.json.Json.decodeFromJsonElement(Json.kt:127) ~[?:?]
	at gg.essential.model.file.MolangGradientMapSerializer.deserialize(ParticlesFile.kt:778) ~[?:?]
	at gg.essential.model.file.MolangGradientMapSerializer.deserialize(ParticlesFile.kt:767) ~[?:?]
	at kotlinx.serialization.json.internal.PolymorphicKt.decodeSerializableValuePolymorphic(Polymorphic.kt:77) ~[?:?]
	at kotlinx.serialization.json.internal.AbstractJsonTreeDecoder.decodeSerializableValue(TreeJsonDecoder.kt:52) ~[?:?]
	at kotlinx.serialization.internal.TaggedDecoder.decodeSerializableValue(Tagged.kt:207) ~[?:?]
	at kotlinx.serialization.internal.TaggedDecoder$decodeSerializableElement$1.invoke(Tagged.kt:279) ~[?:?]
	at kotlinx.serialization.internal.TaggedDecoder.tagBlock(Tagged.kt:294) ~[?:?]
	at kotlinx.serialization.internal.TaggedDecoder.decodeSerializableElement(Tagged.kt:279) ~[?:?]
	at gg.essential.model.file.MolangGradient$$serializer.deserialize(ParticlesFile.kt:700) ~[?:?]
	at gg.essential.model.file.MolangGradient$$serializer.deserialize(ParticlesFile.kt:700) ~[?:?]
	at kotlinx.serialization.json.internal.PolymorphicKt.decodeSerializableValuePolymorphic(Polymorphic.kt:77) ~[?:?]
	at kotlinx.serialization.json.internal.AbstractJsonTreeDecoder.decodeSerializableValue(TreeJsonDecoder.kt:52) ~[?:?]
	at kotlinx.serialization.json.internal.TreeJsonDecoderKt.readJson(TreeJsonDecoder.kt:25) ~[?:?]
	at kotlinx.serialization.json.Json.decodeFromJsonElement(Json.kt:127) ~[?:?]
	at kotlinx.serialization.json.JsonContentPolymorphicSerializer.deserialize(JsonContentPolymorphicSerializer.kt:94) ~[?:?]
	at kotlinx.serialization.json.internal.StreamingJsonDecoder.decodeSerializableValue(StreamingJsonDecoder.kt:69) ~[?:?]
	at kotlinx.serialization.encoding.AbstractDecoder.decodeSerializableValue(AbstractDecoder.kt:43) ~[?:?]
	at kotlinx.serialization.encoding.AbstractDecoder.decodeSerializableElement(AbstractDecoder.kt:70) ~[?:?]
	at kotlinx.serialization.json.internal.StreamingJsonDecoder.decodeSerializableElement(StreamingJsonDecoder.kt:168) ~[?:?]
	at gg.essential.model.file.ParticleEffectComponents$ParticleAppearanceTinting$$serializer.deserialize(ParticlesFile.kt:552) ~[?:?]
	at gg.essential.model.file.ParticleEffectComponents$ParticleAppearanceTinting$$serializer.deserialize(ParticlesFile.kt:552) ~[?:?]
	at kotlinx.serialization.json.internal.StreamingJsonDecoder.decodeSerializableValue(StreamingJsonDecoder.kt:69) ~[?:?]
	at kotlinx.serialization.encoding.AbstractDecoder.decodeSerializableValue(AbstractDecoder.kt:43) ~[?:?]
	at kotlinx.serialization.encoding.AbstractDecoder.decodeNullableSerializableElement(AbstractDecoder.kt:78) ~[?:?]
	at gg.essential.model.file.ParticleEffectComponents$$serializer.deserialize(ParticlesFile.kt:178) ~[?:?]
	at gg.essential.model.file.ParticleEffectComponents$$serializer.deserialize(ParticlesFile.kt:178) ~[?:?]
	at kotlinx.serialization.json.internal.StreamingJsonDecoder.decodeSerializableValue(StreamingJsonDecoder.kt:69) ~[?:?]
	at kotlinx.serialization.encoding.AbstractDecoder.decodeSerializableValue(AbstractDecoder.kt:43) ~[?:?]
	at kotlinx.serialization.encoding.AbstractDecoder.decodeSerializableElement(AbstractDecoder.kt:70) ~[?:?]
	at kotlinx.serialization.json.internal.StreamingJsonDecoder.decodeSerializableElement(StreamingJsonDecoder.kt:168) ~[?:?]
	at gg.essential.model.file.ParticlesFile$ParticleEffect$$serializer.deserialize(ParticlesFile.kt:59) ~[?:?]
	at gg.essential.model.file.ParticlesFile$ParticleEffect$$serializer.deserialize(ParticlesFile.kt:59) ~[?:?]
	at kotlinx.serialization.json.internal.StreamingJsonDecoder.decodeSerializableValue(StreamingJsonDecoder.kt:69) ~[?:?]
	at kotlinx.serialization.encoding.AbstractDecoder.decodeSerializableValue(AbstractDecoder.kt:43) ~[?:?]
	at kotlinx.serialization.encoding.AbstractDecoder.decodeSerializableElement(AbstractDecoder.kt:70) ~[?:?]
	at kotlinx.serialization.json.internal.StreamingJsonDecoder.decodeSerializableElement(StreamingJsonDecoder.kt:168) ~[?:?]
	at gg.essential.model.file.ParticlesFile$$serializer.deserialize(ParticlesFile.kt:52) ~[?:?]
	at gg.essential.model.file.ParticlesFile$$serializer.deserialize(ParticlesFile.kt:52) ~[?:?]
	at kotlinx.serialization.json.internal.StreamingJsonDecoder.decodeSerializableValue(StreamingJsonDecoder.kt:69) ~[?:?]
	at kotlinx.serialization.json.Json.decodeFromString(Json.kt:107) ~[?:?]
	at gg.essential.network.connectionmanager.cosmetics.AssetLoader$JsonAssetType$3.invoke(AssetLoader.kt:350) ~[?:?]
	at gg.essential.network.connectionmanager.cosmetics.AssetLoader$JsonAssetType$3.invoke(AssetLoader.kt:349) ~[?:?]
	at gg.essential.network.connectionmanager.cosmetics.AssetLoader$getAsset$1$future$1.invoke(AssetLoader.kt:93) ~[?:?]
	at gg.essential.network.connectionmanager.cosmetics.AssetLoader$getAsset$1$future$1.invoke(AssetLoader.kt:91) ~[?:?]
	at gg.essential.network.connectionmanager.cosmetics.AssetLoader$getAsset$1.invoke$lambda$0(AssetLoader.kt:91) ~[?:?]
	at java.util.concurrent.CompletableFuture$UniApply.tryFire(Unknown Source) ~[?:?]
	at java.util.concurrent.CompletableFuture$Completion.exec(Unknown Source) ~[?:?]
	at java.util.concurrent.ForkJoinTask.doExec(Unknown Source) ~[?:?]
	at java.util.concurrent.ForkJoinPool$WorkQueue.topLevelExec(Unknown Source) ~[?:?]
	at java.util.concurrent.ForkJoinPool.scan(Unknown Source) ~[?:?]
	at java.util.concurrent.ForkJoinPool.runWorker(Unknown Source) ~[?:?]
	at java.util.concurrent.ForkJoinWorkerThread.run(Unknown Source) ~[?:?]
[10:48:21] [ForkJoinPool.commonPool-worker-3/ERROR]: An error occurred building event handler
java.lang.ClassNotFoundException: kotlin.jvm.internal.Lambda
	at jdk.internal.loader.BuiltinClassLoader.loadClass(Unknown Source) ~[?:?]
	at jdk.internal.loader.ClassLoaders$AppClassLoader.loadClass(Unknown Source) ~[?:?]
	at java.lang.ClassLoader.loadClass(Unknown Source) ~[?:?]
	at net.minecraftforge.eventbus.EventSubclassTransformer.buildEvents(EventSubclassTransformer.java:92) ~[eventbus-6.0.3.jar:?]
	at net.minecraftforge.eventbus.EventSubclassTransformer.transform(EventSubclassTransformer.java:44) ~[eventbus-6.0.3.jar:?]
	at net.minecraftforge.eventbus.EventBusEngine.processClass(EventBusEngine.java:26) ~[eventbus-6.0.3.jar:?]
	at net.minecraftforge.eventbus.service.ModLauncherService.processClassWithFlags(ModLauncherService.java:32) ~[eventbus-6.0.3.jar:6.0.3+6.0.3+master.039e4ea9]
	at cpw.mods.modlauncher.LaunchPluginHandler.offerClassNodeToPlugins(LaunchPluginHandler.java:88) ~[modlauncher-10.0.8.jar:?]
	at cpw.mods.modlauncher.ClassTransformer.transform(ClassTransformer.java:120) ~[modlauncher-10.0.8.jar:?]
	at cpw.mods.modlauncher.TransformingClassLoader.maybeTransformClassBytes(TransformingClassLoader.java:50) ~[modlauncher-10.0.8.jar:?]
	at cpw.mods.cl.ModuleClassLoader.readerToClass(ModuleClassLoader.java:113) ~[securejarhandler-2.1.4.jar:?]
	at cpw.mods.cl.ModuleClassLoader.lambda$findClass$15(ModuleClassLoader.java:219) ~[securejarhandler-2.1.4.jar:?]
	at cpw.mods.cl.ModuleClassLoader.loadFromModule(ModuleClassLoader.java:229) ~[securejarhandler-2.1.4.jar:?]
	at cpw.mods.cl.ModuleClassLoader.findClass(ModuleClassLoader.java:219) ~[securejarhandler-2.1.4.jar:?]
	at cpw.mods.cl.ModuleClassLoader.loadClass(ModuleClassLoader.java:135) ~[securejarhandler-2.1.4.jar:?]
	at java.lang.ClassLoader.loadClass(Unknown Source) ~[?:?]
	at gg.essential.model.molang.ComparisonExpr$Op.<clinit>(MolangExpression.kt:172) ~[?:?]
	at gg.essential.model.molang.Parser.parseComparisons(MolangExpression.kt:428) ~[?:?]
	at gg.essential.model.molang.Parser.parseEqualityChecks(MolangExpression.kt:434) ~[?:?]
	at gg.essential.model.molang.Parser.parseLogicalAnds(MolangExpression.kt:443) ~[?:?]
	at gg.essential.model.molang.Parser.parseLogicalOrs(MolangExpression.kt:453) ~[?:?]
	at gg.essential.model.molang.Parser.parseTernary(MolangExpression.kt:463) ~[?:?]
	at gg.essential.model.molang.Parser.parseNullCoalescing(MolangExpression.kt:475) ~[?:?]
	at gg.essential.model.molang.Parser.parseExpression(MolangExpression.kt:479) ~[?:?]
	at gg.essential.model.molang.Parser.parseSimpleExpression(MolangExpression.kt:339) ~[?:?]
	at gg.essential.model.molang.Parser.parseProduct(MolangExpression.kt:401) ~[?:?]
	at gg.essential.model.molang.Parser.parseSum(MolangExpression.kt:412) ~[?:?]
	at gg.essential.model.molang.Parser.parseComparisons(MolangExpression.kt:423) ~[?:?]
	at gg.essential.model.molang.Parser.parseEqualityChecks(MolangExpression.kt:434) ~[?:?]
	at gg.essential.model.molang.Parser.parseLogicalAnds(MolangExpression.kt:443) ~[?:?]
	at gg.essential.model.molang.Parser.parseLogicalOrs(MolangExpression.kt:453) ~[?:?]
	at gg.essential.model.molang.Parser.parseTernary(MolangExpression.kt:463) ~[?:?]
	at gg.essential.model.molang.Parser.parseNullCoalescing(MolangExpression.kt:475) ~[?:?]
	at gg.essential.model.molang.Parser.parseExpression(MolangExpression.kt:479) ~[?:?]
	at gg.essential.model.molang.Parser.parseSimpleExpression(MolangExpression.kt:339) ~[?:?]
	at gg.essential.model.molang.Parser.parseProduct(MolangExpression.kt:401) ~[?:?]
	at gg.essential.model.molang.Parser.parseSum(MolangExpression.kt:412) ~[?:?]
	at gg.essential.model.molang.Parser.parseComparisons(MolangExpression.kt:423) ~[?:?]
	at gg.essential.model.molang.Parser.parseEqualityChecks(MolangExpression.kt:434) ~[?:?]
	at gg.essential.model.molang.Parser.parseLogicalAnds(MolangExpression.kt:443) ~[?:?]
	at gg.essential.model.molang.Parser.parseLogicalOrs(MolangExpression.kt:453) ~[?:?]
	at gg.essential.model.molang.Parser.parseTernary(MolangExpression.kt:463) ~[?:?]
	at gg.essential.model.molang.Parser.parseNullCoalescing(MolangExpression.kt:475) ~[?:?]
	at gg.essential.model.molang.Parser.parseExpression(MolangExpression.kt:479) ~[?:?]
	at gg.essential.model.molang.Parser.parseAssignment(MolangExpression.kt:483) ~[?:?]
	at gg.essential.model.molang.Parser.parseStatement(MolangExpression.kt:497) ~[?:?]
	at gg.essential.model.molang.Parser.parseStatements(MolangExpression.kt:502) ~[?:?]
	at gg.essential.model.molang.Parser.parseMolang(MolangExpression.kt:516) ~[?:?]
	at gg.essential.model.molang.Parser.fullyParseMolang(MolangExpression.kt:520) ~[?:?]
	at gg.essential.model.molang.Parser.tryFullyParseMolang(MolangExpression.kt:528) ~[?:?]
	at gg.essential.model.molang.MolangExpressionKt.parseMolangExpression(MolangExpression.kt:536) ~[?:?]
	at gg.essential.model.molang.MolangSerializer.deserialize(MolangExpression.kt:545) ~[?:?]
	at gg.essential.model.molang.MolangSerializer.deserialize(MolangExpression.kt:538) ~[?:?]
	at kotlinx.serialization.json.internal.PolymorphicKt.decodeSerializableValuePolymorphic(Polymorphic.kt:77) ~[?:?]
	at kotlinx.serialization.json.internal.AbstractJsonTreeDecoder.decodeSerializableValue(TreeJsonDecoder.kt:52) ~[?:?]
	at kotlinx.serialization.internal.TaggedDecoder.decodeSerializableValue(Tagged.kt:207) ~[?:?]
	at kotlinx.serialization.internal.TaggedDecoder$decodeSerializableElement$1.invoke(Tagged.kt:279) ~[?:?]
	at kotlinx.serialization.internal.TaggedDecoder.tagBlock(Tagged.kt:294) ~[?:?]
	at kotlinx.serialization.internal.TaggedDecoder.decodeSerializableElement(Tagged.kt:279) ~[?:?]
	at kotlinx.serialization.encoding.CompositeDecoder$DefaultImpls.decodeSerializableElement$default(Decoding.kt:538) ~[?:?]
	at kotlinx.serialization.internal.KeyValueSerializer.deserialize(Tuples.kt:50) ~[?:?]
	at kotlinx.serialization.json.internal.PolymorphicKt.decodeSerializableValuePolymorphic(Polymorphic.kt:77) ~[?:?]
	at kotlinx.serialization.json.internal.AbstractJsonTreeDecoder.decodeSerializableValue(TreeJsonDecoder.kt:52) ~[?:?]
	at kotlinx.serialization.json.internal.TreeJsonDecoderKt.readJson(TreeJsonDecoder.kt:25) ~[?:?]
	at kotlinx.serialization.json.Json.decodeFromJsonElement(Json.kt:127) ~[?:?]
	at kotlinx.serialization.json.JsonTransformingSerializer.deserialize(JsonTransformingSerializer.kt:78) ~[?:?]
	at kotlinx.serialization.json.internal.StreamingJsonDecoder.decodeSerializableValue(StreamingJsonDecoder.kt:69) ~[?:?]
	at kotlinx.serialization.encoding.AbstractDecoder.decodeSerializableValue(AbstractDecoder.kt:43) ~[?:?]
	at kotlinx.serialization.encoding.AbstractDecoder.decodeNullableSerializableElement(AbstractDecoder.kt:78) ~[?:?]
	at gg.essential.model.file.ParticleEffectComponents$ParticleAppearanceBillboard$UV$$serializer.deserialize(ParticlesFile.kt:510) ~[?:?]
	at gg.essential.model.file.ParticleEffectComponents$ParticleAppearanceBillboard$UV$$serializer.deserialize(ParticlesFile.kt:510) ~[?:?]
	at kotlinx.serialization.json.internal.StreamingJsonDecoder.decodeSerializableValue(StreamingJsonDecoder.kt:69) ~[?:?]
	at kotlinx.serialization.encoding.AbstractDecoder.decodeSerializableValue(AbstractDecoder.kt:43) ~[?:?]
	at kotlinx.serialization.encoding.AbstractDecoder.decodeSerializableElement(AbstractDecoder.kt:70) ~[?:?]
	at kotlinx.serialization.json.internal.StreamingJsonDecoder.decodeSerializableElement(StreamingJsonDecoder.kt:168) ~[?:?]
	at gg.essential.model.file.ParticleEffectComponents$ParticleAppearanceBillboard$$serializer.deserialize(ParticlesFile.kt:435) ~[?:?]
	at gg.essential.model.file.ParticleEffectComponents$ParticleAppearanceBillboard$$serializer.deserialize(ParticlesFile.kt:435) ~[?:?]
	at kotlinx.serialization.json.internal.StreamingJsonDecoder.decodeSerializableValue(StreamingJsonDecoder.kt:69) ~[?:?]
	at kotlinx.serialization.encoding.AbstractDecoder.decodeSerializableValue(AbstractDecoder.kt:43) ~[?:?]
	at kotlinx.serialization.encoding.AbstractDecoder.decodeNullableSerializableElement(AbstractDecoder.kt:78) ~[?:?]
	at gg.essential.model.file.ParticleEffectComponents$$serializer.deserialize(ParticlesFile.kt:178) ~[?:?]
	at gg.essential.model.file.ParticleEffectComponents$$serializer.deserialize(ParticlesFile.kt:178) ~[?:?]
	at kotlinx.serialization.json.internal.StreamingJsonDecoder.decodeSerializableValue(StreamingJsonDecoder.kt:69) ~[?:?]
	at kotlinx.serialization.encoding.AbstractDecoder.decodeSerializableValue(AbstractDecoder.kt:43) ~[?:?]
	at kotlinx.serialization.encoding.AbstractDecoder.decodeSerializableElement(AbstractDecoder.kt:70) ~[?:?]
	at kotlinx.serialization.json.internal.StreamingJsonDecoder.decodeSerializableElement(StreamingJsonDecoder.kt:168) ~[?:?]
	at gg.essential.model.file.ParticlesFile$ParticleEffect$$serializer.deserialize(ParticlesFile.kt:59) ~[?:?]
	at gg.essential.model.file.ParticlesFile$ParticleEffect$$serializer.deserialize(ParticlesFile.kt:59) ~[?:?]
	at kotlinx.serialization.json.internal.StreamingJsonDecoder.decodeSerializableValue(StreamingJsonDecoder.kt:69) ~[?:?]
	at kotlinx.serialization.encoding.AbstractDecoder.decodeSerializableValue(AbstractDecoder.kt:43) ~[?:?]
	at kotlinx.serialization.encoding.AbstractDecoder.decodeSerializableElement(AbstractDecoder.kt:70) ~[?:?]
	at kotlinx.serialization.json.internal.StreamingJsonDecoder.decodeSerializableElement(StreamingJsonDecoder.kt:168) ~[?:?]
	at gg.essential.model.file.ParticlesFile$$serializer.deserialize(ParticlesFile.kt:52) ~[?:?]
	at gg.essential.model.file.ParticlesFile$$serializer.deserialize(ParticlesFile.kt:52) ~[?:?]
	at kotlinx.serialization.json.internal.StreamingJsonDecoder.decodeSerializableValue(StreamingJsonDecoder.kt:69) ~[?:?]
	at kotlinx.serialization.json.Json.decodeFromString(Json.kt:107) ~[?:?]
	at gg.essential.network.connectionmanager.cosmetics.AssetLoader$JsonAssetType$3.invoke(AssetLoader.kt:350) ~[?:?]
	at gg.essential.network.connectionmanager.cosmetics.AssetLoader$JsonAssetType$3.invoke(AssetLoader.kt:349) ~[?:?]
	at gg.essential.network.connectionmanager.cosmetics.AssetLoader$getAsset$1$future$1.invoke(AssetLoader.kt:93) ~[?:?]
	at gg.essential.network.connectionmanager.cosmetics.AssetLoader$getAsset$1$future$1.invoke(AssetLoader.kt:91) ~[?:?]
	at gg.essential.network.connectionmanager.cosmetics.AssetLoader$getAsset$1.invoke$lambda$0(AssetLoader.kt:91) ~[?:?]
	at java.util.concurrent.CompletableFuture$UniApply.tryFire(Unknown Source) ~[?:?]
	at java.util.concurrent.CompletableFuture$Completion.exec(Unknown Source) ~[?:?]
	at java.util.concurrent.ForkJoinTask.doExec(Unknown Source) ~[?:?]
	at java.util.concurrent.ForkJoinPool$WorkQueue.topLevelExec(Unknown Source) ~[?:?]
	at java.util.concurrent.ForkJoinPool.scan(Unknown Source) ~[?:?]
	at java.util.concurrent.ForkJoinPool.runWorker(Unknown Source) ~[?:?]
	at java.util.concurrent.ForkJoinWorkerThread.run(Unknown Source) ~[?:?]
[10:48:21] [ForkJoinPool.commonPool-worker-3/ERROR]: Could not find parent kotlin/jvm/internal/Lambda for class gg/essential/model/molang/ComparisonExpr$Op$5 in classloader jdk.internal.loader.ClassLoaders$AppClassLoader@76ed5528 on thread Thread[ForkJoinPool.commonPool-worker-3,5,main]
[10:48:21] [ForkJoinPool.commonPool-worker-3/ERROR]: An error occurred building event handler
java.lang.ClassNotFoundException: kotlin.jvm.internal.Lambda
	at jdk.internal.loader.BuiltinClassLoader.loadClass(Unknown Source) ~[?:?]
	at jdk.internal.loader.ClassLoaders$AppClassLoader.loadClass(Unknown Source) ~[?:?]
	at java.lang.ClassLoader.loadClass(Unknown Source) ~[?:?]
	at net.minecraftforge.eventbus.EventSubclassTransformer.buildEvents(EventSubclassTransformer.java:92) ~[eventbus-6.0.3.jar:?]
	at net.minecraftforge.eventbus.EventSubclassTransformer.transform(EventSubclassTransformer.java:44) ~[eventbus-6.0.3.jar:?]
	at net.minecraftforge.eventbus.EventBusEngine.processClass(EventBusEngine.java:26) ~[eventbus-6.0.3.jar:?]
	at net.minecraftforge.eventbus.service.ModLauncherService.processClassWithFlags(ModLauncherService.java:32) ~[eventbus-6.0.3.jar:6.0.3+6.0.3+master.039e4ea9]
	at cpw.mods.modlauncher.LaunchPluginHandler.offerClassNodeToPlugins(LaunchPluginHandler.java:88) ~[modlauncher-10.0.8.jar:?]
	at cpw.mods.modlauncher.ClassTransformer.transform(ClassTransformer.java:120) ~[modlauncher-10.0.8.jar:?]
	at cpw.mods.modlauncher.TransformingClassLoader.maybeTransformClassBytes(TransformingClassLoader.java:50) ~[modlauncher-10.0.8.jar:?]
	at cpw.mods.cl.ModuleClassLoader.readerToClass(ModuleClassLoader.java:113) ~[securejarhandler-2.1.4.jar:?]
	at cpw.mods.cl.ModuleClassLoader.lambda$findClass$15(ModuleClassLoader.java:219) ~[securejarhandler-2.1.4.jar:?]
	at cpw.mods.cl.ModuleClassLoader.loadFromModule(ModuleClassLoader.java:229) ~[securejarhandler-2.1.4.jar:?]
	at cpw.mods.cl.ModuleClassLoader.findClass(ModuleClassLoader.java:219) ~[securejarhandler-2.1.4.jar:?]
	at cpw.mods.cl.ModuleClassLoader.loadClass(ModuleClassLoader.java:135) ~[securejarhandler-2.1.4.jar:?]
	at java.lang.ClassLoader.loadClass(Unknown Source) ~[?:?]
	at gg.essential.model.molang.ComparisonExpr$Op.<clinit>(MolangExpression.kt:173) ~[?:?]
	at gg.essential.model.molang.Parser.parseComparisons(MolangExpression.kt:428) ~[?:?]
	at gg.essential.model.molang.Parser.parseEqualityChecks(MolangExpression.kt:434) ~[?:?]
	at gg.essential.model.molang.Parser.parseLogicalAnds(MolangExpression.kt:443) ~[?:?]
	at gg.essential.model.molang.Parser.parseLogicalOrs(MolangExpression.kt:453) ~[?:?]
	at gg.essential.model.molang.Parser.parseTernary(MolangExpression.kt:463) ~[?:?]
	at gg.essential.model.molang.Parser.parseNullCoalescing(MolangExpression.kt:475) ~[?:?]
	at gg.essential.model.molang.Parser.parseExpression(MolangExpression.kt:479) ~[?:?]
	at gg.essential.model.molang.Parser.parseSimpleExpression(MolangExpression.kt:339) ~[?:?]
	at gg.essential.model.molang.Parser.parseProduct(MolangExpression.kt:401) ~[?:?]
	at gg.essential.model.molang.Parser.parseSum(MolangExpression.kt:412) ~[?:?]
	at gg.essential.model.molang.Parser.parseComparisons(MolangExpression.kt:423) ~[?:?]
	at gg.essential.model.molang.Parser.parseEqualityChecks(MolangExpression.kt:434) ~[?:?]
	at gg.essential.model.molang.Parser.parseLogicalAnds(MolangExpression.kt:443) ~[?:?]
	at gg.essential.model.molang.Parser.parseLogicalOrs(MolangExpression.kt:453) ~[?:?]
	at gg.essential.model.molang.Parser.parseTernary(MolangExpression.kt:463) ~[?:?]
	at gg.essential.model.molang.Parser.parseNullCoalescing(MolangExpression.kt:475) ~[?:?]
	at gg.essential.model.molang.Parser.parseExpression(MolangExpression.kt:479) ~[?:?]
	at gg.essential.model.molang.Parser.parseSimpleExpression(MolangExpression.kt:339) ~[?:?]
	at gg.essential.model.molang.Parser.parseProduct(MolangExpression.kt:401) ~[?:?]
	at gg.essential.model.molang.Parser.parseSum(MolangExpression.kt:412) ~[?:?]
	at gg.essential.model.molang.Parser.parseComparisons(MolangExpression.kt:423) ~[?:?]
	at gg.essential.model.molang.Parser.parseEqualityChecks(MolangExpression.kt:434) ~[?:?]
	at gg.essential.model.molang.Parser.parseLogicalAnds(MolangExpression.kt:443) ~[?:?]
	at gg.essential.model.molang.Parser.parseLogicalOrs(MolangExpression.kt:453) ~[?:?]
	at gg.essential.model.molang.Parser.parseTernary(MolangExpression.kt:463) ~[?:?]
	at gg.essential.model.molang.Parser.parseNullCoalescing(MolangExpression.kt:475) ~[?:?]
	at gg.essential.model.molang.Parser.parseExpression(MolangExpression.kt:479) ~[?:?]
	at gg.essential.model.molang.Parser.parseAssignment(MolangExpression.kt:483) ~[?:?]
	at gg.essential.model.molang.Parser.parseStatement(MolangExpression.kt:497) ~[?:?]
	at gg.essential.model.molang.Parser.parseStatements(MolangExpression.kt:502) ~[?:?]
	at gg.essential.model.molang.Parser.parseMolang(MolangExpression.kt:516) ~[?:?]
	at gg.essential.model.molang.Parser.fullyParseMolang(MolangExpression.kt:520) ~[?:?]
	at gg.essential.model.molang.Parser.tryFullyParseMolang(MolangExpression.kt:528) ~[?:?]
	at gg.essential.model.molang.MolangExpressionKt.parseMolangExpression(MolangExpression.kt:536) ~[?:?]
	at gg.essential.model.molang.MolangSerializer.deserialize(MolangExpression.kt:545) ~[?:?]
	at gg.essential.model.molang.MolangSerializer.deserialize(MolangExpression.kt:538) ~[?:?]
	at kotlinx.serialization.json.internal.PolymorphicKt.decodeSerializableValuePolymorphic(Polymorphic.kt:77) ~[?:?]
	at kotlinx.serialization.json.internal.AbstractJsonTreeDecoder.decodeSerializableValue(TreeJsonDecoder.kt:52) ~[?:?]
	at kotlinx.serialization.internal.TaggedDecoder.decodeSerializableValue(Tagged.kt:207) ~[?:?]
	at kotlinx.serialization.internal.TaggedDecoder$decodeSerializableElement$1.invoke(Tagged.kt:279) ~[?:?]
	at kotlinx.serialization.internal.TaggedDecoder.tagBlock(Tagged.kt:294) ~[?:?]
	at kotlinx.serialization.internal.TaggedDecoder.decodeSerializableElement(Tagged.kt:279) ~[?:?]
	at kotlinx.serialization.encoding.CompositeDecoder$DefaultImpls.decodeSerializableElement$default(Decoding.kt:538) ~[?:?]
	at kotlinx.serialization.internal.KeyValueSerializer.deserialize(Tuples.kt:50) ~[?:?]
	at kotlinx.serialization.json.internal.PolymorphicKt.decodeSerializableValuePolymorphic(Polymorphic.kt:77) ~[?:?]
	at kotlinx.serialization.json.internal.AbstractJsonTreeDecoder.decodeSerializableValue(TreeJsonDecoder.kt:52) ~[?:?]
	at kotlinx.serialization.json.internal.TreeJsonDecoderKt.readJson(TreeJsonDecoder.kt:25) ~[?:?]
	at kotlinx.serialization.json.Json.decodeFromJsonElement(Json.kt:127) ~[?:?]
	at kotlinx.serialization.json.JsonTransformingSerializer.deserialize(JsonTransformingSerializer.kt:78) ~[?:?]
	at kotlinx.serialization.json.internal.StreamingJsonDecoder.decodeSerializableValue(StreamingJsonDecoder.kt:69) ~[?:?]
	at kotlinx.serialization.encoding.AbstractDecoder.decodeSerializableValue(AbstractDecoder.kt:43) ~[?:?]
	at kotlinx.serialization.encoding.AbstractDecoder.decodeNullableSerializableElement(AbstractDecoder.kt:78) ~[?:?]
	at gg.essential.model.file.ParticleEffectComponents$ParticleAppearanceBillboard$UV$$serializer.deserialize(ParticlesFile.kt:510) ~[?:?]
	at gg.essential.model.file.ParticleEffectComponents$ParticleAppearanceBillboard$UV$$serializer.deserialize(ParticlesFile.kt:510) ~[?:?]
	at kotlinx.serialization.json.internal.StreamingJsonDecoder.decodeSerializableValue(StreamingJsonDecoder.kt:69) ~[?:?]
	at kotlinx.serialization.encoding.AbstractDecoder.decodeSerializableValue(AbstractDecoder.kt:43) ~[?:?]
	at kotlinx.serialization.encoding.AbstractDecoder.decodeSerializableElement(AbstractDecoder.kt:70) ~[?:?]
	at kotlinx.serialization.json.internal.StreamingJsonDecoder.decodeSerializableElement(StreamingJsonDecoder.kt:168) ~[?:?]
	at gg.essential.model.file.ParticleEffectComponents$ParticleAppearanceBillboard$$serializer.deserialize(ParticlesFile.kt:435) ~[?:?]
	at gg.essential.model.file.ParticleEffectComponents$ParticleAppearanceBillboard$$serializer.deserialize(ParticlesFile.kt:435) ~[?:?]
	at kotlinx.serialization.json.internal.StreamingJsonDecoder.decodeSerializableValue(StreamingJsonDecoder.kt:69) ~[?:?]
	at kotlinx.serialization.encoding.AbstractDecoder.decodeSerializableValue(AbstractDecoder.kt:43) ~[?:?]
	at kotlinx.serialization.encoding.AbstractDecoder.decodeNullableSerializableElement(AbstractDecoder.kt:78) ~[?:?]
	at gg.essential.model.file.ParticleEffectComponents$$serializer.deserialize(ParticlesFile.kt:178) ~[?:?]
	at gg.essential.model.file.ParticleEffectComponents$$serializer.deserialize(ParticlesFile.kt:178) ~[?:?]
	at kotlinx.serialization.json.internal.StreamingJsonDecoder.decodeSerializableValue(StreamingJsonDecoder.kt:69) ~[?:?]
	at kotlinx.serialization.encoding.AbstractDecoder.decodeSerializableValue(AbstractDecoder.kt:43) ~[?:?]
	at kotlinx.serialization.encoding.AbstractDecoder.decodeSerializableElement(AbstractDecoder.kt:70) ~[?:?]
	at kotlinx.serialization.json.internal.StreamingJsonDecoder.decodeSerializableElement(StreamingJsonDecoder.kt:168) ~[?:?]
	at gg.essential.model.file.ParticlesFile$ParticleEffect$$serializer.deserialize(ParticlesFile.kt:59) ~[?:?]
	at gg.essential.model.file.ParticlesFile$ParticleEffect$$serializer.deserialize(ParticlesFile.kt:59) ~[?:?]
	at kotlinx.serialization.json.internal.StreamingJsonDecoder.decodeSerializableValue(StreamingJsonDecoder.kt:69) ~[?:?]
	at kotlinx.serialization.encoding.AbstractDecoder.decodeSerializableValue(AbstractDecoder.kt:43) ~[?:?]
	at kotlinx.serialization.encoding.AbstractDecoder.decodeSerializableElement(AbstractDecoder.kt:70) ~[?:?]
	at kotlinx.serialization.json.internal.StreamingJsonDecoder.decodeSerializableElement(StreamingJsonDecoder.kt:168) ~[?:?]
	at gg.essential.model.file.ParticlesFile$$serializer.deserialize(ParticlesFile.kt:52) ~[?:?]
	at gg.essential.model.file.ParticlesFile$$serializer.deserialize(ParticlesFile.kt:52) ~[?:?]
	at kotlinx.serialization.json.internal.StreamingJsonDecoder.decodeSerializableValue(StreamingJsonDecoder.kt:69) ~[?:?]
	at kotlinx.serialization.json.Json.decodeFromString(Json.kt:107) ~[?:?]
	at gg.essential.network.connectionmanager.cosmetics.AssetLoader$JsonAssetType$3.invoke(AssetLoader.kt:350) ~[?:?]
	at gg.essential.network.connectionmanager.cosmetics.AssetLoader$JsonAssetType$3.invoke(AssetLoader.kt:349) ~[?:?]
	at gg.essential.network.connectionmanager.cosmetics.AssetLoader$getAsset$1$future$1.invoke(AssetLoader.kt:93) ~[?:?]
	at gg.essential.network.connectionmanager.cosmetics.AssetLoader$getAsset$1$future$1.invoke(AssetLoader.kt:91) ~[?:?]
	at gg.essential.network.connectionmanager.cosmetics.AssetLoader$getAsset$1.invoke$lambda$0(AssetLoader.kt:91) ~[?:?]
	at java.util.concurrent.CompletableFuture$UniApply.tryFire(Unknown Source) ~[?:?]
	at java.util.concurrent.CompletableFuture$Completion.exec(Unknown Source) ~[?:?]
	at java.util.concurrent.ForkJoinTask.doExec(Unknown Source) ~[?:?]
	at java.util.concurrent.ForkJoinPool$WorkQueue.topLevelExec(Unknown Source) ~[?:?]
	at java.util.concurrent.ForkJoinPool.scan(Unknown Source) ~[?:?]
	at java.util.concurrent.ForkJoinPool.runWorker(Unknown Source) ~[?:?]
	at java.util.concurrent.ForkJoinWorkerThread.run(Unknown Source) ~[?:?]
[10:48:21] [ForkJoinPool.commonPool-worker-3/ERROR]: Could not find parent kotlin/jvm/internal/Lambda for class gg/essential/model/molang/ComparisonExpr$Op$6 in classloader jdk.internal.loader.ClassLoaders$AppClassLoader@76ed5528 on thread Thread[ForkJoinPool.commonPool-worker-3,5,main]
[10:48:21] [ForkJoinPool.commonPool-worker-3/ERROR]: An error occurred building event handler
java.lang.ClassNotFoundException: kotlin.jvm.internal.Lambda
	at jdk.internal.loader.BuiltinClassLoader.loadClass(Unknown Source) ~[?:?]
	at jdk.internal.loader.ClassLoaders$AppClassLoader.loadClass(Unknown Source) ~[?:?]
	at java.lang.ClassLoader.loadClass(Unknown Source) ~[?:?]
	at net.minecraftforge.eventbus.EventSubclassTransformer.buildEvents(EventSubclassTransformer.java:92) ~[eventbus-6.0.3.jar:?]
	at net.minecraftforge.eventbus.EventSubclassTransformer.transform(EventSubclassTransformer.java:44) ~[eventbus-6.0.3.jar:?]
	at net.minecraftforge.eventbus.EventBusEngine.processClass(EventBusEngine.java:26) ~[eventbus-6.0.3.jar:?]
	at net.minecraftforge.eventbus.service.ModLauncherService.processClassWithFlags(ModLauncherService.java:32) ~[eventbus-6.0.3.jar:6.0.3+6.0.3+master.039e4ea9]
	at cpw.mods.modlauncher.LaunchPluginHandler.offerClassNodeToPlugins(LaunchPluginHandler.java:88) ~[modlauncher-10.0.8.jar:?]
	at cpw.mods.modlauncher.ClassTransformer.transform(ClassTransformer.java:120) ~[modlauncher-10.0.8.jar:?]
	at cpw.mods.modlauncher.TransformingClassLoader.maybeTransformClassBytes(TransformingClassLoader.java:50) ~[modlauncher-10.0.8.jar:?]
	at cpw.mods.cl.ModuleClassLoader.readerToClass(ModuleClassLoader.java:113) ~[securejarhandler-2.1.4.jar:?]
	at cpw.mods.cl.ModuleClassLoader.lambda$findClass$15(ModuleClassLoader.java:219) ~[securejarhandler-2.1.4.jar:?]
	at cpw.mods.cl.ModuleClassLoader.loadFromModule(ModuleClassLoader.java:229) ~[securejarhandler-2.1.4.jar:?]
	at cpw.mods.cl.ModuleClassLoader.findClass(ModuleClassLoader.java:219) ~[securejarhandler-2.1.4.jar:?]
	at cpw.mods.cl.ModuleClassLoader.loadClass(ModuleClassLoader.java:135) ~[securejarhandler-2.1.4.jar:?]
	at java.lang.ClassLoader.loadClass(Unknown Source) ~[?:?]
	at gg.essential.model.molang.ComparisonExpr$Op.<clinit>(MolangExpression.kt:174) ~[?:?]
	at gg.essential.model.molang.Parser.parseComparisons(MolangExpression.kt:428) ~[?:?]
	at gg.essential.model.molang.Parser.parseEqualityChecks(MolangExpression.kt:434) ~[?:?]
	at gg.essential.model.molang.Parser.parseLogicalAnds(MolangExpression.kt:443) ~[?:?]
	at gg.essential.model.molang.Parser.parseLogicalOrs(MolangExpression.kt:453) ~[?:?]
	at gg.essential.model.molang.Parser.parseTernary(MolangExpression.kt:463) ~[?:?]
	at gg.essential.model.molang.Parser.parseNullCoalescing(MolangExpression.kt:475) ~[?:?]
	at gg.essential.model.molang.Parser.parseExpression(MolangExpression.kt:479) ~[?:?]
	at gg.essential.model.molang.Parser.parseSimpleExpression(MolangExpression.kt:339) ~[?:?]
	at gg.essential.model.molang.Parser.parseProduct(MolangExpression.kt:401) ~[?:?]
	at gg.essential.model.molang.Parser.parseSum(MolangExpression.kt:412) ~[?:?]
	at gg.essential.model.molang.Parser.parseComparisons(MolangExpression.kt:423) ~[?:?]
	at gg.essential.model.molang.Parser.parseEqualityChecks(MolangExpression.kt:434) ~[?:?]
	at gg.essential.model.molang.Parser.parseLogicalAnds(MolangExpression.kt:443) ~[?:?]
	at gg.essential.model.molang.Parser.parseLogicalOrs(MolangExpression.kt:453) ~[?:?]
	at gg.essential.model.molang.Parser.parseTernary(MolangExpression.kt:463) ~[?:?]
	at gg.essential.model.molang.Parser.parseNullCoalescing(MolangExpression.kt:475) ~[?:?]
	at gg.essential.model.molang.Parser.parseExpression(MolangExpression.kt:479) ~[?:?]
	at gg.essential.model.molang.Parser.parseSimpleExpression(MolangExpression.kt:339) ~[?:?]
	at gg.essential.model.molang.Parser.parseProduct(MolangExpression.kt:401) ~[?:?]
	at gg.essential.model.molang.Parser.parseSum(MolangExpression.kt:412) ~[?:?]
	at gg.essential.model.molang.Parser.parseComparisons(MolangExpression.kt:423) ~[?:?]
	at gg.essential.model.molang.Parser.parseEqualityChecks(MolangExpression.kt:434) ~[?:?]
	at gg.essential.model.molang.Parser.parseLogicalAnds(MolangExpression.kt:443) ~[?:?]
	at gg.essential.model.molang.Parser.parseLogicalOrs(MolangExpression.kt:453) ~[?:?]
	at gg.essential.model.molang.Parser.parseTernary(MolangExpression.kt:463) ~[?:?]
	at gg.essential.model.molang.Parser.parseNullCoalescing(MolangExpression.kt:475) ~[?:?]
	at gg.essential.model.molang.Parser.parseExpression(MolangExpression.kt:479) ~[?:?]
	at gg.essential.model.molang.Parser.parseAssignment(MolangExpression.kt:483) ~[?:?]
	at gg.essential.model.molang.Parser.parseStatement(MolangExpression.kt:497) ~[?:?]
	at gg.essential.model.molang.Parser.parseStatements(MolangExpression.kt:502) ~[?:?]
	at gg.essential.model.molang.Parser.parseMolang(MolangExpression.kt:516) ~[?:?]
	at gg.essential.model.molang.Parser.fullyParseMolang(MolangExpression.kt:520) ~[?:?]
	at gg.essential.model.molang.Parser.tryFullyParseMolang(MolangExpression.kt:528) ~[?:?]
	at gg.essential.model.molang.MolangExpressionKt.parseMolangExpression(MolangExpression.kt:536) ~[?:?]
	at gg.essential.model.molang.MolangSerializer.deserialize(MolangExpression.kt:545) ~[?:?]
	at gg.essential.model.molang.MolangSerializer.deserialize(MolangExpression.kt:538) ~[?:?]
	at kotlinx.serialization.json.internal.PolymorphicKt.decodeSerializableValuePolymorphic(Polymorphic.kt:77) ~[?:?]
	at kotlinx.serialization.json.internal.AbstractJsonTreeDecoder.decodeSerializableValue(TreeJsonDecoder.kt:52) ~[?:?]
	at kotlinx.serialization.internal.TaggedDecoder.decodeSerializableValue(Tagged.kt:207) ~[?:?]
	at kotlinx.serialization.internal.TaggedDecoder$decodeSerializableElement$1.invoke(Tagged.kt:279) ~[?:?]
	at kotlinx.serialization.internal.TaggedDecoder.tagBlock(Tagged.kt:294) ~[?:?]
	at kotlinx.serialization.internal.TaggedDecoder.decodeSerializableElement(Tagged.kt:279) ~[?:?]
	at kotlinx.serialization.encoding.CompositeDecoder$DefaultImpls.decodeSerializableElement$default(Decoding.kt:538) ~[?:?]
	at kotlinx.serialization.internal.KeyValueSerializer.deserialize(Tuples.kt:50) ~[?:?]
	at kotlinx.serialization.json.internal.PolymorphicKt.decodeSerializableValuePolymorphic(Polymorphic.kt:77) ~[?:?]
	at kotlinx.serialization.json.internal.AbstractJsonTreeDecoder.decodeSerializableValue(TreeJsonDecoder.kt:52) ~[?:?]
	at kotlinx.serialization.json.internal.TreeJsonDecoderKt.readJson(TreeJsonDecoder.kt:25) ~[?:?]
	at kotlinx.serialization.json.Json.decodeFromJsonElement(Json.kt:127) ~[?:?]
	at kotlinx.serialization.json.JsonTransformingSerializer.deserialize(JsonTransformingSerializer.kt:78) ~[?:?]
	at kotlinx.serialization.json.internal.StreamingJsonDecoder.decodeSerializableValue(StreamingJsonDecoder.kt:69) ~[?:?]
	at kotlinx.serialization.encoding.AbstractDecoder.decodeSerializableValue(AbstractDecoder.kt:43) ~[?:?]
	at kotlinx.serialization.encoding.AbstractDecoder.decodeNullableSerializableElement(AbstractDecoder.kt:78) ~[?:?]
	at gg.essential.model.file.ParticleEffectComponents$ParticleAppearanceBillboard$UV$$serializer.deserialize(ParticlesFile.kt:510) ~[?:?]
	at gg.essential.model.file.ParticleEffectComponents$ParticleAppearanceBillboard$UV$$serializer.deserialize(ParticlesFile.kt:510) ~[?:?]
	at kotlinx.serialization.json.internal.StreamingJsonDecoder.decodeSerializableValue(StreamingJsonDecoder.kt:69) ~[?:?]
	at kotlinx.serialization.encoding.AbstractDecoder.decodeSerializableValue(AbstractDecoder.kt:43) ~[?:?]
	at kotlinx.serialization.encoding.AbstractDecoder.decodeSerializableElement(AbstractDecoder.kt:70) ~[?:?]
	at kotlinx.serialization.json.internal.StreamingJsonDecoder.decodeSerializableElement(StreamingJsonDecoder.kt:168) ~[?:?]
	at gg.essential.model.file.ParticleEffectComponents$ParticleAppearanceBillboard$$serializer.deserialize(ParticlesFile.kt:435) ~[?:?]
	at gg.essential.model.file.ParticleEffectComponents$ParticleAppearanceBillboard$$serializer.deserialize(ParticlesFile.kt:435) ~[?:?]
	at kotlinx.serialization.json.internal.StreamingJsonDecoder.decodeSerializableValue(StreamingJsonDecoder.kt:69) ~[?:?]
	at kotlinx.serialization.encoding.AbstractDecoder.decodeSerializableValue(AbstractDecoder.kt:43) ~[?:?]
	at kotlinx.serialization.encoding.AbstractDecoder.decodeNullableSerializableElement(AbstractDecoder.kt:78) ~[?:?]
	at gg.essential.model.file.ParticleEffectComponents$$serializer.deserialize(ParticlesFile.kt:178) ~[?:?]
	at gg.essential.model.file.ParticleEffectComponents$$serializer.deserialize(ParticlesFile.kt:178) ~[?:?]
	at kotlinx.serialization.json.internal.StreamingJsonDecoder.decodeSerializableValue(StreamingJsonDecoder.kt:69) ~[?:?]
	at kotlinx.serialization.encoding.AbstractDecoder.decodeSerializableValue(AbstractDecoder.kt:43) ~[?:?]
	at kotlinx.serialization.encoding.AbstractDecoder.decodeSerializableElement(AbstractDecoder.kt:70) ~[?:?]
	at kotlinx.serialization.json.internal.StreamingJsonDecoder.decodeSerializableElement(StreamingJsonDecoder.kt:168) ~[?:?]
	at gg.essential.model.file.ParticlesFile$ParticleEffect$$serializer.deserialize(ParticlesFile.kt:59) ~[?:?]
	at gg.essential.model.file.ParticlesFile$ParticleEffect$$serializer.deserialize(ParticlesFile.kt:59) ~[?:?]
	at kotlinx.serialization.json.internal.StreamingJsonDecoder.decodeSerializableValue(StreamingJsonDecoder.kt:69) ~[?:?]
	at kotlinx.serialization.encoding.AbstractDecoder.decodeSerializableValue(AbstractDecoder.kt:43) ~[?:?]
	at kotlinx.serialization.encoding.AbstractDecoder.decodeSerializableElement(AbstractDecoder.kt:70) ~[?:?]
	at kotlinx.serialization.json.internal.StreamingJsonDecoder.decodeSerializableElement(StreamingJsonDecoder.kt:168) ~[?:?]
	at gg.essential.model.file.ParticlesFile$$serializer.deserialize(ParticlesFile.kt:52) ~[?:?]
	at gg.essential.model.file.ParticlesFile$$serializer.deserialize(ParticlesFile.kt:52) ~[?:?]
	at kotlinx.serialization.json.internal.StreamingJsonDecoder.decodeSerializableValue(StreamingJsonDecoder.kt:69) ~[?:?]
	at kotlinx.serialization.json.Json.decodeFromString(Json.kt:107) ~[?:?]
	at gg.essential.network.connectionmanager.cosmetics.AssetLoader$JsonAssetType$3.invoke(AssetLoader.kt:350) ~[?:?]
	at gg.essential.network.connectionmanager.cosmetics.AssetLoader$JsonAssetType$3.invoke(AssetLoader.kt:349) ~[?:?]
	at gg.essential.network.connectionmanager.cosmetics.AssetLoader$getAsset$1$future$1.invoke(AssetLoader.kt:93) ~[?:?]
	at gg.essential.network.connectionmanager.cosmetics.AssetLoader$getAsset$1$future$1.invoke(AssetLoader.kt:91) ~[?:?]
	at gg.essential.network.connectionmanager.cosmetics.AssetLoader$getAsset$1.invoke$lambda$0(AssetLoader.kt:91) ~[?:?]
	at java.util.concurrent.CompletableFuture$UniApply.tryFire(Unknown Source) ~[?:?]
	at java.util.concurrent.CompletableFuture$Completion.exec(Unknown Source) ~[?:?]
	at java.util.concurrent.ForkJoinTask.doExec(Unknown Source) ~[?:?]
	at java.util.concurrent.ForkJoinPool$WorkQueue.topLevelExec(Unknown Source) ~[?:?]
	at java.util.concurrent.ForkJoinPool.scan(Unknown Source) ~[?:?]
	at java.util.concurrent.ForkJoinPool.runWorker(Unknown Source) ~[?:?]
	at java.util.concurrent.ForkJoinWorkerThread.run(Unknown Source) ~[?:?]
[10:48:21] [ForkJoinPool.commonPool-worker-6/ERROR]: Could not find parent kotlin/jvm/internal/Lambda for class gg/essential/model/BedrockModel$referencedAnimations$1$1 in classloader jdk.internal.loader.ClassLoaders$AppClassLoader@76ed5528 on thread Thread[ForkJoinPool.commonPool-worker-6,5,main]
[10:48:21] [ForkJoinPool.commonPool-worker-6/ERROR]: An error occurred building event handler
java.lang.ClassNotFoundException: kotlin.jvm.internal.Lambda
	at jdk.internal.loader.BuiltinClassLoader.loadClass(Unknown Source) ~[?:?]
	at jdk.internal.loader.ClassLoaders$AppClassLoader.loadClass(Unknown Source) ~[?:?]
	at java.lang.ClassLoader.loadClass(Unknown Source) ~[?:?]
	at net.minecraftforge.eventbus.EventSubclassTransformer.buildEvents(EventSubclassTransformer.java:92) ~[eventbus-6.0.3.jar:?]
	at net.minecraftforge.eventbus.EventSubclassTransformer.transform(EventSubclassTransformer.java:44) ~[eventbus-6.0.3.jar:?]
	at net.minecraftforge.eventbus.EventBusEngine.processClass(EventBusEngine.java:26) ~[eventbus-6.0.3.jar:?]
	at net.minecraftforge.eventbus.service.ModLauncherService.processClassWithFlags(ModLauncherService.java:32) ~[eventbus-6.0.3.jar:6.0.3+6.0.3+master.039e4ea9]
	at cpw.mods.modlauncher.LaunchPluginHandler.offerClassNodeToPlugins(LaunchPluginHandler.java:88) ~[modlauncher-10.0.8.jar:?]
	at cpw.mods.modlauncher.ClassTransformer.transform(ClassTransformer.java:120) ~[modlauncher-10.0.8.jar:?]
	at cpw.mods.modlauncher.TransformingClassLoader.maybeTransformClassBytes(TransformingClassLoader.java:50) ~[modlauncher-10.0.8.jar:?]
	at cpw.mods.cl.ModuleClassLoader.readerToClass(ModuleClassLoader.java:113) ~[securejarhandler-2.1.4.jar:?]
	at cpw.mods.cl.ModuleClassLoader.lambda$findClass$15(ModuleClassLoader.java:219) ~[securejarhandler-2.1.4.jar:?]
	at cpw.mods.cl.ModuleClassLoader.loadFromModule(ModuleClassLoader.java:229) ~[securejarhandler-2.1.4.jar:?]
	at cpw.mods.cl.ModuleClassLoader.findClass(ModuleClassLoader.java:219) ~[securejarhandler-2.1.4.jar:?]
	at cpw.mods.cl.ModuleClassLoader.loadClass(ModuleClassLoader.java:135) ~[securejarhandler-2.1.4.jar:?]
	at java.lang.ClassLoader.loadClass(Unknown Source) ~[?:?]
	at gg.essential.model.BedrockModel.<init>(BedrockModel.kt:162) ~[?:?]
	at gg.essential.network.connectionmanager.cosmetics.ModelLoader$ModelState$future$2.invoke(ModelLoader.kt:80) ~[?:?]
	at gg.essential.network.connectionmanager.cosmetics.ModelLoader$ModelState$future$2.invoke(ModelLoader.kt:79) ~[?:?]
	at gg.essential.network.connectionmanager.cosmetics.ModelLoader$ModelState.future$lambda$9(ModelLoader.kt:79) ~[?:?]
	at java.util.concurrent.CompletableFuture.uniHandle(Unknown Source) ~[?:?]
	at java.util.concurrent.CompletableFuture$UniHandle.tryFire(Unknown Source) ~[?:?]
	at java.util.concurrent.CompletableFuture$Completion.exec(Unknown Source) ~[?:?]
	at java.util.concurrent.ForkJoinTask.doExec(Unknown Source) ~[?:?]
	at java.util.concurrent.ForkJoinPool$WorkQueue.topLevelExec(Unknown Source) ~[?:?]
	at java.util.concurrent.ForkJoinPool.scan(Unknown Source) ~[?:?]
	at java.util.concurrent.ForkJoinPool.runWorker(Unknown Source) ~[?:?]
	at java.util.concurrent.ForkJoinWorkerThread.run(Unknown Source) ~[?:?]
[10:48:21] [ForkJoinPool.commonPool-worker-2/ERROR]: Could not find parent kotlin/jvm/internal/Lambda for class gg/essential/model/BedrockModel$referencedAnimations$1$2 in classloader jdk.internal.loader.ClassLoaders$AppClassLoader@76ed5528 on thread Thread[ForkJoinPool.commonPool-worker-2,5,main]
[10:48:21] [ForkJoinPool.commonPool-worker-2/ERROR]: An error occurred building event handler
java.lang.ClassNotFoundException: kotlin.jvm.internal.Lambda
	at jdk.internal.loader.BuiltinClassLoader.loadClass(Unknown Source) ~[?:?]
	at jdk.internal.loader.ClassLoaders$AppClassLoader.loadClass(Unknown Source) ~[?:?]
	at java.lang.ClassLoader.loadClass(Unknown Source) ~[?:?]
	at net.minecraftforge.eventbus.EventSubclassTransformer.buildEvents(EventSubclassTransformer.java:92) ~[eventbus-6.0.3.jar:?]
	at net.minecraftforge.eventbus.EventSubclassTransformer.transform(EventSubclassTransformer.java:44) ~[eventbus-6.0.3.jar:?]
	at net.minecraftforge.eventbus.EventBusEngine.processClass(EventBusEngine.java:26) ~[eventbus-6.0.3.jar:?]
	at net.minecraftforge.eventbus.service.ModLauncherService.processClassWithFlags(ModLauncherService.java:32) ~[eventbus-6.0.3.jar:6.0.3+6.0.3+master.039e4ea9]
	at cpw.mods.modlauncher.LaunchPluginHandler.offerClassNodeToPlugins(LaunchPluginHandler.java:88) ~[modlauncher-10.0.8.jar:?]
	at cpw.mods.modlauncher.ClassTransformer.transform(ClassTransformer.java:120) ~[modlauncher-10.0.8.jar:?]
	at cpw.mods.modlauncher.TransformingClassLoader.maybeTransformClassBytes(TransformingClassLoader.java:50) ~[modlauncher-10.0.8.jar:?]
	at cpw.mods.cl.ModuleClassLoader.readerToClass(ModuleClassLoader.java:113) ~[securejarhandler-2.1.4.jar:?]
	at cpw.mods.cl.ModuleClassLoader.lambda$findClass$15(ModuleClassLoader.java:219) ~[securejarhandler-2.1.4.jar:?]
	at cpw.mods.cl.ModuleClassLoader.loadFromModule(ModuleClassLoader.java:229) ~[securejarhandler-2.1.4.jar:?]
	at cpw.mods.cl.ModuleClassLoader.findClass(ModuleClassLoader.java:219) ~[securejarhandler-2.1.4.jar:?]
	at cpw.mods.cl.ModuleClassLoader.loadClass(ModuleClassLoader.java:135) ~[securejarhandler-2.1.4.jar:?]
	at java.lang.ClassLoader.loadClass(Unknown Source) ~[?:?]
	at gg.essential.model.BedrockModel.<init>(BedrockModel.kt:162) ~[?:?]
	at gg.essential.network.connectionmanager.cosmetics.ModelLoader$ModelState$future$2.invoke(ModelLoader.kt:80) ~[?:?]
	at gg.essential.network.connectionmanager.cosmetics.ModelLoader$ModelState$future$2.invoke(ModelLoader.kt:79) ~[?:?]
	at gg.essential.network.connectionmanager.cosmetics.ModelLoader$ModelState.future$lambda$9(ModelLoader.kt:79) ~[?:?]
	at java.util.concurrent.CompletableFuture.uniHandle(Unknown Source) ~[?:?]
	at java.util.concurrent.CompletableFuture$UniHandle.tryFire(Unknown Source) ~[?:?]
	at java.util.concurrent.CompletableFuture$Completion.exec(Unknown Source) ~[?:?]
	at java.util.concurrent.ForkJoinTask.doExec(Unknown Source) ~[?:?]
	at java.util.concurrent.ForkJoinPool$WorkQueue.topLevelExec(Unknown Source) ~[?:?]
	at java.util.concurrent.ForkJoinPool.scan(Unknown Source) ~[?:?]
	at java.util.concurrent.ForkJoinPool.runWorker(Unknown Source) ~[?:?]
	at java.util.concurrent.ForkJoinWorkerThread.run(Unknown Source) ~[?:?]
[10:48:21] [ForkJoinPool.commonPool-worker-3/ERROR]: Could not find parent gg/essential/model/molang/QueryExpr for class gg/essential/model/molang/QueryExpr$ModifiedDistanceMoved in classloader jdk.internal.loader.ClassLoaders$AppClassLoader@76ed5528 on thread Thread[ForkJoinPool.commonPool-worker-3,5,main]
[10:48:21] [ForkJoinPool.commonPool-worker-3/ERROR]: An error occurred building event handler
java.lang.ClassNotFoundException: gg.essential.model.molang.QueryExpr
	at jdk.internal.loader.BuiltinClassLoader.loadClass(Unknown Source) ~[?:?]
	at jdk.internal.loader.ClassLoaders$AppClassLoader.loadClass(Unknown Source) ~[?:?]
	at java.lang.ClassLoader.loadClass(Unknown Source) ~[?:?]
	at net.minecraftforge.eventbus.EventSubclassTransformer.buildEvents(EventSubclassTransformer.java:92) ~[eventbus-6.0.3.jar:?]
	at net.minecraftforge.eventbus.EventSubclassTransformer.transform(EventSubclassTransformer.java:44) ~[eventbus-6.0.3.jar:?]
	at net.minecraftforge.eventbus.EventBusEngine.processClass(EventBusEngine.java:26) ~[eventbus-6.0.3.jar:?]
	at net.minecraftforge.eventbus.service.ModLauncherService.processClassWithFlags(ModLauncherService.java:32) ~[eventbus-6.0.3.jar:6.0.3+6.0.3+master.039e4ea9]
	at cpw.mods.modlauncher.LaunchPluginHandler.offerClassNodeToPlugins(LaunchPluginHandler.java:88) ~[modlauncher-10.0.8.jar:?]
	at cpw.mods.modlauncher.ClassTransformer.transform(ClassTransformer.java:120) ~[modlauncher-10.0.8.jar:?]
	at cpw.mods.modlauncher.TransformingClassLoader.maybeTransformClassBytes(TransformingClassLoader.java:50) ~[modlauncher-10.0.8.jar:?]
	at cpw.mods.cl.ModuleClassLoader.readerToClass(ModuleClassLoader.java:113) ~[securejarhandler-2.1.4.jar:?]
	at cpw.mods.cl.ModuleClassLoader.lambda$findClass$15(ModuleClassLoader.java:219) ~[securejarhandler-2.1.4.jar:?]
	at cpw.mods.cl.ModuleClassLoader.loadFromModule(ModuleClassLoader.java:229) ~[securejarhandler-2.1.4.jar:?]
	at cpw.mods.cl.ModuleClassLoader.findClass(ModuleClassLoader.java:219) ~[securejarhandler-2.1.4.jar:?]
	at cpw.mods.cl.ModuleClassLoader.loadClass(ModuleClassLoader.java:135) ~[securejarhandler-2.1.4.jar:?]
	at java.lang.ClassLoader.loadClass(Unknown Source) ~[?:?]
	at gg.essential.model.molang.Parser.parseSimpleExpression(MolangExpression.kt:387) ~[?:?]
	at gg.essential.model.molang.Parser.parseProduct(MolangExpression.kt:401) ~[?:?]
	at gg.essential.model.molang.Parser.parseSum(MolangExpression.kt:412) ~[?:?]
	at gg.essential.model.molang.Parser.parseComparisons(MolangExpression.kt:423) ~[?:?]
	at gg.essential.model.molang.Parser.parseEqualityChecks(MolangExpression.kt:434) ~[?:?]
	at gg.essential.model.molang.Parser.parseLogicalAnds(MolangExpression.kt:443) ~[?:?]
	at gg.essential.model.molang.Parser.parseLogicalOrs(MolangExpression.kt:453) ~[?:?]
	at gg.essential.model.molang.Parser.parseTernary(MolangExpression.kt:463) ~[?:?]
	at gg.essential.model.molang.Parser.parseNullCoalescing(MolangExpression.kt:475) ~[?:?]
	at gg.essential.model.molang.Parser.parseExpression(MolangExpression.kt:479) ~[?:?]
	at gg.essential.model.molang.Parser.parseSimpleExpression(MolangExpression.kt:339) ~[?:?]
	at gg.essential.model.molang.Parser.parseProduct(MolangExpression.kt:401) ~[?:?]
	at gg.essential.model.molang.Parser.parseSum(MolangExpression.kt:412) ~[?:?]
	at gg.essential.model.molang.Parser.parseComparisons(MolangExpression.kt:423) ~[?:?]
	at gg.essential.model.molang.Parser.parseEqualityChecks(MolangExpression.kt:434) ~[?:?]
	at gg.essential.model.molang.Parser.parseLogicalAnds(MolangExpression.kt:443) ~[?:?]
	at gg.essential.model.molang.Parser.parseLogicalOrs(MolangExpression.kt:453) ~[?:?]
	at gg.essential.model.molang.Parser.parseTernary(MolangExpression.kt:463) ~[?:?]
	at gg.essential.model.molang.Parser.parseNullCoalescing(MolangExpression.kt:475) ~[?:?]
	at gg.essential.model.molang.Parser.parseExpression(MolangExpression.kt:479) ~[?:?]
	at gg.essential.model.molang.Parser.parseSimpleExpression(MolangExpression.kt:339) ~[?:?]
	at gg.essential.model.molang.Parser.parseProduct(MolangExpression.kt:401) ~[?:?]
	at gg.essential.model.molang.Parser.parseSum(MolangExpression.kt:412) ~[?:?]
	at gg.essential.model.molang.Parser.parseComparisons(MolangExpression.kt:423) ~[?:?]
	at gg.essential.model.molang.Parser.parseEqualityChecks(MolangExpression.kt:434) ~[?:?]
	at gg.essential.model.molang.Parser.parseLogicalAnds(MolangExpression.kt:443) ~[?:?]
	at gg.essential.model.molang.Parser.parseLogicalOrs(MolangExpression.kt:453) ~[?:?]
	at gg.essential.model.molang.Parser.parseTernary(MolangExpression.kt:463) ~[?:?]
	at gg.essential.model.molang.Parser.parseNullCoalescing(MolangExpression.kt:475) ~[?:?]
	at gg.essential.model.molang.Parser.parseExpression(MolangExpression.kt:479) ~[?:?]
	at gg.essential.model.molang.Parser.parseAssignment(MolangExpression.kt:483) ~[?:?]
	at gg.essential.model.molang.Parser.parseStatement(MolangExpression.kt:497) ~[?:?]
	at gg.essential.model.molang.Parser.parseStatements(MolangExpression.kt:502) ~[?:?]
	at gg.essential.model.molang.Parser.parseSimpleExpression(MolangExpression.kt:340) ~[?:?]
	at gg.essential.model.molang.Parser.parseProduct(MolangExpression.kt:401) ~[?:?]
	at gg.essential.model.molang.Parser.parseSum(MolangExpression.kt:412) ~[?:?]
	at gg.essential.model.molang.Parser.parseComparisons(MolangExpression.kt:423) ~[?:?]
	at gg.essential.model.molang.Parser.parseEqualityChecks(MolangExpression.kt:434) ~[?:?]
	at gg.essential.model.molang.Parser.parseLogicalAnds(MolangExpression.kt:443) ~[?:?]
	at gg.essential.model.molang.Parser.parseLogicalOrs(MolangExpression.kt:453) ~[?:?]
	at gg.essential.model.molang.Parser.parseTernary(MolangExpression.kt:463) ~[?:?]
	at gg.essential.model.molang.Parser.parseNullCoalescing(MolangExpression.kt:475) ~[?:?]
	at gg.essential.model.molang.Parser.parseExpression(MolangExpression.kt:479) ~[?:?]
	at gg.essential.model.molang.Parser.parseSimpleExpression(MolangExpression.kt:339) ~[?:?]
	at gg.essential.model.molang.Parser.parseProduct(MolangExpression.kt:401) ~[?:?]
	at gg.essential.model.molang.Parser.parseSum(MolangExpression.kt:412) ~[?:?]
	at gg.essential.model.molang.Parser.parseComparisons(MolangExpression.kt:423) ~[?:?]
	at gg.essential.model.molang.Parser.parseEqualityChecks(MolangExpression.kt:434) ~[?:?]
	at gg.essential.model.molang.Parser.parseLogicalAnds(MolangExpression.kt:443) ~[?:?]
	at gg.essential.model.molang.Parser.parseLogicalOrs(MolangExpression.kt:453) ~[?:?]
	at gg.essential.model.molang.Parser.parseTernary(MolangExpression.kt:463) ~[?:?]
	at gg.essential.model.molang.Parser.parseNullCoalescing(MolangExpression.kt:475) ~[?:?]
	at gg.essential.model.molang.Parser.parseExpression(MolangExpression.kt:479) ~[?:?]
	at gg.essential.model.molang.Parser.parseAssignment(MolangExpression.kt:483) ~[?:?]
	at gg.essential.model.molang.Parser.parseStatement(MolangExpression.kt:497) ~[?:?]
	at gg.essential.model.molang.Parser.parseStatements(MolangExpression.kt:502) ~[?:?]
	at gg.essential.model.molang.Parser.parseMolang(MolangExpression.kt:516) ~[?:?]
	at gg.essential.model.molang.Parser.fullyParseMolang(MolangExpression.kt:520) ~[?:?]
	at gg.essential.model.molang.Parser.tryFullyParseMolang(MolangExpression.kt:528) ~[?:?]
	at gg.essential.model.molang.MolangExpressionKt.parseMolangExpression(MolangExpression.kt:536) ~[?:?]
	at gg.essential.model.molang.MolangSerializer.deserialize(MolangExpression.kt:545) ~[?:?]
	at gg.essential.model.molang.MolangSerializer.deserialize(MolangExpression.kt:538) ~[?:?]
	at kotlinx.serialization.json.internal.PolymorphicKt.decodeSerializableValuePolymorphic(Polymorphic.kt:77) ~[?:?]
	at kotlinx.serialization.json.internal.AbstractJsonTreeDecoder.decodeSerializableValue(TreeJsonDecoder.kt:52) ~[?:?]
	at kotlinx.serialization.internal.TaggedDecoder.decodeSerializableValue(Tagged.kt:207) ~[?:?]
	at kotlinx.serialization.internal.TaggedDecoder$decodeSerializableElement$1.invoke(Tagged.kt:279) ~[?:?]
	at kotlinx.serialization.internal.TaggedDecoder.tagBlock(Tagged.kt:294) ~[?:?]
	at kotlinx.serialization.internal.TaggedDecoder.decodeSerializableElement(Tagged.kt:279) ~[?:?]
	at kotlinx.serialization.encoding.CompositeDecoder$DefaultImpls.decodeSerializableElement$default(Decoding.kt:538) ~[?:?]
	at kotlinx.serialization.internal.CollectionLikeSerializer.readElement(CollectionSerializers.kt:80) ~[?:?]
	at kotlinx.serialization.internal.AbstractCollectionSerializer.readElement$default(CollectionSerializers.kt:51) ~[?:?]
	at kotlinx.serialization.internal.AbstractCollectionSerializer.merge(CollectionSerializers.kt:36) ~[?:?]
	at kotlinx.serialization.internal.AbstractCollectionSerializer.deserialize(CollectionSerializers.kt:43) ~[?:?]
	at kotlinx.serialization.json.internal.PolymorphicKt.decodeSerializableValuePolymorphic(Polymorphic.kt:77) ~[?:?]
	at kotlinx.serialization.json.internal.AbstractJsonTreeDecoder.decodeSerializableValue(TreeJsonDecoder.kt:52) ~[?:?]
	at kotlinx.serialization.json.internal.TreeJsonDecoderKt.readJson(TreeJsonDecoder.kt:25) ~[?:?]
	at kotlinx.serialization.json.Json.decodeFromJsonElement(Json.kt:127) ~[?:?]
	at gg.essential.model.molang.MolangVec3Serializer.deserialize(MolangVec3.kt:52) ~[?:?]
	at gg.essential.model.molang.MolangVec3Serializer.deserialize(MolangVec3.kt:45) ~[?:?]
	at kotlinx.serialization.json.internal.PolymorphicKt.decodeSerializableValuePolymorphic(Polymorphic.kt:77) ~[?:?]
	at kotlinx.serialization.json.internal.AbstractJsonTreeDecoder.decodeSerializableValue(TreeJsonDecoder.kt:52) ~[?:?]
	at kotlinx.serialization.json.internal.TreeJsonDecoderKt.readJson(TreeJsonDecoder.kt:25) ~[?:?]
	at kotlinx.serialization.json.Json.decodeFromJsonElement(Json.kt:127) ~[?:?]
	at gg.essential.model.file.KeyframeSerializer.deserialize(AnimationFile.kt:164) ~[?:?]
	at gg.essential.model.file.KeyframeSerializer.deserialize(AnimationFile.kt:117) ~[?:?]
	at kotlinx.serialization.json.internal.PolymorphicKt.decodeSerializableValuePolymorphic(Polymorphic.kt:77) ~[?:?]
	at kotlinx.serialization.json.internal.AbstractJsonTreeDecoder.decodeSerializableValue(TreeJsonDecoder.kt:52) ~[?:?]
	at kotlinx.serialization.internal.TaggedDecoder.decodeSerializableValue(Tagged.kt:207) ~[?:?]
	at kotlinx.serialization.internal.TaggedDecoder$decodeSerializableElement$1.invoke(Tagged.kt:279) ~[?:?]
	at kotlinx.serialization.internal.TaggedDecoder.tagBlock(Tagged.kt:294) ~[?:?]
	at kotlinx.serialization.internal.TaggedDecoder.decodeSerializableElement(Tagged.kt:279) ~[?:?]
	at kotlinx.serialization.encoding.CompositeDecoder$DefaultImpls.decodeSerializableElement$default(Decoding.kt:538) ~[?:?]
	at kotlinx.serialization.internal.MapLikeSerializer.readElement(CollectionSerializers.kt:111) ~[?:?]
	at kotlinx.serialization.internal.MapLikeSerializer.readElement(CollectionSerializers.kt:84) ~[?:?]
	at kotlinx.serialization.internal.AbstractCollectionSerializer.readElement$default(CollectionSerializers.kt:51) ~[?:?]
	at kotlinx.serialization.internal.AbstractCollectionSerializer.merge(CollectionSerializers.kt:36) ~[?:?]
	at kotlinx.serialization.internal.AbstractCollectionSerializer.deserialize(CollectionSerializers.kt:43) ~[?:?]
	at kotlinx.serialization.json.internal.PolymorphicKt.decodeSerializableValuePolymorphic(Polymorphic.kt:77) ~[?:?]
	at kotlinx.serialization.json.internal.AbstractJsonTreeDecoder.decodeSerializableValue(TreeJsonDecoder.kt:52) ~[?:?]
	at gg.essential.model.util.TreeMapSerializer.deserialize(TreeMap.kt:73) ~[?:?]
	at gg.essential.model.util.TreeMapSerializer.deserialize(TreeMap.kt:69) ~[?:?]
	at kotlinx.serialization.json.internal.PolymorphicKt.decodeSerializableValuePolymorphic(Polymorphic.kt:77) ~[?:?]
	at kotlinx.serialization.json.internal.AbstractJsonTreeDecoder.decodeSerializableValue(TreeJsonDecoder.kt:52) ~[?:?]
	at kotlinx.serialization.json.internal.TreeJsonDecoderKt.readJson(TreeJsonDecoder.kt:25) ~[?:?]
	at kotlinx.serialization.json.Json.decodeFromJsonElement(Json.kt:127) ~[?:?]
	at kotlinx.serialization.json.JsonTransformingSerializer.deserialize(JsonTransformingSerializer.kt:78) ~[?:?]
	at gg.essential.model.file.KeyframesSerializer.deserialize(AnimationFile.kt:105) ~[?:?]
	at gg.essential.model.file.KeyframesSerializer.deserialize(AnimationFile.kt:103) ~[?:?]
	at kotlinx.serialization.json.internal.StreamingJsonDecoder.decodeSerializableValue(StreamingJsonDecoder.kt:69) ~[?:?]
	at kotlinx.serialization.encoding.AbstractDecoder.decodeSerializableValue(AbstractDecoder.kt:43) ~[?:?]
	at kotlinx.serialization.encoding.AbstractDecoder.decodeNullableSerializableElement(AbstractDecoder.kt:78) ~[?:?]
	at gg.essential.model.Channels$$serializer.deserialize(Animation.kt:373) ~[?:?]
	at gg.essential.model.Channels$$serializer.deserialize(Animation.kt:373) ~[?:?]
	at kotlinx.serialization.json.internal.StreamingJsonDecoder.decodeSerializableValue(StreamingJsonDecoder.kt:69) ~[?:?]
	at kotlinx.serialization.encoding.AbstractDecoder.decodeSerializableValue(AbstractDecoder.kt:43) ~[?:?]
	at kotlinx.serialization.encoding.AbstractDecoder.decodeSerializableElement(AbstractDecoder.kt:70) ~[?:?]
	at kotlinx.serialization.json.internal.StreamingJsonDecoder.decodeSerializableElement(StreamingJsonDecoder.kt:168) ~[?:?]
	at kotlinx.serialization.encoding.CompositeDecoder$DefaultImpls.decodeSerializableElement$default(Decoding.kt:538) ~[?:?]
	at kotlinx.serialization.internal.MapLikeSerializer.readElement(CollectionSerializers.kt:111) ~[?:?]
	at kotlinx.serialization.internal.MapLikeSerializer.readElement(CollectionSerializers.kt:84) ~[?:?]
	at kotlinx.serialization.internal.AbstractCollectionSerializer.readElement$default(CollectionSerializers.kt:51) ~[?:?]
	at kotlinx.serialization.internal.AbstractCollectionSerializer.merge(CollectionSerializers.kt:36) ~[?:?]
	at kotlinx.serialization.internal.AbstractCollectionSerializer.deserialize(CollectionSerializers.kt:43) ~[?:?]
	at kotlinx.serialization.json.internal.StreamingJsonDecoder.decodeSerializableValue(StreamingJsonDecoder.kt:69) ~[?:?]
	at kotlinx.serialization.encoding.AbstractDecoder.decodeSerializableValue(AbstractDecoder.kt:43) ~[?:?]
	at kotlinx.serialization.encoding.AbstractDecoder.decodeSerializableElement(AbstractDecoder.kt:70) ~[?:?]
	at kotlinx.serialization.json.internal.StreamingJsonDecoder.decodeSerializableElement(StreamingJsonDecoder.kt:168) ~[?:?]
	at gg.essential.model.file.AnimationFile$Animation$$serializer.deserialize(AnimationFile.kt:48) ~[?:?]
	at gg.essential.model.file.AnimationFile$Animation$$serializer.deserialize(AnimationFile.kt:48) ~[?:?]
	at kotlinx.serialization.json.internal.StreamingJsonDecoder.decodeSerializableValue(StreamingJsonDecoder.kt:69) ~[?:?]
	at kotlinx.serialization.encoding.AbstractDecoder.decodeSerializableValue(AbstractDecoder.kt:43) ~[?:?]
	at kotlinx.serialization.encoding.AbstractDecoder.decodeSerializableElement(AbstractDecoder.kt:70) ~[?:?]
	at kotlinx.serialization.json.internal.StreamingJsonDecoder.decodeSerializableElement(StreamingJsonDecoder.kt:168) ~[?:?]
	at kotlinx.serialization.encoding.CompositeDecoder$DefaultImpls.decodeSerializableElement$default(Decoding.kt:538) ~[?:?]
	at kotlinx.serialization.internal.MapLikeSerializer.readElement(CollectionSerializers.kt:111) ~[?:?]
	at kotlinx.serialization.internal.MapLikeSerializer.readElement(CollectionSerializers.kt:84) ~[?:?]
	at kotlinx.serialization.internal.AbstractCollectionSerializer.readElement$default(CollectionSerializers.kt:51) ~[?:?]
	at kotlinx.serialization.internal.AbstractCollectionSerializer.merge(CollectionSerializers.kt:36) ~[?:?]
	at kotlinx.serialization.internal.AbstractCollectionSerializer.deserialize(CollectionSerializers.kt:43) ~[?:?]
	at kotlinx.serialization.json.internal.StreamingJsonDecoder.decodeSerializableValue(StreamingJsonDecoder.kt:69) ~[?:?]
	at kotlinx.serialization.encoding.AbstractDecoder.decodeSerializableValue(AbstractDecoder.kt:43) ~[?:?]
	at kotlinx.serialization.encoding.AbstractDecoder.decodeSerializableElement(AbstractDecoder.kt:70) ~[?:?]
	at kotlinx.serialization.json.internal.StreamingJsonDecoder.decodeSerializableElement(StreamingJsonDecoder.kt:168) ~[?:?]
	at gg.essential.model.file.AnimationFile$$serializer.deserialize(AnimationFile.kt:41) ~[?:?]
	at gg.essential.model.file.AnimationFile$$serializer.deserialize(AnimationFile.kt:41) ~[?:?]
	at kotlinx.serialization.json.internal.StreamingJsonDecoder.decodeSerializableValue(StreamingJsonDecoder.kt:69) ~[?:?]
	at kotlinx.serialization.json.Json.decodeFromString(Json.kt:107) ~[?:?]
	at gg.essential.network.connectionmanager.cosmetics.AssetLoader$JsonAssetType$3.invoke(AssetLoader.kt:350) ~[?:?]
	at gg.essential.network.connectionmanager.cosmetics.AssetLoader$JsonAssetType$3.invoke(AssetLoader.kt:349) ~[?:?]
	at gg.essential.network.connectionmanager.cosmetics.AssetLoader$getAsset$1$future$1.invoke(AssetLoader.kt:93) ~[?:?]
	at gg.essential.network.connectionmanager.cosmetics.AssetLoader$getAsset$1$future$1.invoke(AssetLoader.kt:91) ~[?:?]
	at gg.essential.network.connectionmanager.cosmetics.AssetLoader$getAsset$1.invoke$lambda$0(AssetLoader.kt:91) ~[?:?]
	at java.util.concurrent.CompletableFuture$UniApply.tryFire(Unknown Source) ~[?:?]
	at java.util.concurrent.CompletableFuture$Completion.exec(Unknown Source) ~[?:?]
	at java.util.concurrent.ForkJoinTask.doExec(Unknown Source) ~[?:?]
	at java.util.concurrent.ForkJoinPool$WorkQueue.topLevelExec(Unknown Source) ~[?:?]
	at java.util.concurrent.ForkJoinPool.scan(Unknown Source) ~[?:?]
	at java.util.concurrent.ForkJoinPool.runWorker(Unknown Source) ~[?:?]
	at java.util.concurrent.ForkJoinWorkerThread.run(Unknown Source) ~[?:?]
[10:48:21] [ForkJoinPool.commonPool-worker-3/ERROR]: Could not find parent kotlin/jvm/internal/Lambda for class gg/essential/model/molang/QueryExpr$ModifiedDistanceMoved$1 in classloader jdk.internal.loader.ClassLoaders$AppClassLoader@76ed5528 on thread Thread[ForkJoinPool.commonPool-worker-3,5,main]
[10:48:21] [ForkJoinPool.commonPool-worker-3/ERROR]: An error occurred building event handler
java.lang.ClassNotFoundException: kotlin.jvm.internal.Lambda
	at jdk.internal.loader.BuiltinClassLoader.loadClass(Unknown Source) ~[?:?]
	at jdk.internal.loader.ClassLoaders$AppClassLoader.loadClass(Unknown Source) ~[?:?]
	at java.lang.ClassLoader.loadClass(Unknown Source) ~[?:?]
	at net.minecraftforge.eventbus.EventSubclassTransformer.buildEvents(EventSubclassTransformer.java:92) ~[eventbus-6.0.3.jar:?]
	at net.minecraftforge.eventbus.EventSubclassTransformer.transform(EventSubclassTransformer.java:44) ~[eventbus-6.0.3.jar:?]
	at net.minecraftforge.eventbus.EventBusEngine.processClass(EventBusEngine.java:26) ~[eventbus-6.0.3.jar:?]
	at net.minecraftforge.eventbus.service.ModLauncherService.processClassWithFlags(ModLauncherService.java:32) ~[eventbus-6.0.3.jar:6.0.3+6.0.3+master.039e4ea9]
	at cpw.mods.modlauncher.LaunchPluginHandler.offerClassNodeToPlugins(LaunchPluginHandler.java:88) ~[modlauncher-10.0.8.jar:?]
	at cpw.mods.modlauncher.ClassTransformer.transform(ClassTransformer.java:120) ~[modlauncher-10.0.8.jar:?]
	at cpw.mods.modlauncher.TransformingClassLoader.maybeTransformClassBytes(TransformingClassLoader.java:50) ~[modlauncher-10.0.8.jar:?]
	at cpw.mods.cl.ModuleClassLoader.readerToClass(ModuleClassLoader.java:113) ~[securejarhandler-2.1.4.jar:?]
	at cpw.mods.cl.ModuleClassLoader.lambda$findClass$15(ModuleClassLoader.java:219) ~[securejarhandler-2.1.4.jar:?]
	at cpw.mods.cl.ModuleClassLoader.loadFromModule(ModuleClassLoader.java:229) ~[securejarhandler-2.1.4.jar:?]
	at cpw.mods.cl.ModuleClassLoader.findClass(ModuleClassLoader.java:219) ~[securejarhandler-2.1.4.jar:?]
	at cpw.mods.cl.ModuleClassLoader.loadClass(ModuleClassLoader.java:135) ~[securejarhandler-2.1.4.jar:?]
	at java.lang.ClassLoader.loadClass(Unknown Source) ~[?:?]
	at gg.essential.model.molang.QueryExpr$ModifiedDistanceMoved.<init>(MolangExpression.kt:161) ~[?:?]
	at gg.essential.model.molang.QueryExpr$ModifiedDistanceMoved.<clinit>(MolangExpression.kt) ~[?:?]
	at gg.essential.model.molang.Parser.parseSimpleExpression(MolangExpression.kt:387) ~[?:?]
	at gg.essential.model.molang.Parser.parseProduct(MolangExpression.kt:401) ~[?:?]
	at gg.essential.model.molang.Parser.parseSum(MolangExpression.kt:412) ~[?:?]
	at gg.essential.model.molang.Parser.parseComparisons(MolangExpression.kt:423) ~[?:?]
	at gg.essential.model.molang.Parser.parseEqualityChecks(MolangExpression.kt:434) ~[?:?]
	at gg.essential.model.molang.Parser.parseLogicalAnds(MolangExpression.kt:443) ~[?:?]
	at gg.essential.model.molang.Parser.parseLogicalOrs(MolangExpression.kt:453) ~[?:?]
	at gg.essential.model.molang.Parser.parseTernary(MolangExpression.kt:463) ~[?:?]
	at gg.essential.model.molang.Parser.parseNullCoalescing(MolangExpression.kt:475) ~[?:?]
	at gg.essential.model.molang.Parser.parseExpression(MolangExpression.kt:479) ~[?:?]
	at gg.essential.model.molang.Parser.parseSimpleExpression(MolangExpression.kt:339) ~[?:?]
	at gg.essential.model.molang.Parser.parseProduct(MolangExpression.kt:401) ~[?:?]
	at gg.essential.model.molang.Parser.parseSum(MolangExpression.kt:412) ~[?:?]
	at gg.essential.model.molang.Parser.parseComparisons(MolangExpression.kt:423) ~[?:?]
	at gg.essential.model.molang.Parser.parseEqualityChecks(MolangExpression.kt:434) ~[?:?]
	at gg.essential.model.molang.Parser.parseLogicalAnds(MolangExpression.kt:443) ~[?:?]
	at gg.essential.model.molang.Parser.parseLogicalOrs(MolangExpression.kt:453) ~[?:?]
	at gg.essential.model.molang.Parser.parseTernary(MolangExpression.kt:463) ~[?:?]
	at gg.essential.model.molang.Parser.parseNullCoalescing(MolangExpression.kt:475) ~[?:?]
	at gg.essential.model.molang.Parser.parseExpression(MolangExpression.kt:479) ~[?:?]
	at gg.essential.model.molang.Parser.parseSimpleExpression(MolangExpression.kt:339) ~[?:?]
	at gg.essential.model.molang.Parser.parseProduct(MolangExpression.kt:401) ~[?:?]
	at gg.essential.model.molang.Parser.parseSum(MolangExpression.kt:412) ~[?:?]
	at gg.essential.model.molang.Parser.parseComparisons(MolangExpression.kt:423) ~[?:?]
	at gg.essential.model.molang.Parser.parseEqualityChecks(MolangExpression.kt:434) ~[?:?]
	at gg.essential.model.molang.Parser.parseLogicalAnds(MolangExpression.kt:443) ~[?:?]
	at gg.essential.model.molang.Parser.parseLogicalOrs(MolangExpression.kt:453) ~[?:?]
	at gg.essential.model.molang.Parser.parseTernary(MolangExpression.kt:463) ~[?:?]
	at gg.essential.model.molang.Parser.parseNullCoalescing(MolangExpression.kt:475) ~[?:?]
	at gg.essential.model.molang.Parser.parseExpression(MolangExpression.kt:479) ~[?:?]
	at gg.essential.model.molang.Parser.parseAssignment(MolangExpression.kt:483) ~[?:?]
	at gg.essential.model.molang.Parser.parseStatement(MolangExpression.kt:497) ~[?:?]
	at gg.essential.model.molang.Parser.parseStatements(MolangExpression.kt:502) ~[?:?]
	at gg.essential.model.molang.Parser.parseSimpleExpression(MolangExpression.kt:340) ~[?:?]
	at gg.essential.model.molang.Parser.parseProduct(MolangExpression.kt:401) ~[?:?]
	at gg.essential.model.molang.Parser.parseSum(MolangExpression.kt:412) ~[?:?]
	at gg.essential.model.molang.Parser.parseComparisons(MolangExpression.kt:423) ~[?:?]
	at gg.essential.model.molang.Parser.parseEqualityChecks(MolangExpression.kt:434) ~[?:?]
	at gg.essential.model.molang.Parser.parseLogicalAnds(MolangExpression.kt:443) ~[?:?]
	at gg.essential.model.molang.Parser.parseLogicalOrs(MolangExpression.kt:453) ~[?:?]
	at gg.essential.model.molang.Parser.parseTernary(MolangExpression.kt:463) ~[?:?]
	at gg.essential.model.molang.Parser.parseNullCoalescing(MolangExpression.kt:475) ~[?:?]
	at gg.essential.model.molang.Parser.parseExpression(MolangExpression.kt:479) ~[?:?]
	at gg.essential.model.molang.Parser.parseSimpleExpression(MolangExpression.kt:339) ~[?:?]
	at gg.essential.model.molang.Parser.parseProduct(MolangExpression.kt:401) ~[?:?]
	at gg.essential.model.molang.Parser.parseSum(MolangExpression.kt:412) ~[?:?]
	at gg.essential.model.molang.Parser.parseComparisons(MolangExpression.kt:423) ~[?:?]
	at gg.essential.model.molang.Parser.parseEqualityChecks(MolangExpression.kt:434) ~[?:?]
	at gg.essential.model.molang.Parser.parseLogicalAnds(MolangExpression.kt:443) ~[?:?]
	at gg.essential.model.molang.Parser.parseLogicalOrs(MolangExpression.kt:453) ~[?:?]
	at gg.essential.model.molang.Parser.parseTernary(MolangExpression.kt:463) ~[?:?]
	at gg.essential.model.molang.Parser.parseNullCoalescing(MolangExpression.kt:475) ~[?:?]
	at gg.essential.model.molang.Parser.parseExpression(MolangExpression.kt:479) ~[?:?]
	at gg.essential.model.molang.Parser.parseAssignment(MolangExpression.kt:483) ~[?:?]
	at gg.essential.model.molang.Parser.parseStatement(MolangExpression.kt:497) ~[?:?]
	at gg.essential.model.molang.Parser.parseStatements(MolangExpression.kt:502) ~[?:?]
	at gg.essential.model.molang.Parser.parseMolang(MolangExpression.kt:516) ~[?:?]
	at gg.essential.model.molang.Parser.fullyParseMolang(MolangExpression.kt:520) ~[?:?]
	at gg.essential.model.molang.Parser.tryFullyParseMolang(MolangExpression.kt:528) ~[?:?]
	at gg.essential.model.molang.MolangExpressionKt.parseMolangExpression(MolangExpression.kt:536) ~[?:?]
	at gg.essential.model.molang.MolangSerializer.deserialize(MolangExpression.kt:545) ~[?:?]
	at gg.essential.model.molang.MolangSerializer.deserialize(MolangExpression.kt:538) ~[?:?]
	at kotlinx.serialization.json.internal.PolymorphicKt.decodeSerializableValuePolymorphic(Polymorphic.kt:77) ~[?:?]
	at kotlinx.serialization.json.internal.AbstractJsonTreeDecoder.decodeSerializableValue(TreeJsonDecoder.kt:52) ~[?:?]
	at kotlinx.serialization.internal.TaggedDecoder.decodeSerializableValue(Tagged.kt:207) ~[?:?]
	at kotlinx.serialization.internal.TaggedDecoder$decodeSerializableElement$1.invoke(Tagged.kt:279) ~[?:?]
	at kotlinx.serialization.internal.TaggedDecoder.tagBlock(Tagged.kt:294) ~[?:?]
	at kotlinx.serialization.internal.TaggedDecoder.decodeSerializableElement(Tagged.kt:279) ~[?:?]
	at kotlinx.serialization.encoding.CompositeDecoder$DefaultImpls.decodeSerializableElement$default(Decoding.kt:538) ~[?:?]
	at kotlinx.serialization.internal.CollectionLikeSerializer.readElement(CollectionSerializers.kt:80) ~[?:?]
	at kotlinx.serialization.internal.AbstractCollectionSerializer.readElement$default(CollectionSerializers.kt:51) ~[?:?]
	at kotlinx.serialization.internal.AbstractCollectionSerializer.merge(CollectionSerializers.kt:36) ~[?:?]
	at kotlinx.serialization.internal.AbstractCollectionSerializer.deserialize(CollectionSerializers.kt:43) ~[?:?]
	at kotlinx.serialization.json.internal.PolymorphicKt.decodeSerializableValuePolymorphic(Polymorphic.kt:77) ~[?:?]
	at kotlinx.serialization.json.internal.AbstractJsonTreeDecoder.decodeSerializableValue(TreeJsonDecoder.kt:52) ~[?:?]
	at kotlinx.serialization.json.internal.TreeJsonDecoderKt.readJson(TreeJsonDecoder.kt:25) ~[?:?]
	at kotlinx.serialization.json.Json.decodeFromJsonElement(Json.kt:127) ~[?:?]
	at gg.essential.model.molang.MolangVec3Serializer.deserialize(MolangVec3.kt:52) ~[?:?]
	at gg.essential.model.molang.MolangVec3Serializer.deserialize(MolangVec3.kt:45) ~[?:?]
	at kotlinx.serialization.json.internal.PolymorphicKt.decodeSerializableValuePolymorphic(Polymorphic.kt:77) ~[?:?]
	at kotlinx.serialization.json.internal.AbstractJsonTreeDecoder.decodeSerializableValue(TreeJsonDecoder.kt:52) ~[?:?]
	at kotlinx.serialization.json.internal.TreeJsonDecoderKt.readJson(TreeJsonDecoder.kt:25) ~[?:?]
	at kotlinx.serialization.json.Json.decodeFromJsonElement(Json.kt:127) ~[?:?]
	at gg.essential.model.file.KeyframeSerializer.deserialize(AnimationFile.kt:164) ~[?:?]
	at gg.essential.model.file.KeyframeSerializer.deserialize(AnimationFile.kt:117) ~[?:?]
	at kotlinx.serialization.json.internal.PolymorphicKt.decodeSerializableValuePolymorphic(Polymorphic.kt:77) ~[?:?]
	at kotlinx.serialization.json.internal.AbstractJsonTreeDecoder.decodeSerializableValue(TreeJsonDecoder.kt:52) ~[?:?]
	at kotlinx.serialization.internal.TaggedDecoder.decodeSerializableValue(Tagged.kt:207) ~[?:?]
	at kotlinx.serialization.internal.TaggedDecoder$decodeSerializableElement$1.invoke(Tagged.kt:279) ~[?:?]
	at kotlinx.serialization.internal.TaggedDecoder.tagBlock(Tagged.kt:294) ~[?:?]
	at kotlinx.serialization.internal.TaggedDecoder.decodeSerializableElement(Tagged.kt:279) ~[?:?]
	at kotlinx.serialization.encoding.CompositeDecoder$DefaultImpls.decodeSerializableElement$default(Decoding.kt:538) ~[?:?]
	at kotlinx.serialization.internal.MapLikeSerializer.readElement(CollectionSerializers.kt:111) ~[?:?]
	at kotlinx.serialization.internal.MapLikeSerializer.readElement(CollectionSerializers.kt:84) ~[?:?]
	at kotlinx.serialization.internal.AbstractCollectionSerializer.readElement$default(CollectionSerializers.kt:51) ~[?:?]
	at kotlinx.serialization.internal.AbstractCollectionSerializer.merge(CollectionSerializers.kt:36) ~[?:?]
	at kotlinx.serialization.internal.AbstractCollectionSerializer.deserialize(CollectionSerializers.kt:43) ~[?:?]
	at kotlinx.serialization.json.internal.PolymorphicKt.decodeSerializableValuePolymorphic(Polymorphic.kt:77) ~[?:?]
	at kotlinx.serialization.json.internal.AbstractJsonTreeDecoder.decodeSerializableValue(TreeJsonDecoder.kt:52) ~[?:?]
	at gg.essential.model.util.TreeMapSerializer.deserialize(TreeMap.kt:73) ~[?:?]
	at gg.essential.model.util.TreeMapSerializer.deserialize(TreeMap.kt:69) ~[?:?]
	at kotlinx.serialization.json.internal.PolymorphicKt.decodeSerializableValuePolymorphic(Polymorphic.kt:77) ~[?:?]
	at kotlinx.serialization.json.internal.AbstractJsonTreeDecoder.decodeSerializableValue(TreeJsonDecoder.kt:52) ~[?:?]
	at kotlinx.serialization.json.internal.TreeJsonDecoderKt.readJson(TreeJsonDecoder.kt:25) ~[?:?]
	at kotlinx.serialization.json.Json.decodeFromJsonElement(Json.kt:127) ~[?:?]
	at kotlinx.serialization.json.JsonTransformingSerializer.deserialize(JsonTransformingSerializer.kt:78) ~[?:?]
	at gg.essential.model.file.KeyframesSerializer.deserialize(AnimationFile.kt:105) ~[?:?]
	at gg.essential.model.file.KeyframesSerializer.deserialize(AnimationFile.kt:103) ~[?:?]
	at kotlinx.serialization.json.internal.StreamingJsonDecoder.decodeSerializableValue(StreamingJsonDecoder.kt:69) ~[?:?]
	at kotlinx.serialization.encoding.AbstractDecoder.decodeSerializableValue(AbstractDecoder.kt:43) ~[?:?]
	at kotlinx.serialization.encoding.AbstractDecoder.decodeNullableSerializableElement(AbstractDecoder.kt:78) ~[?:?]
	at gg.essential.model.Channels$$serializer.deserialize(Animation.kt:373) ~[?:?]
	at gg.essential.model.Channels$$serializer.deserialize(Animation.kt:373) ~[?:?]
	at kotlinx.serialization.json.internal.StreamingJsonDecoder.decodeSerializableValue(StreamingJsonDecoder.kt:69) ~[?:?]
	at kotlinx.serialization.encoding.AbstractDecoder.decodeSerializableValue(AbstractDecoder.kt:43) ~[?:?]
	at kotlinx.serialization.encoding.AbstractDecoder.decodeSerializableElement(AbstractDecoder.kt:70) ~[?:?]
	at kotlinx.serialization.json.internal.StreamingJsonDecoder.decodeSerializableElement(StreamingJsonDecoder.kt:168) ~[?:?]
	at kotlinx.serialization.encoding.CompositeDecoder$DefaultImpls.decodeSerializableElement$default(Decoding.kt:538) ~[?:?]
	at kotlinx.serialization.internal.MapLikeSerializer.readElement(CollectionSerializers.kt:111) ~[?:?]
	at kotlinx.serialization.internal.MapLikeSerializer.readElement(CollectionSerializers.kt:84) ~[?:?]
	at kotlinx.serialization.internal.AbstractCollectionSerializer.readElement$default(CollectionSerializers.kt:51) ~[?:?]
	at kotlinx.serialization.internal.AbstractCollectionSerializer.merge(CollectionSerializers.kt:36) ~[?:?]
	at kotlinx.serialization.internal.AbstractCollectionSerializer.deserialize(CollectionSerializers.kt:43) ~[?:?]
	at kotlinx.serialization.json.internal.StreamingJsonDecoder.decodeSerializableValue(StreamingJsonDecoder.kt:69) ~[?:?]
	at kotlinx.serialization.encoding.AbstractDecoder.decodeSerializableValue(AbstractDecoder.kt:43) ~[?:?]
	at kotlinx.serialization.encoding.AbstractDecoder.decodeSerializableElement(AbstractDecoder.kt:70) ~[?:?]
	at kotlinx.serialization.json.internal.StreamingJsonDecoder.decodeSerializableElement(StreamingJsonDecoder.kt:168) ~[?:?]
	at gg.essential.model.file.AnimationFile$Animation$$serializer.deserialize(AnimationFile.kt:48) ~[?:?]
	at gg.essential.model.file.AnimationFile$Animation$$serializer.deserialize(AnimationFile.kt:48) ~[?:?]
	at kotlinx.serialization.json.internal.StreamingJsonDecoder.decodeSerializableValue(StreamingJsonDecoder.kt:69) ~[?:?]
	at kotlinx.serialization.encoding.AbstractDecoder.decodeSerializableValue(AbstractDecoder.kt:43) ~[?:?]
	at kotlinx.serialization.encoding.AbstractDecoder.decodeSerializableElement(AbstractDecoder.kt:70) ~[?:?]
	at kotlinx.serialization.json.internal.StreamingJsonDecoder.decodeSerializableElement(StreamingJsonDecoder.kt:168) ~[?:?]
	at kotlinx.serialization.encoding.CompositeDecoder$DefaultImpls.decodeSerializableElement$default(Decoding.kt:538) ~[?:?]
	at kotlinx.serialization.internal.MapLikeSerializer.readElement(CollectionSerializers.kt:111) ~[?:?]
	at kotlinx.serialization.internal.MapLikeSerializer.readElement(CollectionSerializers.kt:84) ~[?:?]
	at kotlinx.serialization.internal.AbstractCollectionSerializer.readElement$default(CollectionSerializers.kt:51) ~[?:?]
	at kotlinx.serialization.internal.AbstractCollectionSerializer.merge(CollectionSerializers.kt:36) ~[?:?]
	at kotlinx.serialization.internal.AbstractCollectionSerializer.deserialize(CollectionSerializers.kt:43) ~[?:?]
	at kotlinx.serialization.json.internal.StreamingJsonDecoder.decodeSerializableValue(StreamingJsonDecoder.kt:69) ~[?:?]
	at kotlinx.serialization.encoding.AbstractDecoder.decodeSerializableValue(AbstractDecoder.kt:43) ~[?:?]
	at kotlinx.serialization.encoding.AbstractDecoder.decodeSerializableElement(AbstractDecoder.kt:70) ~[?:?]
	at kotlinx.serialization.json.internal.StreamingJsonDecoder.decodeSerializableElement(StreamingJsonDecoder.kt:168) ~[?:?]
	at gg.essential.model.file.AnimationFile$$serializer.deserialize(AnimationFile.kt:41) ~[?:?]
	at gg.essential.model.file.AnimationFile$$serializer.deserialize(AnimationFile.kt:41) ~[?:?]
	at kotlinx.serialization.json.internal.StreamingJsonDecoder.decodeSerializableValue(StreamingJsonDecoder.kt:69) ~[?:?]
	at kotlinx.serialization.json.Json.decodeFromString(Json.kt:107) ~[?:?]
	at gg.essential.network.connectionmanager.cosmetics.AssetLoader$JsonAssetType$3.invoke(AssetLoader.kt:350) ~[?:?]
	at gg.essential.network.connectionmanager.cosmetics.AssetLoader$JsonAssetType$3.invoke(AssetLoader.kt:349) ~[?:?]
	at gg.essential.network.connectionmanager.cosmetics.AssetLoader$getAsset$1$future$1.invoke(AssetLoader.kt:93) ~[?:?]
	at gg.essential.network.connectionmanager.cosmetics.AssetLoader$getAsset$1$future$1.invoke(AssetLoader.kt:91) ~[?:?]
	at gg.essential.network.connectionmanager.cosmetics.AssetLoader$getAsset$1.invoke$lambda$0(AssetLoader.kt:91) ~[?:?]
	at java.util.concurrent.CompletableFuture$UniApply.tryFire(Unknown Source) ~[?:?]
	at java.util.concurrent.CompletableFuture$Completion.exec(Unknown Source) ~[?:?]
	at java.util.concurrent.ForkJoinTask.doExec(Unknown Source) ~[?:?]
	at java.util.concurrent.ForkJoinPool$WorkQueue.topLevelExec(Unknown Source) ~[?:?]
	at java.util.concurrent.ForkJoinPool.scan(Unknown Source) ~[?:?]
	at java.util.concurrent.ForkJoinPool.runWorker(Unknown Source) ~[?:?]
	at java.util.concurrent.ForkJoinWorkerThread.run(Unknown Source) ~[?:?]
[10:48:22] [Render thread/INFO]: Sending ConfigManager: jei:minecraft ...
[10:48:22] [Render thread/INFO]: Sending ConfigManager: jei:minecraft took 42.04 μs
[10:48:22] [Render thread/INFO]: Sending ConfigManager: modernfix:capturer ...
[10:48:22] [Render thread/INFO]: Sending ConfigManager: modernfix:capturer took 31.17 μs
[10:48:22] [Render thread/INFO]: Sending ConfigManager: createdieselgenerators:jei_plugin ...
[10:48:22] [Render thread/INFO]: Sending ConfigManager: createdieselgenerators:jei_plugin took 3.334 μs
[10:48:22] [Render thread/INFO]: Sending ConfigManager: corpse:corpse ...
[10:48:22] [Render thread/INFO]: Sending ConfigManager: corpse:corpse took 3.333 μs
[10:48:22] [Render thread/INFO]: Sending ConfigManager: curios:curios ...
[10:48:22] [Render thread/INFO]: Sending ConfigManager: curios:curios took 2.708 μs
[10:48:22] [Render thread/INFO]: Sending ConfigManager: trading_floor:jei_plugin ...
[10:48:22] [Render thread/INFO]: Sending ConfigManager: trading_floor:jei_plugin took 4.125 μs
[10:48:22] [Render thread/INFO]: Sending ConfigManager: sliceanddice:jei ...
[10:48:22] [Render thread/INFO]: Sending ConfigManager: sliceanddice:jei took 2.333 μs
[10:48:22] [Render thread/INFO]: Sending ConfigManager: createbigcannons:jei_plugin ...
[10:48:22] [Render thread/INFO]: Sending ConfigManager: createbigcannons:jei_plugin took 2.333 μs
[10:48:22] [Render thread/INFO]: Sending ConfigManager: rechiseled:chiseling_plugin ...
[10:48:22] [Render thread/INFO]: Sending ConfigManager: rechiseled:chiseling_plugin took 2.625 μs
[10:48:22] [Render thread/INFO]: Sending ConfigManager: jei:debug ...
[10:48:22] [Render thread/INFO]: Sending ConfigManager: jei:debug took 2.333 μs
[10:48:22] [Render thread/INFO]: Sending ConfigManager: jei:gui ...
[10:48:22] [Render thread/INFO]: Sending ConfigManager: jei:gui took 2.500 μs
[10:48:22] [Render thread/INFO]: Sending ConfigManager: jei:forge_gui ...
[10:48:22] [Render thread/INFO]: Sending ConfigManager: jei:forge_gui took 4.792 μs
[10:48:22] [Render thread/INFO]: Sending ConfigManager: potionbundles:potionbundles ...
[10:48:22] [Render thread/INFO]: Sending ConfigManager: potionbundles:potionbundles took 2.375 μs
[10:48:22] [Render thread/INFO]: Sending ConfigManager: emi:jemi ...
[10:48:22] [Render thread/INFO]: Sending ConfigManager: emi:jemi took 5.292 μs
[10:48:22] [Render thread/INFO]: Sending ConfigManager: farmersrespite:jei_plugin ...
[10:48:22] [Render thread/INFO]: Sending ConfigManager: farmersrespite:jei_plugin took 1.917 μs
[10:48:22] [Render thread/INFO]: Sending ConfigManager: sophisticatedcore:default ...
[10:48:22] [Render thread/INFO]: Sending ConfigManager: sophisticatedcore:default took 3.000 μs
[10:48:22] [Render thread/INFO]: Sending ConfigManager: sophisticatedbackpacks:default ...
[10:48:22] [Render thread/INFO]: Sending ConfigManager: sophisticatedbackpacks:default took 2.917 μs
[10:48:22] [Render thread/INFO]: Sending ConfigManager: create_connected:jei_plugin ...
[10:48:22] [Render thread/INFO]: Sending ConfigManager: create_connected:jei_plugin took 1.917 μs
[10:48:22] [Render thread/INFO]: Sending ConfigManager: farmersdelight:jei_plugin ...
[10:48:22] [Render thread/INFO]: Sending ConfigManager: farmersdelight:jei_plugin took 1.833 μs
[10:48:22] [Render thread/INFO]: Sending ConfigManager: ender_chested:jei_plugin ...
[10:48:22] [Render thread/INFO]: Sending ConfigManager: ender_chested:jei_plugin took 2.208 μs
[10:48:22] [Render thread/INFO]: Sending ConfigManager: cofh_core:default ...
[10:48:22] [Render thread/INFO]: Sending ConfigManager: cofh_core:default took 2.084 μs
[10:48:22] [Render thread/INFO]: Sending ConfigManager: trashslot:trashslot ...
[10:48:22] [Render thread/INFO]: Sending ConfigManager: trashslot:trashslot took 2.208 μs
[10:48:22] [Render thread/INFO]: Sending ConfigManager: sophisticatedstorage:default ...
[10:48:22] [Render thread/INFO]: Sending ConfigManager: sophisticatedstorage:default took 2.166 μs
[10:48:22] [Render thread/INFO]: Sending ConfigManager: create:jei_plugin ...
[10:48:22] [Render thread/INFO]: Sending ConfigManager: create:jei_plugin took 1.917 μs
[10:48:22] [Render thread/INFO]: Sending ConfigManager: delightful:jei_plugin ...
[10:48:22] [Render thread/INFO]: Sending ConfigManager: delightful:jei_plugin took 1.875 μs
[10:48:22] [Render thread/INFO]: Sending ConfigManager: create_central_kitchen:jei_plugin ...
[10:48:22] [Render thread/INFO]: Sending ConfigManager: create_central_kitchen:jei_plugin took 1.833 μs
[10:48:22] [Render thread/INFO]: Sending ConfigManager: clayworks:clayworks ...
[10:48:22] [Render thread/INFO]: Sending ConfigManager: clayworks:clayworks took 2.000 μs
[10:48:22] [Render thread/INFO]: Sending ConfigManager: endergetic:endergetic ...
[10:48:22] [Render thread/INFO]: Sending ConfigManager: endergetic:endergetic took 2.000 μs
[10:48:22] [Render thread/INFO]: Sending ConfigManager: neapolitan:neapolitan ...
[10:48:22] [Render thread/INFO]: Sending ConfigManager: neapolitan:neapolitan took 2.041 μs
[10:48:22] [Render thread/INFO]: Sending ConfigManager: randomium:jei_plugin ...
[10:48:22] [Render thread/INFO]: Sending ConfigManager: randomium:jei_plugin took 1.958 μs
[10:48:22] [Render thread/INFO]: Sending ConfigManager: jade:main ...
[10:48:22] [Render thread/INFO]: Sending ConfigManager: jade:main took 1.833 μs
[10:48:22] [Render thread/INFO]: Sending ConfigManager: easy_villagers:easy_villagers ...
[10:48:22] [Render thread/INFO]: Sending ConfigManager: easy_villagers:easy_villagers took 2.041 μs
[10:48:22] [Render thread/INFO]: Sending ConfigManager: quark:quark ...
[10:48:22] [Render thread/INFO]: Sending ConfigManager: quark:quark took 1.833 μs
[10:48:22] [Render thread/INFO]: Sending ConfigManager: supplementaries:jei_plugin ...
[10:48:22] [Render thread/INFO]: Sending ConfigManager: supplementaries:jei_plugin took 1.875 μs
[10:48:22] [Render thread/INFO]: Sending ConfigManager: woodworks:woodworks ...
[10:48:22] [Render thread/INFO]: Sending ConfigManager: woodworks:woodworks took 2.084 μs
[10:48:22] [Render thread/INFO]: Sending ConfigManager: abnormals_delight:abnormals_delight ...
[10:48:22] [Render thread/INFO]: Sending ConfigManager: abnormals_delight:abnormals_delight took 2.125 μs
[10:48:22] [Render thread/INFO]: Sending ConfigManager: miners_delight:jei_plugin ...
[10:48:22] [Render thread/INFO]: Sending ConfigManager: miners_delight:jei_plugin took 1.791 μs
[10:48:22] [Render thread/INFO]: Sending ConfigManager: mynethersdelight:jei_plugin ...
[10:48:22] [Render thread/INFO]: Sending ConfigManager: mynethersdelight:jei_plugin took 1.750 μs
[10:48:22] [Render thread/INFO]: Sending ConfigManager: create_enchantment_industry:jei_plugin ...
[10:48:22] [Render thread/INFO]: Sending ConfigManager: create_enchantment_industry:jei_plugin took 1.917 μs
[10:48:22] [Render thread/INFO]: Sending ConfigManager: createaddition:jei_plugin ...
[10:48:22] [Render thread/INFO]: Sending ConfigManager: createaddition:jei_plugin took 2.958 μs
[10:48:22] [Render thread/INFO]: Sending ConfigManager: jei:internal ...
[10:48:22] [Render thread/INFO]: Sending ConfigManager: jei:internal took 4.542 μs
[10:48:22] [Render thread/INFO]: Dispatching Module Step SETUP_CLIENT
[10:48:22] [Render thread/INFO]: Registering model layer quark:crab#main
[10:48:22] [Render thread/INFO]: Registering model layer quark:shiba#main
[10:48:22] [Render thread/INFO]: Registering model layer quark:quark_boat_chest#main
[10:48:22] [Render thread/INFO]: Registering model layer quark:wraith#main
[10:48:22] [Render thread/INFO]: Registering model layer quark:forgotten_hat#main
[10:48:22] [Render thread/INFO]: Registering model layer quark:stoneling#main
[10:48:22] [Render thread/INFO]: Registering model layer quark:toretoise#main
[10:48:22] [Render thread/INFO]: Registering model layer quark:quark_boat#main
[10:48:22] [Render thread/INFO]: Registering model layer quark:foxhound#main
[10:48:22] [Render thread/INFO]: Registering model layer quark:backpack#main
[10:48:22] [ForkJoinPool.commonPool-worker-6/ERROR]: Could not find parent kotlin/jvm/internal/Lambda for class gg/essential/util/GuiEssentialPlatformImpl$onResourceManagerReload$1 in classloader jdk.internal.loader.ClassLoaders$AppClassLoader@76ed5528 on thread Thread[ForkJoinPool.commonPool-worker-6,5,main]
[10:48:22] [ForkJoinPool.commonPool-worker-6/ERROR]: An error occurred building event handler
java.lang.ClassNotFoundException: kotlin.jvm.internal.Lambda
	at jdk.internal.loader.BuiltinClassLoader.loadClass(Unknown Source) ~[?:?]
	at jdk.internal.loader.ClassLoaders$AppClassLoader.loadClass(Unknown Source) ~[?:?]
	at java.lang.ClassLoader.loadClass(Unknown Source) ~[?:?]
	at net.minecraftforge.eventbus.EventSubclassTransformer.buildEvents(EventSubclassTransformer.java:92) ~[eventbus-6.0.3.jar:?]
	at net.minecraftforge.eventbus.EventSubclassTransformer.transform(EventSubclassTransformer.java:44) ~[eventbus-6.0.3.jar:?]
	at net.minecraftforge.eventbus.EventBusEngine.processClass(EventBusEngine.java:26) ~[eventbus-6.0.3.jar:?]
	at net.minecraftforge.eventbus.service.ModLauncherService.processClassWithFlags(ModLauncherService.java:32) ~[eventbus-6.0.3.jar:6.0.3+6.0.3+master.039e4ea9]
	at cpw.mods.modlauncher.LaunchPluginHandler.offerClassNodeToPlugins(LaunchPluginHandler.java:88) ~[modlauncher-10.0.8.jar:?]
	at cpw.mods.modlauncher.ClassTransformer.transform(ClassTransformer.java:120) ~[modlauncher-10.0.8.jar:?]
	at cpw.mods.modlauncher.TransformingClassLoader.maybeTransformClassBytes(TransformingClassLoader.java:50) ~[modlauncher-10.0.8.jar:?]
	at cpw.mods.cl.ModuleClassLoader.readerToClass(ModuleClassLoader.java:113) ~[securejarhandler-2.1.4.jar:?]
	at cpw.mods.cl.ModuleClassLoader.lambda$findClass$15(ModuleClassLoader.java:219) ~[securejarhandler-2.1.4.jar:?]
	at cpw.mods.cl.ModuleClassLoader.loadFromModule(ModuleClassLoader.java:229) ~[securejarhandler-2.1.4.jar:?]
	at cpw.mods.cl.ModuleClassLoader.findClass(ModuleClassLoader.java:219) ~[securejarhandler-2.1.4.jar:?]
	at cpw.mods.cl.ModuleClassLoader.loadClass(ModuleClassLoader.java:135) ~[securejarhandler-2.1.4.jar:?]
	at java.lang.ClassLoader.loadClass(Unknown Source) ~[?:?]
	at gg.essential.util.GuiEssentialPlatformImpl.onResourceManagerReload(GuiEssentialPlatformImpl.kt:162) ~[?:?]
	at gg.essential.util.image.bitmap.GuiEssentialExtensionsKt.<clinit>(guiEssentialExtensions.kt:30) ~[?:?]
	at gg.essential.network.connectionmanager.cosmetics.AssetLoader$AssetType$Mask$1.invoke(AssetLoader.kt:333) ~[?:?]
	at gg.essential.network.connectionmanager.cosmetics.AssetLoader$AssetType$Mask$1.invoke(AssetLoader.kt:332) ~[?:?]
	at gg.essential.network.connectionmanager.cosmetics.AssetLoader$getAsset$1$future$1.invoke(AssetLoader.kt:93) ~[?:?]
	at gg.essential.network.connectionmanager.cosmetics.AssetLoader$getAsset$1$future$1.invoke(AssetLoader.kt:91) ~[?:?]
	at gg.essential.network.connectionmanager.cosmetics.AssetLoader$getAsset$1.invoke$lambda$0(AssetLoader.kt:91) ~[?:?]
	at java.util.concurrent.CompletableFuture$UniApply.tryFire(Unknown Source) ~[?:?]
	at java.util.concurrent.CompletableFuture$Completion.exec(Unknown Source) ~[?:?]
	at java.util.concurrent.ForkJoinTask.doExec(Unknown Source) ~[?:?]
	at java.util.concurrent.ForkJoinPool$WorkQueue.topLevelExec(Unknown Source) ~[?:?]
	at java.util.concurrent.ForkJoinPool.scan(Unknown Source) ~[?:?]
	at java.util.concurrent.ForkJoinPool.runWorker(Unknown Source) ~[?:?]
	at java.util.concurrent.ForkJoinWorkerThread.run(Unknown Source) ~[?:?]
[10:48:22] [ForkJoinPool.commonPool-worker-7/ERROR]: Could not find parent kotlinx/serialization/json/JsonTransformingSerializer for class gg/essential/model/file/ParticlesFile$Event$WeightedEventSerializer in classloader jdk.internal.loader.ClassLoaders$AppClassLoader@76ed5528 on thread Thread[ForkJoinPool.commonPool-worker-7,5,main]
[10:48:22] [ForkJoinPool.commonPool-worker-7/ERROR]: An error occurred building event handler
java.lang.ClassNotFoundException: kotlinx.serialization.json.JsonTransformingSerializer
	at jdk.internal.loader.BuiltinClassLoader.loadClass(Unknown Source) ~[?:?]
	at jdk.internal.loader.ClassLoaders$AppClassLoader.loadClass(Unknown Source) ~[?:?]
	at java.lang.ClassLoader.loadClass(Unknown Source) ~[?:?]
	at net.minecraftforge.eventbus.EventSubclassTransformer.buildEvents(EventSubclassTransformer.java:92) ~[eventbus-6.0.3.jar:?]
	at net.minecraftforge.eventbus.EventSubclassTransformer.transform(EventSubclassTransformer.java:44) ~[eventbus-6.0.3.jar:?]
	at net.minecraftforge.eventbus.EventBusEngine.processClass(EventBusEngine.java:26) ~[eventbus-6.0.3.jar:?]
	at net.minecraftforge.eventbus.service.ModLauncherService.processClassWithFlags(ModLauncherService.java:32) ~[eventbus-6.0.3.jar:6.0.3+6.0.3+master.039e4ea9]
	at cpw.mods.modlauncher.LaunchPluginHandler.offerClassNodeToPlugins(LaunchPluginHandler.java:88) ~[modlauncher-10.0.8.jar:?]
	at cpw.mods.modlauncher.ClassTransformer.transform(ClassTransformer.java:120) ~[modlauncher-10.0.8.jar:?]
	at cpw.mods.modlauncher.TransformingClassLoader.maybeTransformClassBytes(TransformingClassLoader.java:50) ~[modlauncher-10.0.8.jar:?]
	at cpw.mods.cl.ModuleClassLoader.readerToClass(ModuleClassLoader.java:113) ~[securejarhandler-2.1.4.jar:?]
	at cpw.mods.cl.ModuleClassLoader.lambda$findClass$15(ModuleClassLoader.java:219) ~[securejarhandler-2.1.4.jar:?]
	at cpw.mods.cl.ModuleClassLoader.loadFromModule(ModuleClassLoader.java:229) ~[securejarhandler-2.1.4.jar:?]
	at cpw.mods.cl.ModuleClassLoader.findClass(ModuleClassLoader.java:219) ~[securejarhandler-2.1.4.jar:?]
	at cpw.mods.cl.ModuleClassLoader.loadClass(ModuleClassLoader.java:135) ~[securejarhandler-2.1.4.jar:?]
	at java.lang.ClassLoader.loadClass(Unknown Source) ~[?:?]
	at gg.essential.model.file.ParticlesFile$Event.<clinit>(ParticlesFile.kt:111) ~[?:?]
	at gg.essential.model.file.ParticlesFile$Event$$serializer.deserialize(ParticlesFile.kt:111) ~[?:?]
	at gg.essential.model.file.ParticlesFile$Event$$serializer.deserialize(ParticlesFile.kt:111) ~[?:?]
	at kotlinx.serialization.json.internal.StreamingJsonDecoder.decodeSerializableValue(StreamingJsonDecoder.kt:69) ~[?:?]
	at kotlinx.serialization.encoding.AbstractDecoder.decodeSerializableValue(AbstractDecoder.kt:43) ~[?:?]
	at kotlinx.serialization.encoding.AbstractDecoder.decodeSerializableElement(AbstractDecoder.kt:70) ~[?:?]
	at kotlinx.serialization.json.internal.StreamingJsonDecoder.decodeSerializableElement(StreamingJsonDecoder.kt:168) ~[?:?]
	at kotlinx.serialization.encoding.CompositeDecoder$DefaultImpls.decodeSerializableElement$default(Decoding.kt:538) ~[?:?]
	at kotlinx.serialization.internal.MapLikeSerializer.readElement(CollectionSerializers.kt:111) ~[?:?]
	at kotlinx.serialization.internal.MapLikeSerializer.readElement(CollectionSerializers.kt:84) ~[?:?]
	at kotlinx.serialization.internal.AbstractCollectionSerializer.readElement$default(CollectionSerializers.kt:51) ~[?:?]
	at kotlinx.serialization.internal.AbstractCollectionSerializer.merge(CollectionSerializers.kt:36) ~[?:?]
	at kotlinx.serialization.internal.AbstractCollectionSerializer.deserialize(CollectionSerializers.kt:43) ~[?:?]
	at kotlinx.serialization.json.internal.StreamingJsonDecoder.decodeSerializableValue(StreamingJsonDecoder.kt:69) ~[?:?]
	at kotlinx.serialization.encoding.AbstractDecoder.decodeSerializableValue(AbstractDecoder.kt:43) ~[?:?]
	at kotlinx.serialization.encoding.AbstractDecoder.decodeSerializableElement(AbstractDecoder.kt:70) ~[?:?]
	at kotlinx.serialization.json.internal.StreamingJsonDecoder.decodeSerializableElement(StreamingJsonDecoder.kt:168) ~[?:?]
	at gg.essential.model.file.ParticlesFile$ParticleEffect$$serializer.deserialize(ParticlesFile.kt:59) ~[?:?]
	at gg.essential.model.file.ParticlesFile$ParticleEffect$$serializer.deserialize(ParticlesFile.kt:59) ~[?:?]
	at kotlinx.serialization.json.internal.StreamingJsonDecoder.decodeSerializableValue(StreamingJsonDecoder.kt:69) ~[?:?]
	at kotlinx.serialization.encoding.AbstractDecoder.decodeSerializableValue(AbstractDecoder.kt:43) ~[?:?]
	at kotlinx.serialization.encoding.AbstractDecoder.decodeSerializableElement(AbstractDecoder.kt:70) ~[?:?]
	at kotlinx.serialization.json.internal.StreamingJsonDecoder.decodeSerializableElement(StreamingJsonDecoder.kt:168) ~[?:?]
	at gg.essential.model.file.ParticlesFile$$serializer.deserialize(ParticlesFile.kt:52) ~[?:?]
	at gg.essential.model.file.ParticlesFile$$serializer.deserialize(ParticlesFile.kt:52) ~[?:?]
	at kotlinx.serialization.json.internal.StreamingJsonDecoder.decodeSerializableValue(StreamingJsonDecoder.kt:69) ~[?:?]
	at kotlinx.serialization.json.Json.decodeFromString(Json.kt:107) ~[?:?]
	at gg.essential.network.connectionmanager.cosmetics.AssetLoader$JsonAssetType$3.invoke(AssetLoader.kt:350) ~[?:?]
	at gg.essential.network.connectionmanager.cosmetics.AssetLoader$JsonAssetType$3.invoke(AssetLoader.kt:349) ~[?:?]
	at gg.essential.network.connectionmanager.cosmetics.AssetLoader$getAsset$1$future$1.invoke(AssetLoader.kt:93) ~[?:?]
	at gg.essential.network.connectionmanager.cosmetics.AssetLoader$getAsset$1$future$1.invoke(AssetLoader.kt:91) ~[?:?]
	at gg.essential.network.connectionmanager.cosmetics.AssetLoader$getAsset$1.invoke$lambda$0(AssetLoader.kt:91) ~[?:?]
	at java.util.concurrent.CompletableFuture$UniApply.tryFire(Unknown Source) ~[?:?]
	at java.util.concurrent.CompletableFuture$Completion.exec(Unknown Source) ~[?:?]
	at java.util.concurrent.ForkJoinTask.doExec(Unknown Source) ~[?:?]
	at java.util.concurrent.ForkJoinPool$WorkQueue.topLevelExec(Unknown Source) ~[?:?]
	at java.util.concurrent.ForkJoinPool.scan(Unknown Source) ~[?:?]
	at java.util.concurrent.ForkJoinPool.runWorker(Unknown Source) ~[?:?]
	at java.util.concurrent.ForkJoinWorkerThread.run(Unknown Source) ~[?:?]
[10:48:22] [ForkJoinPool.commonPool-worker-3/ERROR]: Could not find parent kotlin/jvm/internal/Lambda for class gg/essential/model/Box3$Companion$points$2 in classloader jdk.internal.loader.ClassLoaders$AppClassLoader@76ed5528 on thread Thread[ForkJoinPool.commonPool-worker-3,5,main]
[10:48:22] [ForkJoinPool.commonPool-worker-3/ERROR]: An error occurred building event handler
java.lang.ClassNotFoundException: kotlin.jvm.internal.Lambda
	at jdk.internal.loader.BuiltinClassLoader.loadClass(Unknown Source) ~[?:?]
	at jdk.internal.loader.ClassLoaders$AppClassLoader.loadClass(Unknown Source) ~[?:?]
	at java.lang.ClassLoader.loadClass(Unknown Source) ~[?:?]
	at net.minecraftforge.eventbus.EventSubclassTransformer.buildEvents(EventSubclassTransformer.java:92) ~[eventbus-6.0.3.jar:?]
	at net.minecraftforge.eventbus.EventSubclassTransformer.transform(EventSubclassTransformer.java:44) ~[eventbus-6.0.3.jar:?]
	at net.minecraftforge.eventbus.EventBusEngine.processClass(EventBusEngine.java:26) ~[eventbus-6.0.3.jar:?]
	at net.minecraftforge.eventbus.service.ModLauncherService.processClassWithFlags(ModLauncherService.java:32) ~[eventbus-6.0.3.jar:6.0.3+6.0.3+master.039e4ea9]
	at cpw.mods.modlauncher.LaunchPluginHandler.offerClassNodeToPlugins(LaunchPluginHandler.java:88) ~[modlauncher-10.0.8.jar:?]
	at cpw.mods.modlauncher.ClassTransformer.transform(ClassTransformer.java:120) ~[modlauncher-10.0.8.jar:?]
	at cpw.mods.modlauncher.TransformingClassLoader.maybeTransformClassBytes(TransformingClassLoader.java:50) ~[modlauncher-10.0.8.jar:?]
	at cpw.mods.cl.ModuleClassLoader.readerToClass(ModuleClassLoader.java:113) ~[securejarhandler-2.1.4.jar:?]
	at cpw.mods.cl.ModuleClassLoader.lambda$findClass$15(ModuleClassLoader.java:219) ~[securejarhandler-2.1.4.jar:?]
	at cpw.mods.cl.ModuleClassLoader.loadFromModule(ModuleClassLoader.java:229) ~[securejarhandler-2.1.4.jar:?]
	at cpw.mods.cl.ModuleClassLoader.findClass(ModuleClassLoader.java:219) ~[securejarhandler-2.1.4.jar:?]
	at cpw.mods.cl.ModuleClassLoader.loadClass(ModuleClassLoader.java:135) ~[securejarhandler-2.1.4.jar:?]
	at java.lang.ClassLoader.loadClass(Unknown Source) ~[?:?]
	at gg.essential.model.Box3.<clinit>(Box3.kt:138) ~[?:?]
	at gg.essential.model.ModelParser.parse(ModelParser.kt:50) ~[?:?]
	at gg.essential.model.BedrockModel.<init>(BedrockModel.kt:66) ~[?:?]
	at gg.essential.network.connectionmanager.cosmetics.ModelLoader$ModelState$future$2.invoke(ModelLoader.kt:80) ~[?:?]
	at gg.essential.network.connectionmanager.cosmetics.ModelLoader$ModelState$future$2.invoke(ModelLoader.kt:79) ~[?:?]
	at gg.essential.network.connectionmanager.cosmetics.ModelLoader$ModelState.future$lambda$9(ModelLoader.kt:79) ~[?:?]
	at java.util.concurrent.CompletableFuture.uniHandle(Unknown Source) ~[?:?]
	at java.util.concurrent.CompletableFuture$UniHandle.tryFire(Unknown Source) ~[?:?]
	at java.util.concurrent.CompletableFuture$Completion.exec(Unknown Source) ~[?:?]
	at java.util.concurrent.ForkJoinTask.doExec(Unknown Source) ~[?:?]
	at java.util.concurrent.ForkJoinPool$WorkQueue.topLevelExec(Unknown Source) ~[?:?]
	at java.util.concurrent.ForkJoinPool.scan(Unknown Source) ~[?:?]
	at java.util.concurrent.ForkJoinPool.runWorker(Unknown Source) ~[?:?]
	at java.util.concurrent.ForkJoinWorkerThread.run(Unknown Source) ~[?:?]
[10:48:22] [ForkJoinPool.commonPool-worker-3/ERROR]: Could not find parent kotlin/jvm/internal/Lambda for class gg/essential/model/Box3$intersectsTriangleHelper$2 in classloader jdk.internal.loader.ClassLoaders$AppClassLoader@76ed5528 on thread Thread[ForkJoinPool.commonPool-worker-3,5,main]
[10:48:22] [ForkJoinPool.commonPool-worker-3/ERROR]: An error occurred building event handler
java.lang.ClassNotFoundException: kotlin.jvm.internal.Lambda
	at jdk.internal.loader.BuiltinClassLoader.loadClass(Unknown Source) ~[?:?]
	at jdk.internal.loader.ClassLoaders$AppClassLoader.loadClass(Unknown Source) ~[?:?]
	at java.lang.ClassLoader.loadClass(Unknown Source) ~[?:?]
	at net.minecraftforge.eventbus.EventSubclassTransformer.buildEvents(EventSubclassTransformer.java:92) ~[eventbus-6.0.3.jar:?]
	at net.minecraftforge.eventbus.EventSubclassTransformer.transform(EventSubclassTransformer.java:44) ~[eventbus-6.0.3.jar:?]
	at net.minecraftforge.eventbus.EventBusEngine.processClass(EventBusEngine.java:26) ~[eventbus-6.0.3.jar:?]
	at net.minecraftforge.eventbus.service.ModLauncherService.processClassWithFlags(ModLauncherService.java:32) ~[eventbus-6.0.3.jar:6.0.3+6.0.3+master.039e4ea9]
	at cpw.mods.modlauncher.LaunchPluginHandler.offerClassNodeToPlugins(LaunchPluginHandler.java:88) ~[modlauncher-10.0.8.jar:?]
	at cpw.mods.modlauncher.ClassTransformer.transform(ClassTransformer.java:120) ~[modlauncher-10.0.8.jar:?]
	at cpw.mods.modlauncher.TransformingClassLoader.maybeTransformClassBytes(TransformingClassLoader.java:50) ~[modlauncher-10.0.8.jar:?]
	at cpw.mods.cl.ModuleClassLoader.readerToClass(ModuleClassLoader.java:113) ~[securejarhandler-2.1.4.jar:?]
	at cpw.mods.cl.ModuleClassLoader.lambda$findClass$15(ModuleClassLoader.java:219) ~[securejarhandler-2.1.4.jar:?]
	at cpw.mods.cl.ModuleClassLoader.loadFromModule(ModuleClassLoader.java:229) ~[securejarhandler-2.1.4.jar:?]
	at cpw.mods.cl.ModuleClassLoader.findClass(ModuleClassLoader.java:219) ~[securejarhandler-2.1.4.jar:?]
	at cpw.mods.cl.ModuleClassLoader.loadClass(ModuleClassLoader.java:135) ~[securejarhandler-2.1.4.jar:?]
	at java.lang.ClassLoader.loadClass(Unknown Source) ~[?:?]
	at gg.essential.model.Box3.<init>(Box3.kt:24) ~[?:?]
	at gg.essential.model.Box3.<init>(Box3.kt:19) ~[?:?]
	at gg.essential.model.ModelParser.parse(ModelParser.kt:50) ~[?:?]
	at gg.essential.model.BedrockModel.<init>(BedrockModel.kt:66) ~[?:?]
	at gg.essential.network.connectionmanager.cosmetics.ModelLoader$ModelState$future$2.invoke(ModelLoader.kt:80) ~[?:?]
	at gg.essential.network.connectionmanager.cosmetics.ModelLoader$ModelState$future$2.invoke(ModelLoader.kt:79) ~[?:?]
	at gg.essential.network.connectionmanager.cosmetics.ModelLoader$ModelState.future$lambda$9(ModelLoader.kt:79) ~[?:?]
	at java.util.concurrent.CompletableFuture.uniHandle(Unknown Source) ~[?:?]
	at java.util.concurrent.CompletableFuture$UniHandle.tryFire(Unknown Source) ~[?:?]
	at java.util.concurrent.CompletableFuture$Completion.exec(Unknown Source) ~[?:?]
	at java.util.concurrent.ForkJoinTask.doExec(Unknown Source) ~[?:?]
	at java.util.concurrent.ForkJoinPool$WorkQueue.topLevelExec(Unknown Source) ~[?:?]
	at java.util.concurrent.ForkJoinPool.scan(Unknown Source) ~[?:?]
	at java.util.concurrent.ForkJoinPool.runWorker(Unknown Source) ~[?:?]
	at java.util.concurrent.ForkJoinWorkerThread.run(Unknown Source) ~[?:?]
[10:48:22] [ForkJoinPool.commonPool-worker-3/ERROR]: Could not find parent gg/essential/model/molang/QueryExpr for class gg/essential/model/molang/QueryExpr$LifeTime in classloader jdk.internal.loader.ClassLoaders$AppClassLoader@76ed5528 on thread Thread[ForkJoinPool.commonPool-worker-3,5,main]
[10:48:22] [ForkJoinPool.commonPool-worker-3/ERROR]: An error occurred building event handler
java.lang.ClassNotFoundException: gg.essential.model.molang.QueryExpr
	at jdk.internal.loader.BuiltinClassLoader.loadClass(Unknown Source) ~[?:?]
	at jdk.internal.loader.ClassLoaders$AppClassLoader.loadClass(Unknown Source) ~[?:?]
	at java.lang.ClassLoader.loadClass(Unknown Source) ~[?:?]
	at net.minecraftforge.eventbus.EventSubclassTransformer.buildEvents(EventSubclassTransformer.java:92) ~[eventbus-6.0.3.jar:?]
	at net.minecraftforge.eventbus.EventSubclassTransformer.transform(EventSubclassTransformer.java:44) ~[eventbus-6.0.3.jar:?]
	at net.minecraftforge.eventbus.EventBusEngine.processClass(EventBusEngine.java:26) ~[eventbus-6.0.3.jar:?]
	at net.minecraftforge.eventbus.service.ModLauncherService.processClassWithFlags(ModLauncherService.java:32) ~[eventbus-6.0.3.jar:6.0.3+6.0.3+master.039e4ea9]
	at cpw.mods.modlauncher.LaunchPluginHandler.offerClassNodeToPlugins(LaunchPluginHandler.java:88) ~[modlauncher-10.0.8.jar:?]
	at cpw.mods.modlauncher.ClassTransformer.transform(ClassTransformer.java:120) ~[modlauncher-10.0.8.jar:?]
	at cpw.mods.modlauncher.TransformingClassLoader.maybeTransformClassBytes(TransformingClassLoader.java:50) ~[modlauncher-10.0.8.jar:?]
	at cpw.mods.cl.ModuleClassLoader.readerToClass(ModuleClassLoader.java:113) ~[securejarhandler-2.1.4.jar:?]
	at cpw.mods.cl.ModuleClassLoader.lambda$findClass$15(ModuleClassLoader.java:219) ~[securejarhandler-2.1.4.jar:?]
	at cpw.mods.cl.ModuleClassLoader.loadFromModule(ModuleClassLoader.java:229) ~[securejarhandler-2.1.4.jar:?]
	at cpw.mods.cl.ModuleClassLoader.findClass(ModuleClassLoader.java:219) ~[securejarhandler-2.1.4.jar:?]
	at cpw.mods.cl.ModuleClassLoader.loadClass(ModuleClassLoader.java:135) ~[securejarhandler-2.1.4.jar:?]
	at java.lang.ClassLoader.loadClass(Unknown Source) ~[?:?]
	at gg.essential.model.molang.Parser.parseSimpleExpression(MolangExpression.kt:385) ~[?:?]
	at gg.essential.model.molang.Parser.parseProduct(MolangExpression.kt:401) ~[?:?]
	at gg.essential.model.molang.Parser.parseSum(MolangExpression.kt:412) ~[?:?]
	at gg.essential.model.molang.Parser.parseComparisons(MolangExpression.kt:423) ~[?:?]
	at gg.essential.model.molang.Parser.parseEqualityChecks(MolangExpression.kt:434) ~[?:?]
	at gg.essential.model.molang.Parser.parseLogicalAnds(MolangExpression.kt:443) ~[?:?]
	at gg.essential.model.molang.Parser.parseLogicalOrs(MolangExpression.kt:453) ~[?:?]
	at gg.essential.model.molang.Parser.parseTernary(MolangExpression.kt:463) ~[?:?]
	at gg.essential.model.molang.Parser.parseNullCoalescing(MolangExpression.kt:475) ~[?:?]
	at gg.essential.model.molang.Parser.parseExpression(MolangExpression.kt:479) ~[?:?]
	at gg.essential.model.molang.Parser.parseSimpleExpression(MolangExpression.kt:339) ~[?:?]
	at gg.essential.model.molang.Parser.parseProduct(MolangExpression.kt:401) ~[?:?]
	at gg.essential.model.molang.Parser.parseSum(MolangExpression.kt:412) ~[?:?]
	at gg.essential.model.molang.Parser.parseComparisons(MolangExpression.kt:423) ~[?:?]
	at gg.essential.model.molang.Parser.parseEqualityChecks(MolangExpression.kt:434) ~[?:?]
	at gg.essential.model.molang.Parser.parseLogicalAnds(MolangExpression.kt:443) ~[?:?]
	at gg.essential.model.molang.Parser.parseLogicalOrs(MolangExpression.kt:453) ~[?:?]
	at gg.essential.model.molang.Parser.parseTernary(MolangExpression.kt:463) ~[?:?]
	at gg.essential.model.molang.Parser.parseNullCoalescing(MolangExpression.kt:475) ~[?:?]
	at gg.essential.model.molang.Parser.parseExpression(MolangExpression.kt:479) ~[?:?]
	at gg.essential.model.molang.Parser.parseSimpleExpression(MolangExpression.kt:339) ~[?:?]
	at gg.essential.model.molang.Parser.parseProduct(MolangExpression.kt:401) ~[?:?]
	at gg.essential.model.molang.Parser.parseSum(MolangExpression.kt:415) ~[?:?]
	at gg.essential.model.molang.Parser.parseComparisons(MolangExpression.kt:423) ~[?:?]
	at gg.essential.model.molang.Parser.parseEqualityChecks(MolangExpression.kt:434) ~[?:?]
	at gg.essential.model.molang.Parser.parseLogicalAnds(MolangExpression.kt:443) ~[?:?]
	at gg.essential.model.molang.Parser.parseLogicalOrs(MolangExpression.kt:453) ~[?:?]
	at gg.essential.model.molang.Parser.parseTernary(MolangExpression.kt:463) ~[?:?]
	at gg.essential.model.molang.Parser.parseNullCoalescing(MolangExpression.kt:475) ~[?:?]
	at gg.essential.model.molang.Parser.parseExpression(MolangExpression.kt:479) ~[?:?]
	at gg.essential.model.molang.Parser.parseSimpleExpression(MolangExpression.kt:339) ~[?:?]
	at gg.essential.model.molang.Parser.parseProduct(MolangExpression.kt:401) ~[?:?]
	at gg.essential.model.molang.Parser.parseSum(MolangExpression.kt:412) ~[?:?]
	at gg.essential.model.molang.Parser.parseComparisons(MolangExpression.kt:423) ~[?:?]
	at gg.essential.model.molang.Parser.parseEqualityChecks(MolangExpression.kt:434) ~[?:?]
	at gg.essential.model.molang.Parser.parseLogicalAnds(MolangExpression.kt:443) ~[?:?]
	at gg.essential.model.molang.Parser.parseLogicalOrs(MolangExpression.kt:453) ~[?:?]
	at gg.essential.model.molang.Parser.parseTernary(MolangExpression.kt:463) ~[?:?]
	at gg.essential.model.molang.Parser.parseNullCoalescing(MolangExpression.kt:475) ~[?:?]
	at gg.essential.model.molang.Parser.parseExpression(MolangExpression.kt:479) ~[?:?]
	at gg.essential.model.molang.Parser.parseSimpleExpression(MolangExpression.kt:357) ~[?:?]
	at gg.essential.model.molang.Parser.parseProduct(MolangExpression.kt:401) ~[?:?]
	at gg.essential.model.molang.Parser.parseSum(MolangExpression.kt:412) ~[?:?]
	at gg.essential.model.molang.Parser.parseComparisons(MolangExpression.kt:423) ~[?:?]
	at gg.essential.model.molang.Parser.parseEqualityChecks(MolangExpression.kt:434) ~[?:?]
	at gg.essential.model.molang.Parser.parseLogicalAnds(MolangExpression.kt:443) ~[?:?]
	at gg.essential.model.molang.Parser.parseLogicalOrs(MolangExpression.kt:453) ~[?:?]
	at gg.essential.model.molang.Parser.parseTernary(MolangExpression.kt:463) ~[?:?]
	at gg.essential.model.molang.Parser.parseNullCoalescing(MolangExpression.kt:475) ~[?:?]
	at gg.essential.model.molang.Parser.parseExpression(MolangExpression.kt:479) ~[?:?]
	at gg.essential.model.molang.Parser.parseSimpleExpression(MolangExpression.kt:339) ~[?:?]
	at gg.essential.model.molang.Parser.parseProduct(MolangExpression.kt:401) ~[?:?]
	at gg.essential.model.molang.Parser.parseSum(MolangExpression.kt:415) ~[?:?]
	at gg.essential.model.molang.Parser.parseComparisons(MolangExpression.kt:423) ~[?:?]
	at gg.essential.model.molang.Parser.parseEqualityChecks(MolangExpression.kt:434) ~[?:?]
	at gg.essential.model.molang.Parser.parseLogicalAnds(MolangExpression.kt:443) ~[?:?]
	at gg.essential.model.molang.Parser.parseLogicalOrs(MolangExpression.kt:453) ~[?:?]
	at gg.essential.model.molang.Parser.parseTernary(MolangExpression.kt:463) ~[?:?]
	at gg.essential.model.molang.Parser.parseNullCoalescing(MolangExpression.kt:475) ~[?:?]
	at gg.essential.model.molang.Parser.parseExpression(MolangExpression.kt:479) ~[?:?]
	at gg.essential.model.molang.Parser.parseSimpleExpression(MolangExpression.kt:339) ~[?:?]
	at gg.essential.model.molang.Parser.parseProduct(MolangExpression.kt:401) ~[?:?]
	at gg.essential.model.molang.Parser.parseSum(MolangExpression.kt:412) ~[?:?]
	at gg.essential.model.molang.Parser.parseComparisons(MolangExpression.kt:423) ~[?:?]
	at gg.essential.model.molang.Parser.parseEqualityChecks(MolangExpression.kt:434) ~[?:?]
	at gg.essential.model.molang.Parser.parseLogicalAnds(MolangExpression.kt:443) ~[?:?]
	at gg.essential.model.molang.Parser.parseLogicalOrs(MolangExpression.kt:453) ~[?:?]
	at gg.essential.model.molang.Parser.parseTernary(MolangExpression.kt:463) ~[?:?]
	at gg.essential.model.molang.Parser.parseNullCoalescing(MolangExpression.kt:475) ~[?:?]
	at gg.essential.model.molang.Parser.parseExpression(MolangExpression.kt:479) ~[?:?]
	at gg.essential.model.molang.Parser.parseAssignment(MolangExpression.kt:483) ~[?:?]
	at gg.essential.model.molang.Parser.parseStatement(MolangExpression.kt:497) ~[?:?]
	at gg.essential.model.molang.Parser.parseStatements(MolangExpression.kt:502) ~[?:?]
	at gg.essential.model.molang.Parser.parseMolang(MolangExpression.kt:516) ~[?:?]
	at gg.essential.model.molang.Parser.fullyParseMolang(MolangExpression.kt:520) ~[?:?]
	at gg.essential.model.molang.Parser.tryFullyParseMolang(MolangExpression.kt:528) ~[?:?]
	at gg.essential.model.molang.MolangExpressionKt.parseMolangExpression(MolangExpression.kt:536) ~[?:?]
	at gg.essential.model.molang.MolangSerializer.deserialize(MolangExpression.kt:545) ~[?:?]
	at gg.essential.model.molang.MolangSerializer.deserialize(MolangExpression.kt:538) ~[?:?]
	at kotlinx.serialization.json.internal.PolymorphicKt.decodeSerializableValuePolymorphic(Polymorphic.kt:77) ~[?:?]
	at kotlinx.serialization.json.internal.AbstractJsonTreeDecoder.decodeSerializableValue(TreeJsonDecoder.kt:52) ~[?:?]
	at kotlinx.serialization.internal.TaggedDecoder.decodeSerializableValue(Tagged.kt:207) ~[?:?]
	at kotlinx.serialization.internal.TaggedDecoder$decodeSerializableElement$1.invoke(Tagged.kt:279) ~[?:?]
	at kotlinx.serialization.internal.TaggedDecoder.tagBlock(Tagged.kt:294) ~[?:?]
	at kotlinx.serialization.internal.TaggedDecoder.decodeSerializableElement(Tagged.kt:279) ~[?:?]
	at kotlinx.serialization.encoding.CompositeDecoder$DefaultImpls.decodeSerializableElement$default(Decoding.kt:538) ~[?:?]
	at kotlinx.serialization.internal.CollectionLikeSerializer.readElement(CollectionSerializers.kt:80) ~[?:?]
	at kotlinx.serialization.internal.AbstractCollectionSerializer.readElement$default(CollectionSerializers.kt:51) ~[?:?]
	at kotlinx.serialization.internal.AbstractCollectionSerializer.merge(CollectionSerializers.kt:36) ~[?:?]
	at kotlinx.serialization.internal.AbstractCollectionSerializer.deserialize(CollectionSerializers.kt:43) ~[?:?]
	at kotlinx.serialization.json.internal.PolymorphicKt.decodeSerializableValuePolymorphic(Polymorphic.kt:77) ~[?:?]
	at kotlinx.serialization.json.internal.AbstractJsonTreeDecoder.decodeSerializableValue(TreeJsonDecoder.kt:52) ~[?:?]
	at kotlinx.serialization.json.internal.TreeJsonDecoderKt.readJson(TreeJsonDecoder.kt:25) ~[?:?]
	at kotlinx.serialization.json.Json.decodeFromJsonElement(Json.kt:127) ~[?:?]
	at gg.essential.model.molang.MolangVec3Serializer.deserialize(MolangVec3.kt:52) ~[?:?]
	at gg.essential.model.molang.MolangVec3Serializer.deserialize(MolangVec3.kt:45) ~[?:?]
	at kotlinx.serialization.json.internal.PolymorphicKt.decodeSerializableValuePolymorphic(Polymorphic.kt:77) ~[?:?]
	at kotlinx.serialization.json.internal.AbstractJsonTreeDecoder.decodeSerializableValue(TreeJsonDecoder.kt:52) ~[?:?]
	at kotlinx.serialization.json.internal.TreeJsonDecoderKt.readJson(TreeJsonDecoder.kt:25) ~[?:?]
	at kotlinx.serialization.json.Json.decodeFromJsonElement(Json.kt:127) ~[?:?]
	at gg.essential.model.file.KeyframeSerializer.deserialize(AnimationFile.kt:164) ~[?:?]
	at gg.essential.model.file.KeyframeSerializer.deserialize(AnimationFile.kt:117) ~[?:?]
	at kotlinx.serialization.json.internal.PolymorphicKt.decodeSerializableValuePolymorphic(Polymorphic.kt:77) ~[?:?]
	at kotlinx.serialization.json.internal.AbstractJsonTreeDecoder.decodeSerializableValue(TreeJsonDecoder.kt:52) ~[?:?]
	at kotlinx.serialization.internal.TaggedDecoder.decodeSerializableValue(Tagged.kt:207) ~[?:?]
	at kotlinx.serialization.internal.TaggedDecoder$decodeSerializableElement$1.invoke(Tagged.kt:279) ~[?:?]
	at kotlinx.serialization.internal.TaggedDecoder.tagBlock(Tagged.kt:294) ~[?:?]
	at kotlinx.serialization.internal.TaggedDecoder.decodeSerializableElement(Tagged.kt:279) ~[?:?]
	at kotlinx.serialization.encoding.CompositeDecoder$DefaultImpls.decodeSerializableElement$default(Decoding.kt:538) ~[?:?]
	at kotlinx.serialization.internal.MapLikeSerializer.readElement(CollectionSerializers.kt:111) ~[?:?]
	at kotlinx.serialization.internal.MapLikeSerializer.readElement(CollectionSerializers.kt:84) ~[?:?]
	at kotlinx.serialization.internal.AbstractCollectionSerializer.readElement$default(CollectionSerializers.kt:51) ~[?:?]
	at kotlinx.serialization.internal.AbstractCollectionSerializer.merge(CollectionSerializers.kt:36) ~[?:?]
	at kotlinx.serialization.internal.AbstractCollectionSerializer.deserialize(CollectionSerializers.kt:43) ~[?:?]
	at kotlinx.serialization.json.internal.PolymorphicKt.decodeSerializableValuePolymorphic(Polymorphic.kt:77) ~[?:?]
	at kotlinx.serialization.json.internal.AbstractJsonTreeDecoder.decodeSerializableValue(TreeJsonDecoder.kt:52) ~[?:?]
	at gg.essential.model.util.TreeMapSerializer.deserialize(TreeMap.kt:73) ~[?:?]
	at gg.essential.model.util.TreeMapSerializer.deserialize(TreeMap.kt:69) ~[?:?]
	at kotlinx.serialization.json.internal.PolymorphicKt.decodeSerializableValuePolymorphic(Polymorphic.kt:77) ~[?:?]
	at kotlinx.serialization.json.internal.AbstractJsonTreeDecoder.decodeSerializableValue(TreeJsonDecoder.kt:52) ~[?:?]
	at kotlinx.serialization.json.internal.TreeJsonDecoderKt.readJson(TreeJsonDecoder.kt:25) ~[?:?]
	at kotlinx.serialization.json.Json.decodeFromJsonElement(Json.kt:127) ~[?:?]
	at kotlinx.serialization.json.JsonTransformingSerializer.deserialize(JsonTransformingSerializer.kt:78) ~[?:?]
	at gg.essential.model.file.KeyframesSerializer.deserialize(AnimationFile.kt:105) ~[?:?]
	at gg.essential.model.file.KeyframesSerializer.deserialize(AnimationFile.kt:103) ~[?:?]
	at kotlinx.serialization.json.internal.StreamingJsonDecoder.decodeSerializableValue(StreamingJsonDecoder.kt:69) ~[?:?]
	at kotlinx.serialization.encoding.AbstractDecoder.decodeSerializableValue(AbstractDecoder.kt:43) ~[?:?]
	at kotlinx.serialization.encoding.AbstractDecoder.decodeNullableSerializableElement(AbstractDecoder.kt:78) ~[?:?]
	at gg.essential.model.Channels$$serializer.deserialize(Animation.kt:373) ~[?:?]
	at gg.essential.model.Channels$$serializer.deserialize(Animation.kt:373) ~[?:?]
	at kotlinx.serialization.json.internal.StreamingJsonDecoder.decodeSerializableValue(StreamingJsonDecoder.kt:69) ~[?:?]
	at kotlinx.serialization.encoding.AbstractDecoder.decodeSerializableValue(AbstractDecoder.kt:43) ~[?:?]
	at kotlinx.serialization.encoding.AbstractDecoder.decodeSerializableElement(AbstractDecoder.kt:70) ~[?:?]
	at kotlinx.serialization.json.internal.StreamingJsonDecoder.decodeSerializableElement(StreamingJsonDecoder.kt:168) ~[?:?]
	at kotlinx.serialization.encoding.CompositeDecoder$DefaultImpls.decodeSerializableElement$default(Decoding.kt:538) ~[?:?]
	at kotlinx.serialization.internal.MapLikeSerializer.readElement(CollectionSerializers.kt:111) ~[?:?]
	at kotlinx.serialization.internal.MapLikeSerializer.readElement(CollectionSerializers.kt:84) ~[?:?]
	at kotlinx.serialization.internal.AbstractCollectionSerializer.readElement$default(CollectionSerializers.kt:51) ~[?:?]
	at kotlinx.serialization.internal.AbstractCollectionSerializer.merge(CollectionSerializers.kt:36) ~[?:?]
	at kotlinx.serialization.internal.AbstractCollectionSerializer.deserialize(CollectionSerializers.kt:43) ~[?:?]
	at kotlinx.serialization.json.internal.StreamingJsonDecoder.decodeSerializableValue(StreamingJsonDecoder.kt:69) ~[?:?]
	at kotlinx.serialization.encoding.AbstractDecoder.decodeSerializableValue(AbstractDecoder.kt:43) ~[?:?]
	at kotlinx.serialization.encoding.AbstractDecoder.decodeSerializableElement(AbstractDecoder.kt:70) ~[?:?]
	at kotlinx.serialization.json.internal.StreamingJsonDecoder.decodeSerializableElement(StreamingJsonDecoder.kt:168) ~[?:?]
	at gg.essential.model.file.AnimationFile$Animation$$serializer.deserialize(AnimationFile.kt:48) ~[?:?]
	at gg.essential.model.file.AnimationFile$Animation$$serializer.deserialize(AnimationFile.kt:48) ~[?:?]
	at kotlinx.serialization.json.internal.StreamingJsonDecoder.decodeSerializableValue(StreamingJsonDecoder.kt:69) ~[?:?]
	at kotlinx.serialization.encoding.AbstractDecoder.decodeSerializableValue(AbstractDecoder.kt:43) ~[?:?]
	at kotlinx.serialization.encoding.AbstractDecoder.decodeSerializableElement(AbstractDecoder.kt:70) ~[?:?]
	at kotlinx.serialization.json.internal.StreamingJsonDecoder.decodeSerializableElement(StreamingJsonDecoder.kt:168) ~[?:?]
	at kotlinx.serialization.encoding.CompositeDecoder$DefaultImpls.decodeSerializableElement$default(Decoding.kt:538) ~[?:?]
	at kotlinx.serialization.internal.MapLikeSerializer.readElement(CollectionSerializers.kt:111) ~[?:?]
	at kotlinx.serialization.internal.MapLikeSerializer.readElement(CollectionSerializers.kt:84) ~[?:?]
	at kotlinx.serialization.internal.AbstractCollectionSerializer.readElement$default(CollectionSerializers.kt:51) ~[?:?]
	at kotlinx.serialization.internal.AbstractCollectionSerializer.merge(CollectionSerializers.kt:36) ~[?:?]
	at kotlinx.serialization.internal.AbstractCollectionSerializer.deserialize(CollectionSerializers.kt:43) ~[?:?]
	at kotlinx.serialization.json.internal.StreamingJsonDecoder.decodeSerializableValue(StreamingJsonDecoder.kt:69) ~[?:?]
	at kotlinx.serialization.encoding.AbstractDecoder.decodeSerializableValue(AbstractDecoder.kt:43) ~[?:?]
	at kotlinx.serialization.encoding.AbstractDecoder.decodeSerializableElement(AbstractDecoder.kt:70) ~[?:?]
	at kotlinx.serialization.json.internal.StreamingJsonDecoder.decodeSerializableElement(StreamingJsonDecoder.kt:168) ~[?:?]
	at gg.essential.model.file.AnimationFile$$serializer.deserialize(AnimationFile.kt:41) ~[?:?]
	at gg.essential.model.file.AnimationFile$$serializer.deserialize(AnimationFile.kt:41) ~[?:?]
	at kotlinx.serialization.json.internal.StreamingJsonDecoder.decodeSerializableValue(StreamingJsonDecoder.kt:69) ~[?:?]
	at kotlinx.serialization.json.Json.decodeFromString(Json.kt:107) ~[?:?]
	at gg.essential.network.connectionmanager.cosmetics.AssetLoader$JsonAssetType$3.invoke(AssetLoader.kt:350) ~[?:?]
	at gg.essential.network.connectionmanager.cosmetics.AssetLoader$JsonAssetType$3.invoke(AssetLoader.kt:349) ~[?:?]
	at gg.essential.network.connectionmanager.cosmetics.AssetLoader$getAsset$1$future$1.invoke(AssetLoader.kt:93) ~[?:?]
	at gg.essential.network.connectionmanager.cosmetics.AssetLoader$getAsset$1$future$1.invoke(AssetLoader.kt:91) ~[?:?]
	at gg.essential.network.connectionmanager.cosmetics.AssetLoader$getAsset$1.invoke$lambda$0(AssetLoader.kt:91) ~[?:?]
	at java.util.concurrent.CompletableFuture$UniApply.tryFire(Unknown Source) ~[?:?]
	at java.util.concurrent.CompletableFuture$Completion.exec(Unknown Source) ~[?:?]
	at java.util.concurrent.ForkJoinTask.doExec(Unknown Source) ~[?:?]
	at java.util.concurrent.ForkJoinPool$WorkQueue.topLevelExec(Unknown Source) ~[?:?]
	at java.util.concurrent.ForkJoinPool.scan(Unknown Source) ~[?:?]
	at java.util.concurrent.ForkJoinPool.runWorker(Unknown Source) ~[?:?]
	at java.util.concurrent.ForkJoinWorkerThread.run(Unknown Source) ~[?:?]
[10:48:22] [ForkJoinPool.commonPool-worker-3/ERROR]: Could not find parent kotlin/jvm/internal/Lambda for class gg/essential/model/molang/QueryExpr$LifeTime$1 in classloader jdk.internal.loader.ClassLoaders$AppClassLoader@76ed5528 on thread Thread[ForkJoinPool.commonPool-worker-3,5,main]
[10:48:22] [ForkJoinPool.commonPool-worker-7/ERROR]: Could not find parent kotlin/jvm/internal/Lambda for class gg/essential/model/file/ParticlesFile$Event$Particle$Type$Companion$1 in classloader jdk.internal.loader.ClassLoaders$AppClassLoader@76ed5528 on thread Thread[ForkJoinPool.commonPool-worker-7,5,main]
[10:48:22] [ForkJoinPool.commonPool-worker-3/ERROR]: An error occurred building event handler
java.lang.ClassNotFoundException: kotlin.jvm.internal.Lambda
	at jdk.internal.loader.BuiltinClassLoader.loadClass(Unknown Source) ~[?:?]
	at jdk.internal.loader.ClassLoaders$AppClassLoader.loadClass(Unknown Source) ~[?:?]
	at java.lang.ClassLoader.loadClass(Unknown Source) ~[?:?]
	at net.minecraftforge.eventbus.EventSubclassTransformer.buildEvents(EventSubclassTransformer.java:92) ~[eventbus-6.0.3.jar:?]
	at net.minecraftforge.eventbus.EventSubclassTransformer.transform(EventSubclassTransformer.java:44) ~[eventbus-6.0.3.jar:?]
	at net.minecraftforge.eventbus.EventBusEngine.processClass(EventBusEngine.java:26) ~[eventbus-6.0.3.jar:?]
	at net.minecraftforge.eventbus.service.ModLauncherService.processClassWithFlags(ModLauncherService.java:32) ~[eventbus-6.0.3.jar:6.0.3+6.0.3+master.039e4ea9]
	at cpw.mods.modlauncher.LaunchPluginHandler.offerClassNodeToPlugins(LaunchPluginHandler.java:88) ~[modlauncher-10.0.8.jar:?]
	at cpw.mods.modlauncher.ClassTransformer.transform(ClassTransformer.java:120) ~[modlauncher-10.0.8.jar:?]
	at cpw.mods.modlauncher.TransformingClassLoader.maybeTransformClassBytes(TransformingClassLoader.java:50) ~[modlauncher-10.0.8.jar:?]
	at cpw.mods.cl.ModuleClassLoader.readerToClass(ModuleClassLoader.java:113) ~[securejarhandler-2.1.4.jar:?]
	at cpw.mods.cl.ModuleClassLoader.lambda$findClass$15(ModuleClassLoader.java:219) ~[securejarhandler-2.1.4.jar:?]
	at cpw.mods.cl.ModuleClassLoader.loadFromModule(ModuleClassLoader.java:229) ~[securejarhandler-2.1.4.jar:?]
	at cpw.mods.cl.ModuleClassLoader.findClass(ModuleClassLoader.java:219) ~[securejarhandler-2.1.4.jar:?]
	at cpw.mods.cl.ModuleClassLoader.loadClass(ModuleClassLoader.java:135) ~[securejarhandler-2.1.4.jar:?]
	at java.lang.ClassLoader.loadClass(Unknown Source) ~[?:?]
	at gg.essential.model.molang.QueryExpr$LifeTime.<init>(MolangExpression.kt:159) ~[?:?]
	at gg.essential.model.molang.QueryExpr$LifeTime.<clinit>(MolangExpression.kt) ~[?:?]
	at gg.essential.model.molang.Parser.parseSimpleExpression(MolangExpression.kt:385) ~[?:?]
	at gg.essential.model.molang.Parser.parseProduct(MolangExpression.kt:401) ~[?:?]
	at gg.essential.model.molang.Parser.parseSum(MolangExpression.kt:412) ~[?:?]
	at gg.essential.model.molang.Parser.parseComparisons(MolangExpression.kt:423) ~[?:?]
	at gg.essential.model.molang.Parser.parseEqualityChecks(MolangExpression.kt:434) ~[?:?]
	at gg.essential.model.molang.Parser.parseLogicalAnds(MolangExpression.kt:443) ~[?:?]
	at gg.essential.model.molang.Parser.parseLogicalOrs(MolangExpression.kt:453) ~[?:?]
	at gg.essential.model.molang.Parser.parseTernary(MolangExpression.kt:463) ~[?:?]
	at gg.essential.model.molang.Parser.parseNullCoalescing(MolangExpression.kt:475) ~[?:?]
	at gg.essential.model.molang.Parser.parseExpression(MolangExpression.kt:479) ~[?:?]
	at gg.essential.model.molang.Parser.parseSimpleExpression(MolangExpression.kt:339) ~[?:?]
	at gg.essential.model.molang.Parser.parseProduct(MolangExpression.kt:401) ~[?:?]
	at gg.essential.model.molang.Parser.parseSum(MolangExpression.kt:412) ~[?:?]
	at gg.essential.model.molang.Parser.parseComparisons(MolangExpression.kt:423) ~[?:?]
	at gg.essential.model.molang.Parser.parseEqualityChecks(MolangExpression.kt:434) ~[?:?]
	at gg.essential.model.molang.Parser.parseLogicalAnds(MolangExpression.kt:443) ~[?:?]
	at gg.essential.model.molang.Parser.parseLogicalOrs(MolangExpression.kt:453) ~[?:?]
	at gg.essential.model.molang.Parser.parseTernary(MolangExpression.kt:463) ~[?:?]
	at gg.essential.model.molang.Parser.parseNullCoalescing(MolangExpression.kt:475) ~[?:?]
	at gg.essential.model.molang.Parser.parseExpression(MolangExpression.kt:479) ~[?:?]
	at gg.essential.model.molang.Parser.parseSimpleExpression(MolangExpression.kt:339) ~[?:?]
	at gg.essential.model.molang.Parser.parseProduct(MolangExpression.kt:401) ~[?:?]
	at gg.essential.model.molang.Parser.parseSum(MolangExpression.kt:415) ~[?:?]
	at gg.essential.model.molang.Parser.parseComparisons(MolangExpression.kt:423) ~[?:?]
	at gg.essential.model.molang.Parser.parseEqualityChecks(MolangExpression.kt:434) ~[?:?]
	at gg.essential.model.molang.Parser.parseLogicalAnds(MolangExpression.kt:443) ~[?:?]
	at gg.essential.model.molang.Parser.parseLogicalOrs(MolangExpression.kt:453) ~[?:?]
	at gg.essential.model.molang.Parser.parseTernary(MolangExpression.kt:463) ~[?:?]
	at gg.essential.model.molang.Parser.parseNullCoalescing(MolangExpression.kt:475) ~[?:?]
	at gg.essential.model.molang.Parser.parseExpression(MolangExpression.kt:479) ~[?:?]
	at gg.essential.model.molang.Parser.parseSimpleExpression(MolangExpression.kt:339) ~[?:?]
	at gg.essential.model.molang.Parser.parseProduct(MolangExpression.kt:401) ~[?:?]
	at gg.essential.model.molang.Parser.parseSum(MolangExpression.kt:412) ~[?:?]
	at gg.essential.model.molang.Parser.parseComparisons(MolangExpression.kt:423) ~[?:?]
	at gg.essential.model.molang.Parser.parseEqualityChecks(MolangExpression.kt:434) ~[?:?]
	at gg.essential.model.molang.Parser.parseLogicalAnds(MolangExpression.kt:443) ~[?:?]
	at gg.essential.model.molang.Parser.parseLogicalOrs(MolangExpression.kt:453) ~[?:?]
	at gg.essential.model.molang.Parser.parseTernary(MolangExpression.kt:463) ~[?:?]
	at gg.essential.model.molang.Parser.parseNullCoalescing(MolangExpression.kt:475) ~[?:?]
	at gg.essential.model.molang.Parser.parseExpression(MolangExpression.kt:479) ~[?:?]
	at gg.essential.model.molang.Parser.parseSimpleExpression(MolangExpression.kt:357) ~[?:?]
	at gg.essential.model.molang.Parser.parseProduct(MolangExpression.kt:401) ~[?:?]
	at gg.essential.model.molang.Parser.parseSum(MolangExpression.kt:412) ~[?:?]
	at gg.essential.model.molang.Parser.parseComparisons(MolangExpression.kt:423) ~[?:?]
	at gg.essential.model.molang.Parser.parseEqualityChecks(MolangExpression.kt:434) ~[?:?]
	at gg.essential.model.molang.Parser.parseLogicalAnds(MolangExpression.kt:443) ~[?:?]
	at gg.essential.model.molang.Parser.parseLogicalOrs(MolangExpression.kt:453) ~[?:?]
	at gg.essential.model.molang.Parser.parseTernary(MolangExpression.kt:463) ~[?:?]
	at gg.essential.model.molang.Parser.parseNullCoalescing(MolangExpression.kt:475) ~[?:?]
	at gg.essential.model.molang.Parser.parseExpression(MolangExpression.kt:479) ~[?:?]
	at gg.essential.model.molang.Parser.parseSimpleExpression(MolangExpression.kt:339) ~[?:?]
	at gg.essential.model.molang.Parser.parseProduct(MolangExpression.kt:401) ~[?:?]
	at gg.essential.model.molang.Parser.parseSum(MolangExpression.kt:415) ~[?:?]
	at gg.essential.model.molang.Parser.parseComparisons(MolangExpression.kt:423) ~[?:?]
	at gg.essential.model.molang.Parser.parseEqualityChecks(MolangExpression.kt:434) ~[?:?]
	at gg.essential.model.molang.Parser.parseLogicalAnds(MolangExpression.kt:443) ~[?:?]
	at gg.essential.model.molang.Parser.parseLogicalOrs(MolangExpression.kt:453) ~[?:?]
	at gg.essential.model.molang.Parser.parseTernary(MolangExpression.kt:463) ~[?:?]
	at gg.essential.model.molang.Parser.parseNullCoalescing(MolangExpression.kt:475) ~[?:?]
	at gg.essential.model.molang.Parser.parseExpression(MolangExpression.kt:479) ~[?:?]
	at gg.essential.model.molang.Parser.parseSimpleExpression(MolangExpression.kt:339) ~[?:?]
	at gg.essential.model.molang.Parser.parseProduct(MolangExpression.kt:401) ~[?:?]
	at gg.essential.model.molang.Parser.parseSum(MolangExpression.kt:412) ~[?:?]
	at gg.essential.model.molang.Parser.parseComparisons(MolangExpression.kt:423) ~[?:?]
	at gg.essential.model.molang.Parser.parseEqualityChecks(MolangExpression.kt:434) ~[?:?]
	at gg.essential.model.molang.Parser.parseLogicalAnds(MolangExpression.kt:443) ~[?:?]
	at gg.essential.model.molang.Parser.parseLogicalOrs(MolangExpression.kt:453) ~[?:?]
	at gg.essential.model.molang.Parser.parseTernary(MolangExpression.kt:463) ~[?:?]
	at gg.essential.model.molang.Parser.parseNullCoalescing(MolangExpression.kt:475) ~[?:?]
	at gg.essential.model.molang.Parser.parseExpression(MolangExpression.kt:479) ~[?:?]
	at gg.essential.model.molang.Parser.parseAssignment(MolangExpression.kt:483) ~[?:?]
	at gg.essential.model.molang.Parser.parseStatement(MolangExpression.kt:497) ~[?:?]
	at gg.essential.model.molang.Parser.parseStatements(MolangExpression.kt:502) ~[?:?]
	at gg.essential.model.molang.Parser.parseMolang(MolangExpression.kt:516) ~[?:?]
	at gg.essential.model.molang.Parser.fullyParseMolang(MolangExpression.kt:520) ~[?:?]
	at gg.essential.model.molang.Parser.tryFullyParseMolang(MolangExpression.kt:528) ~[?:?]
	at gg.essential.model.molang.MolangExpressionKt.parseMolangExpression(MolangExpression.kt:536) ~[?:?]
	at gg.essential.model.molang.MolangSerializer.deserialize(MolangExpression.kt:545) ~[?:?]
	at gg.essential.model.molang.MolangSerializer.deserialize(MolangExpression.kt:538) ~[?:?]
	at kotlinx.serialization.json.internal.PolymorphicKt.decodeSerializableValuePolymorphic(Polymorphic.kt:77) ~[?:?]
	at kotlinx.serialization.json.internal.AbstractJsonTreeDecoder.decodeSerializableValue(TreeJsonDecoder.kt:52) ~[?:?]
	at kotlinx.serialization.internal.TaggedDecoder.decodeSerializableValue(Tagged.kt:207) ~[?:?]
	at kotlinx.serialization.internal.TaggedDecoder$decodeSerializableElement$1.invoke(Tagged.kt:279) ~[?:?]
	at kotlinx.serialization.internal.TaggedDecoder.tagBlock(Tagged.kt:294) ~[?:?]
	at kotlinx.serialization.internal.TaggedDecoder.decodeSerializableElement(Tagged.kt:279) ~[?:?]
	at kotlinx.serialization.encoding.CompositeDecoder$DefaultImpls.decodeSerializableElement$default(Decoding.kt:538) ~[?:?]
	at kotlinx.serialization.internal.CollectionLikeSerializer.readElement(CollectionSerializers.kt:80) ~[?:?]
	at kotlinx.serialization.internal.AbstractCollectionSerializer.readElement$default(CollectionSerializers.kt:51) ~[?:?]
	at kotlinx.serialization.internal.AbstractCollectionSerializer.merge(CollectionSerializers.kt:36) ~[?:?]
	at kotlinx.serialization.internal.AbstractCollectionSerializer.deserialize(CollectionSerializers.kt:43) ~[?:?]
	at kotlinx.serialization.json.internal.PolymorphicKt.decodeSerializableValuePolymorphic(Polymorphic.kt:77) ~[?:?]
	at kotlinx.serialization.json.internal.AbstractJsonTreeDecoder.decodeSerializableValue(TreeJsonDecoder.kt:52) ~[?:?]
	at kotlinx.serialization.json.internal.TreeJsonDecoderKt.readJson(TreeJsonDecoder.kt:25) ~[?:?]
	at kotlinx.serialization.json.Json.decodeFromJsonElement(Json.kt:127) ~[?:?]
	at gg.essential.model.molang.MolangVec3Serializer.deserialize(MolangVec3.kt:52) ~[?:?]
	at gg.essential.model.molang.MolangVec3Serializer.deserialize(MolangVec3.kt:45) ~[?:?]
	at kotlinx.serialization.json.internal.PolymorphicKt.decodeSerializableValuePolymorphic(Polymorphic.kt:77) ~[?:?]
	at kotlinx.serialization.json.internal.AbstractJsonTreeDecoder.decodeSerializableValue(TreeJsonDecoder.kt:52) ~[?:?]
	at kotlinx.serialization.json.internal.TreeJsonDecoderKt.readJson(TreeJsonDecoder.kt:25) ~[?:?]
	at kotlinx.serialization.json.Json.decodeFromJsonElement(Json.kt:127) ~[?:?]
	at gg.essential.model.file.KeyframeSerializer.deserialize(AnimationFile.kt:164) ~[?:?]
	at gg.essential.model.file.KeyframeSerializer.deserialize(AnimationFile.kt:117) ~[?:?]
	at kotlinx.serialization.json.internal.PolymorphicKt.decodeSerializableValuePolymorphic(Polymorphic.kt:77) ~[?:?]
	at kotlinx.serialization.json.internal.AbstractJsonTreeDecoder.decodeSerializableValue(TreeJsonDecoder.kt:52) ~[?:?]
	at kotlinx.serialization.internal.TaggedDecoder.decodeSerializableValue(Tagged.kt:207) ~[?:?]
	at kotlinx.serialization.internal.TaggedDecoder$decodeSerializableElement$1.invoke(Tagged.kt:279) ~[?:?]
	at kotlinx.serialization.internal.TaggedDecoder.tagBlock(Tagged.kt:294) ~[?:?]
	at kotlinx.serialization.internal.TaggedDecoder.decodeSerializableElement(Tagged.kt:279) ~[?:?]
	at kotlinx.serialization.encoding.CompositeDecoder$DefaultImpls.decodeSerializableElement$default(Decoding.kt:538) ~[?:?]
	at kotlinx.serialization.internal.MapLikeSerializer.readElement(CollectionSerializers.kt:111) ~[?:?]
	at kotlinx.serialization.internal.MapLikeSerializer.readElement(CollectionSerializers.kt:84) ~[?:?]
	at kotlinx.serialization.internal.AbstractCollectionSerializer.readElement$default(CollectionSerializers.kt:51) ~[?:?]
	at kotlinx.serialization.internal.AbstractCollectionSerializer.merge(CollectionSerializers.kt:36) ~[?:?]
	at kotlinx.serialization.internal.AbstractCollectionSerializer.deserialize(CollectionSerializers.kt:43) ~[?:?]
	at kotlinx.serialization.json.internal.PolymorphicKt.decodeSerializableValuePolymorphic(Polymorphic.kt:77) ~[?:?]
	at kotlinx.serialization.json.internal.AbstractJsonTreeDecoder.decodeSerializableValue(TreeJsonDecoder.kt:52) ~[?:?]
	at gg.essential.model.util.TreeMapSerializer.deserialize(TreeMap.kt:73) ~[?:?]
	at gg.essential.model.util.TreeMapSerializer.deserialize(TreeMap.kt:69) ~[?:?]
	at kotlinx.serialization.json.internal.PolymorphicKt.decodeSerializableValuePolymorphic(Polymorphic.kt:77) ~[?:?]
	at kotlinx.serialization.json.internal.AbstractJsonTreeDecoder.decodeSerializableValue(TreeJsonDecoder.kt:52) ~[?:?]
	at kotlinx.serialization.json.internal.TreeJsonDecoderKt.readJson(TreeJsonDecoder.kt:25) ~[?:?]
	at kotlinx.serialization.json.Json.decodeFromJsonElement(Json.kt:127) ~[?:?]
	at kotlinx.serialization.json.JsonTransformingSerializer.deserialize(JsonTransformingSerializer.kt:78) ~[?:?]
	at gg.essential.model.file.KeyframesSerializer.deserialize(AnimationFile.kt:105) ~[?:?]
	at gg.essential.model.file.KeyframesSerializer.deserialize(AnimationFile.kt:103) ~[?:?]
	at kotlinx.serialization.json.internal.StreamingJsonDecoder.decodeSerializableValue(StreamingJsonDecoder.kt:69) ~[?:?]
	at kotlinx.serialization.encoding.AbstractDecoder.decodeSerializableValue(AbstractDecoder.kt:43) ~[?:?]
	at kotlinx.serialization.encoding.AbstractDecoder.decodeNullableSerializableElement(AbstractDecoder.kt:78) ~[?:?]
	at gg.essential.model.Channels$$serializer.deserialize(Animation.kt:373) ~[?:?]
	at gg.essential.model.Channels$$serializer.deserialize(Animation.kt:373) ~[?:?]
	at kotlinx.serialization.json.internal.StreamingJsonDecoder.decodeSerializableValue(StreamingJsonDecoder.kt:69) ~[?:?]
	at kotlinx.serialization.encoding.AbstractDecoder.decodeSerializableValue(AbstractDecoder.kt:43) ~[?:?]
	at kotlinx.serialization.encoding.AbstractDecoder.decodeSerializableElement(AbstractDecoder.kt:70) ~[?:?]
	at kotlinx.serialization.json.internal.StreamingJsonDecoder.decodeSerializableElement(StreamingJsonDecoder.kt:168) ~[?:?]
	at kotlinx.serialization.encoding.CompositeDecoder$DefaultImpls.decodeSerializableElement$default(Decoding.kt:538) ~[?:?]
	at kotlinx.serialization.internal.MapLikeSerializer.readElement(CollectionSerializers.kt:111) ~[?:?]
	at kotlinx.serialization.internal.MapLikeSerializer.readElement(CollectionSerializers.kt:84) ~[?:?]
	at kotlinx.serialization.internal.AbstractCollectionSerializer.readElement$default(CollectionSerializers.kt:51) ~[?:?]
	at kotlinx.serialization.internal.AbstractCollectionSerializer.merge(CollectionSerializers.kt:36) ~[?:?]
	at kotlinx.serialization.internal.AbstractCollectionSerializer.deserialize(CollectionSerializers.kt:43) ~[?:?]
	at kotlinx.serialization.json.internal.StreamingJsonDecoder.decodeSerializableValue(StreamingJsonDecoder.kt:69) ~[?:?]
	at kotlinx.serialization.encoding.AbstractDecoder.decodeSerializableValue(AbstractDecoder.kt:43) ~[?:?]
	at kotlinx.serialization.encoding.AbstractDecoder.decodeSerializableElement(AbstractDecoder.kt:70) ~[?:?]
	at kotlinx.serialization.json.internal.StreamingJsonDecoder.decodeSerializableElement(StreamingJsonDecoder.kt:168) ~[?:?]
	at gg.essential.model.file.AnimationFile$Animation$$serializer.deserialize(AnimationFile.kt:48) ~[?:?]
	at gg.essential.model.file.AnimationFile$Animation$$serializer.deserialize(AnimationFile.kt:48) ~[?:?]
	at kotlinx.serialization.json.internal.StreamingJsonDecoder.decodeSerializableValue(StreamingJsonDecoder.kt:69) ~[?:?]
	at kotlinx.serialization.encoding.AbstractDecoder.decodeSerializableValue(AbstractDecoder.kt:43) ~[?:?]
	at kotlinx.serialization.encoding.AbstractDecoder.decodeSerializableElement(AbstractDecoder.kt:70) ~[?:?]
	at kotlinx.serialization.json.internal.StreamingJsonDecoder.decodeSerializableElement(StreamingJsonDecoder.kt:168) ~[?:?]
	at kotlinx.serialization.encoding.CompositeDecoder$DefaultImpls.decodeSerializableElement$default(Decoding.kt:538) ~[?:?]
	at kotlinx.serialization.internal.MapLikeSerializer.readElement(CollectionSerializers.kt:111) ~[?:?]
	at kotlinx.serialization.internal.MapLikeSerializer.readElement(CollectionSerializers.kt:84) ~[?:?]
	at kotlinx.serialization.internal.AbstractCollectionSerializer.readElement$default(CollectionSerializers.kt:51) ~[?:?]
	at kotlinx.serialization.internal.AbstractCollectionSerializer.merge(CollectionSerializers.kt:36) ~[?:?]
	at kotlinx.serialization.internal.AbstractCollectionSerializer.deserialize(CollectionSerializers.kt:43) ~[?:?]
	at kotlinx.serialization.json.internal.StreamingJsonDecoder.decodeSerializableValue(StreamingJsonDecoder.kt:69) ~[?:?]
	at kotlinx.serialization.encoding.AbstractDecoder.decodeSerializableValue(AbstractDecoder.kt:43) ~[?:?]
	at kotlinx.serialization.encoding.AbstractDecoder.decodeSerializableElement(AbstractDecoder.kt:70) ~[?:?]
	at kotlinx.serialization.json.internal.StreamingJsonDecoder.decodeSerializableElement(StreamingJsonDecoder.kt:168) ~[?:?]
	at gg.essential.model.file.AnimationFile$$serializer.deserialize(AnimationFile.kt:41) ~[?:?]
	at gg.essential.model.file.AnimationFile$$serializer.deserialize(AnimationFile.kt:41) ~[?:?]
	at kotlinx.serialization.json.internal.StreamingJsonDecoder.decodeSerializableValue(StreamingJsonDecoder.kt:69) ~[?:?]
	at kotlinx.serialization.json.Json.decodeFromString(Json.kt:107) ~[?:?]
	at gg.essential.network.connectionmanager.cosmetics.AssetLoader$JsonAssetType$3.invoke(AssetLoader.kt:350) ~[?:?]
	at gg.essential.network.connectionmanager.cosmetics.AssetLoader$JsonAssetType$3.invoke(AssetLoader.kt:349) ~[?:?]
	at gg.essential.network.connectionmanager.cosmetics.AssetLoader$getAsset$1$future$1.invoke(AssetLoader.kt:93) ~[?:?]
	at gg.essential.network.connectionmanager.cosmetics.AssetLoader$getAsset$1$future$1.invoke(AssetLoader.kt:91) ~[?:?]
	at gg.essential.network.connectionmanager.cosmetics.AssetLoader$getAsset$1.invoke$lambda$0(AssetLoader.kt:91) ~[?:?]
	at java.util.concurrent.CompletableFuture$UniApply.tryFire(Unknown Source) ~[?:?]
	at java.util.concurrent.CompletableFuture$Completion.exec(Unknown Source) ~[?:?]
	at java.util.concurrent.ForkJoinTask.doExec(Unknown Source) ~[?:?]
	at java.util.concurrent.ForkJoinPool$WorkQueue.topLevelExec(Unknown Source) ~[?:?]
	at java.util.concurrent.ForkJoinPool.scan(Unknown Source) ~[?:?]
	at java.util.concurrent.ForkJoinPool.runWorker(Unknown Source) ~[?:?]
	at java.util.concurrent.ForkJoinWorkerThread.run(Unknown Source) ~[?:?]
[10:48:22] [ForkJoinPool.commonPool-worker-7/ERROR]: An error occurred building event handler
java.lang.ClassNotFoundException: kotlin.jvm.internal.Lambda
	at jdk.internal.loader.BuiltinClassLoader.loadClass(Unknown Source) ~[?:?]
	at jdk.internal.loader.ClassLoaders$AppClassLoader.loadClass(Unknown Source) ~[?:?]
	at java.lang.ClassLoader.loadClass(Unknown Source) ~[?:?]
	at net.minecraftforge.eventbus.EventSubclassTransformer.buildEvents(EventSubclassTransformer.java:92) ~[eventbus-6.0.3.jar:?]
	at net.minecraftforge.eventbus.EventSubclassTransformer.transform(EventSubclassTransformer.java:44) ~[eventbus-6.0.3.jar:?]
	at net.minecraftforge.eventbus.EventBusEngine.processClass(EventBusEngine.java:26) ~[eventbus-6.0.3.jar:?]
	at net.minecraftforge.eventbus.service.ModLauncherService.processClassWithFlags(ModLauncherService.java:32) ~[eventbus-6.0.3.jar:6.0.3+6.0.3+master.039e4ea9]
	at cpw.mods.modlauncher.LaunchPluginHandler.offerClassNodeToPlugins(LaunchPluginHandler.java:88) ~[modlauncher-10.0.8.jar:?]
	at cpw.mods.modlauncher.ClassTransformer.transform(ClassTransformer.java:120) ~[modlauncher-10.0.8.jar:?]
	at cpw.mods.modlauncher.TransformingClassLoader.maybeTransformClassBytes(TransformingClassLoader.java:50) ~[modlauncher-10.0.8.jar:?]
	at cpw.mods.cl.ModuleClassLoader.readerToClass(ModuleClassLoader.java:113) ~[securejarhandler-2.1.4.jar:?]
	at cpw.mods.cl.ModuleClassLoader.lambda$findClass$15(ModuleClassLoader.java:219) ~[securejarhandler-2.1.4.jar:?]
	at cpw.mods.cl.ModuleClassLoader.loadFromModule(ModuleClassLoader.java:229) ~[securejarhandler-2.1.4.jar:?]
	at cpw.mods.cl.ModuleClassLoader.findClass(ModuleClassLoader.java:219) ~[securejarhandler-2.1.4.jar:?]
	at cpw.mods.cl.ModuleClassLoader.loadClass(ModuleClassLoader.java:135) ~[securejarhandler-2.1.4.jar:?]
	at java.lang.ClassLoader.loadClass(Unknown Source) ~[?:?]
	at gg.essential.model.file.ParticlesFile$Event$Particle$Type.<clinit>(ParticlesFile.kt:134) ~[?:?]
	at gg.essential.model.file.ParticlesFile$Event$Particle$Type$$serializer.deserialize(ParticlesFile.kt:134) ~[?:?]
	at gg.essential.model.file.ParticlesFile$Event$Particle$Type$$serializer.deserialize(ParticlesFile.kt:134) ~[?:?]
	at kotlinx.serialization.json.internal.StreamingJsonDecoder.decodeSerializableValue(StreamingJsonDecoder.kt:69) ~[?:?]
	at kotlinx.serialization.encoding.AbstractDecoder.decodeSerializableValue(AbstractDecoder.kt:43) ~[?:?]
	at kotlinx.serialization.encoding.AbstractDecoder.decodeSerializableElement(AbstractDecoder.kt:70) ~[?:?]
	at kotlinx.serialization.json.internal.StreamingJsonDecoder.decodeSerializableElement(StreamingJsonDecoder.kt:168) ~[?:?]
	at gg.essential.model.file.ParticlesFile$Event$Particle$$serializer.deserialize(ParticlesFile.kt:127) ~[?:?]
	at gg.essential.model.file.ParticlesFile$Event$Particle$$serializer.deserialize(ParticlesFile.kt:127) ~[?:?]
	at kotlinx.serialization.json.internal.StreamingJsonDecoder.decodeSerializableValue(StreamingJsonDecoder.kt:69) ~[?:?]
	at kotlinx.serialization.encoding.AbstractDecoder.decodeSerializableValue(AbstractDecoder.kt:43) ~[?:?]
	at kotlinx.serialization.encoding.AbstractDecoder.decodeNullableSerializableElement(AbstractDecoder.kt:78) ~[?:?]
	at gg.essential.model.file.ParticlesFile$Event$$serializer.deserialize(ParticlesFile.kt:111) ~[?:?]
	at gg.essential.model.file.ParticlesFile$Event$$serializer.deserialize(ParticlesFile.kt:111) ~[?:?]
	at kotlinx.serialization.json.internal.StreamingJsonDecoder.decodeSerializableValue(StreamingJsonDecoder.kt:69) ~[?:?]
	at kotlinx.serialization.encoding.AbstractDecoder.decodeSerializableValue(AbstractDecoder.kt:43) ~[?:?]
	at kotlinx.serialization.encoding.AbstractDecoder.decodeSerializableElement(AbstractDecoder.kt:70) ~[?:?]
	at kotlinx.serialization.json.internal.StreamingJsonDecoder.decodeSerializableElement(StreamingJsonDecoder.kt:168) ~[?:?]
	at kotlinx.serialization.encoding.CompositeDecoder$DefaultImpls.decodeSerializableElement$default(Decoding.kt:538) ~[?:?]
	at kotlinx.serialization.internal.MapLikeSerializer.readElement(CollectionSerializers.kt:111) ~[?:?]
	at kotlinx.serialization.internal.MapLikeSerializer.readElement(CollectionSerializers.kt:84) ~[?:?]
	at kotlinx.serialization.internal.AbstractCollectionSerializer.readElement$default(CollectionSerializers.kt:51) ~[?:?]
	at kotlinx.serialization.internal.AbstractCollectionSerializer.merge(CollectionSerializers.kt:36) ~[?:?]
	at kotlinx.serialization.internal.AbstractCollectionSerializer.deserialize(CollectionSerializers.kt:43) ~[?:?]
	at kotlinx.serialization.json.internal.StreamingJsonDecoder.decodeSerializableValue(StreamingJsonDecoder.kt:69) ~[?:?]
	at kotlinx.serialization.encoding.AbstractDecoder.decodeSerializableValue(AbstractDecoder.kt:43) ~[?:?]
	at kotlinx.serialization.encoding.AbstractDecoder.decodeSerializableElement(AbstractDecoder.kt:70) ~[?:?]
	at kotlinx.serialization.json.internal.StreamingJsonDecoder.decodeSerializableElement(StreamingJsonDecoder.kt:168) ~[?:?]
	at gg.essential.model.file.ParticlesFile$ParticleEffect$$serializer.deserialize(ParticlesFile.kt:59) ~[?:?]
	at gg.essential.model.file.ParticlesFile$ParticleEffect$$serializer.deserialize(ParticlesFile.kt:59) ~[?:?]
	at kotlinx.serialization.json.internal.StreamingJsonDecoder.decodeSerializableValue(StreamingJsonDecoder.kt:69) ~[?:?]
	at kotlinx.serialization.encoding.AbstractDecoder.decodeSerializableValue(AbstractDecoder.kt:43) ~[?:?]
	at kotlinx.serialization.encoding.AbstractDecoder.decodeSerializableElement(AbstractDecoder.kt:70) ~[?:?]
	at kotlinx.serialization.json.internal.StreamingJsonDecoder.decodeSerializableElement(StreamingJsonDecoder.kt:168) ~[?:?]
	at gg.essential.model.file.ParticlesFile$$serializer.deserialize(ParticlesFile.kt:52) ~[?:?]
	at gg.essential.model.file.ParticlesFile$$serializer.deserialize(ParticlesFile.kt:52) ~[?:?]
	at kotlinx.serialization.json.internal.StreamingJsonDecoder.decodeSerializableValue(StreamingJsonDecoder.kt:69) ~[?:?]
	at kotlinx.serialization.json.Json.decodeFromString(Json.kt:107) ~[?:?]
	at gg.essential.network.connectionmanager.cosmetics.AssetLoader$JsonAssetType$3.invoke(AssetLoader.kt:350) ~[?:?]
	at gg.essential.network.connectionmanager.cosmetics.AssetLoader$JsonAssetType$3.invoke(AssetLoader.kt:349) ~[?:?]
	at gg.essential.network.connectionmanager.cosmetics.AssetLoader$getAsset$1$future$1.invoke(AssetLoader.kt:93) ~[?:?]
	at gg.essential.network.connectionmanager.cosmetics.AssetLoader$getAsset$1$future$1.invoke(AssetLoader.kt:91) ~[?:?]
	at gg.essential.network.connectionmanager.cosmetics.AssetLoader$getAsset$1.invoke$lambda$0(AssetLoader.kt:91) ~[?:?]
	at java.util.concurrent.CompletableFuture$UniApply.tryFire(Unknown Source) ~[?:?]
	at java.util.concurrent.CompletableFuture$Completion.exec(Unknown Source) ~[?:?]
	at java.util.concurrent.ForkJoinTask.doExec(Unknown Source) ~[?:?]
	at java.util.concurrent.ForkJoinPool$WorkQueue.topLevelExec(Unknown Source) ~[?:?]
	at java.util.concurrent.ForkJoinPool.scan(Unknown Source) ~[?:?]
	at java.util.concurrent.ForkJoinPool.runWorker(Unknown Source) ~[?:?]
	at java.util.concurrent.ForkJoinWorkerThread.run(Unknown Source) ~[?:?]
[10:48:22] [Render thread/INFO]: Dispatching Module Step REGISTER_TOOLTIP_COMPONENT_FACTORIES
[10:48:22] [Render thread/INFO]: Registering Keybinds
[10:48:22] [Render thread/INFO]: Dispatching Module Step REGISTER_KEYBINDS
[10:48:22] [Render thread/INFO]: [FANCYMENU] Registering resource reload listener..
[10:48:23] [Render thread/INFO]: Mixing client.MixinProfileKeyPairManager from nochatreports.mixins.json into net.minecraft.client.multiplayer.ProfileKeyPairManager
[10:48:23] [CraftPresence/INFO]: [DEBUG] Searching for IPC Pipe: "/var/folders/9j/55k670qj0nj5n3m7lwbfds180000gn/T//discord-ipc-0"
[10:48:23] [CraftPresence/INFO]: [DEBUG] Unable to locate IPC Pipe: "/var/folders/9j/55k670qj0nj5n3m7lwbfds180000gn/T//discord-ipc-0"
[10:48:23] [CraftPresence/INFO]: [DEBUG] Searching for IPC Pipe: "/var/folders/9j/55k670qj0nj5n3m7lwbfds180000gn/T//discord-ipc-1"
[10:48:23] [CraftPresence/INFO]: [DEBUG] Unable to locate IPC Pipe: "/var/folders/9j/55k670qj0nj5n3m7lwbfds180000gn/T//discord-ipc-1"
[10:48:23] [CraftPresence/INFO]: [DEBUG] Searching for IPC Pipe: "/var/folders/9j/55k670qj0nj5n3m7lwbfds180000gn/T//discord-ipc-2"
[10:48:23] [CraftPresence/INFO]: [DEBUG] Unable to locate IPC Pipe: "/var/folders/9j/55k670qj0nj5n3m7lwbfds180000gn/T//discord-ipc-2"
[10:48:23] [CraftPresence/INFO]: [DEBUG] Searching for IPC Pipe: "/var/folders/9j/55k670qj0nj5n3m7lwbfds180000gn/T//discord-ipc-3"
[10:48:23] [CraftPresence/INFO]: [DEBUG] Unable to locate IPC Pipe: "/var/folders/9j/55k670qj0nj5n3m7lwbfds180000gn/T//discord-ipc-3"
[10:48:23] [CraftPresence/INFO]: [DEBUG] Searching for IPC Pipe: "/var/folders/9j/55k670qj0nj5n3m7lwbfds180000gn/T//discord-ipc-4"
[10:48:23] [CraftPresence/INFO]: [DEBUG] Unable to locate IPC Pipe: "/var/folders/9j/55k670qj0nj5n3m7lwbfds180000gn/T//discord-ipc-4"
[10:48:23] [CraftPresence/INFO]: [DEBUG] Searching for IPC Pipe: "/var/folders/9j/55k670qj0nj5n3m7lwbfds180000gn/T//discord-ipc-5"
[10:48:23] [CraftPresence/INFO]: [DEBUG] Unable to locate IPC Pipe: "/var/folders/9j/55k670qj0nj5n3m7lwbfds180000gn/T//discord-ipc-5"
[10:48:23] [CraftPresence/INFO]: [DEBUG] Searching for IPC Pipe: "/var/folders/9j/55k670qj0nj5n3m7lwbfds180000gn/T//discord-ipc-6"
[10:48:23] [CraftPresence/INFO]: [DEBUG] Unable to locate IPC Pipe: "/var/folders/9j/55k670qj0nj5n3m7lwbfds180000gn/T//discord-ipc-6"
[10:48:23] [CraftPresence/INFO]: [DEBUG] Searching for IPC Pipe: "/var/folders/9j/55k670qj0nj5n3m7lwbfds180000gn/T//discord-ipc-7"
[10:48:23] [CraftPresence/INFO]: [DEBUG] Unable to locate IPC Pipe: "/var/folders/9j/55k670qj0nj5n3m7lwbfds180000gn/T//discord-ipc-7"
[10:48:23] [CraftPresence/INFO]: [DEBUG] Searching for IPC Pipe: "/var/folders/9j/55k670qj0nj5n3m7lwbfds180000gn/T//discord-ipc-8"
[10:48:23] [CraftPresence/INFO]: [DEBUG] Unable to locate IPC Pipe: "/var/folders/9j/55k670qj0nj5n3m7lwbfds180000gn/T//discord-ipc-8"
[10:48:23] [CraftPresence/INFO]: [DEBUG] Searching for IPC Pipe: "/var/folders/9j/55k670qj0nj5n3m7lwbfds180000gn/T//discord-ipc-9"
[10:48:23] [CraftPresence/INFO]: [DEBUG] Unable to locate IPC Pipe: "/var/folders/9j/55k670qj0nj5n3m7lwbfds180000gn/T//discord-ipc-9"
[10:48:23] [CraftPresence/INFO]: Attempting to connect to Discord (5/10)...
[10:48:23] [CraftPresence/INFO]: [DEBUG] Attempting connection in: 7024ms
[10:48:23] [Render thread/INFO]: [FANCYMENU] Initializing screen customization engine! Addons should NOT REGISTER TO REGISTRIES anymore now!
[10:48:23] [Render thread/INFO]: Mixing client.MixinConnectScreen from nochatreports.mixins.json into net.minecraft.client.gui.screens.ConnectScreen
[10:48:23] [Render thread/INFO]: Mixing client.MixinChatOptionsScreen from nochatreports.mixins.json into net.minecraft.client.gui.screens.ChatOptionsScreen
[10:48:23] [Render thread/INFO]: Mixing client.MixinChatListener from nochatreports.mixins.json into net.minecraft.client.multiplayer.chat.ChatListener
[10:48:23] [Render thread/INFO]: [FANCYMENU] Minecraft resource reload: STARTING
[10:48:23] [Render thread/INFO]: Invalidating pack caches
[10:48:23] [Render thread/INFO]: Reloading ResourceManager: resources, Default, Mod Resources, Create+, Supplementaries Generated Pack, V Slab Compat Generated Pack, quark-emote-pack, connectedness-2.0.1a.jar:resourcepacks/default, connectedness-2.0.1a.jar:resourcepacks/glass_pane_culling_fix, EatingAnimations Compat, cullleaves:smartleaves, FreshAnimations_v1.8.zip, create_central_kitchen:create_styled, Everycomp Generated Pack, Suppsquared Generated Pack, Essential Assets, Essential (forge_1.19.2).jar
[10:48:24] [Render thread/ERROR]: Failed to get filter section from pack resources
[10:48:24] [Render thread/INFO]: Generated runtime CLIENT_RESOURCES for pack V Slab Compat Generated Pack in: 33 ms
[10:48:24] [Render thread/WARN]: failed to apply azalea overlay: 
java.lang.IllegalStateException: Could not apply overlay onto images because overlay was too small (overlay W: 32, image W: 64
	at net.mehvahdjukaar.moonlight.api.resources.textures.TextureImage.applyOverlay(TextureImage.java:290) ~[moonlight-1.19.2-2.3.7-forge.jar%23633!/:?]
	at net.mehvahdjukaar.moonlight.api.resources.textures.TextureImage.applyOverlayOnExisting(TextureImage.java:323) ~[moonlight-1.19.2-2.3.7-forge.jar%23633!/:?]
	at net.mehvahdjukaar.every_compat.api.CompatModule.maybeFlowerAzalea(CompatModule.java:222) ~[everycomp-1.19.2-2.5.35.jar%23566!/:?]
	at net.mehvahdjukaar.every_compat.api.CompatModule.lambda$addWoodTexture$0(CompatModule.java:198) ~[everycomp-1.19.2-2.5.35.jar%23566!/:?]
	at net.mehvahdjukaar.moonlight.api.resources.pack.DynClientResourcesProvider.addTextureIfNotPresent(DynClientResourcesProvider.java:61) ~[moonlight-1.19.2-2.3.7-forge.jar%23633!/:?]
	at net.mehvahdjukaar.every_compat.api.CompatModule.addWoodTexture(CompatModule.java:196) ~[everycomp-1.19.2-2.5.35.jar%23566!/:?]
	at net.mehvahdjukaar.every_compat.api.AbstractSimpleEntrySet.generateTextures(AbstractSimpleEntrySet.java:239) ~[everycomp-1.19.2-2.5.35.jar%23566!/:?]
	at net.mehvahdjukaar.every_compat.api.SimpleModule.lambda$addDynamicClientResources$9(SimpleModule.java:99) ~[everycomp-1.19.2-2.5.35.jar%23566!/:?]
	at java.util.LinkedHashMap$LinkedValues.forEach(Unknown Source) ~[?:?]
	at net.mehvahdjukaar.every_compat.api.SimpleModule.addDynamicClientResources(SimpleModule.java:99) ~[everycomp-1.19.2-2.5.35.jar%23566!/:?]
	at net.mehvahdjukaar.every_compat.dynamicpack.ClientDynamicResourcesHandler.lambda$regenerateDynamicAssets$1(ClientDynamicResourcesHandler.java:51) ~[everycomp-1.19.2-2.5.35.jar%23566!/:?]
	at java.util.LinkedHashMap$LinkedValues.forEach(Unknown Source) ~[?:?]
	at net.mehvahdjukaar.every_compat.EveryCompat.forAllModules(EveryCompat.java:80) ~[everycomp-1.19.2-2.5.35.jar%23566!/:?]
	at net.mehvahdjukaar.every_compat.dynamicpack.ClientDynamicResourcesHandler.regenerateDynamicAssets(ClientDynamicResourcesHandler.java:49) ~[everycomp-1.19.2-2.5.35.jar%23566!/:?]
	at net.mehvahdjukaar.moonlight.api.resources.pack.DynResourceProvider.reloadResources(DynResourceProvider.java:115) ~[moonlight-1.19.2-2.3.7-forge.jar%23633!/:?]
	at net.mehvahdjukaar.moonlight.api.resources.pack.DynResourceProvider.onEarlyReload(DynResourceProvider.java:83) ~[moonlight-1.19.2-2.3.7-forge.jar%23633!/:?]
	at net.mehvahdjukaar.moonlight.api.events.forge.MoonlightEventsHelperImpl.lambda$postEvent$5(MoonlightEventsHelperImpl.java:43) ~[moonlight-1.19.2-2.3.7-forge.jar%23633!/:?]
	at java.util.concurrent.ConcurrentLinkedDeque.forEach(Unknown Source) ~[?:?]
	at net.mehvahdjukaar.moonlight.api.events.forge.MoonlightEventsHelperImpl.postEvent(MoonlightEventsHelperImpl.java:43) ~[moonlight-1.19.2-2.3.7-forge.jar%23633!/:?]
	at net.mehvahdjukaar.moonlight.api.events.MoonlightEventsHelper.postEvent(MoonlightEventsHelper.java) ~[moonlight-1.19.2-2.3.7-forge.jar%23633!/:?]
	at net.minecraft.server.packs.resources.MultiPackResourceManager.handler$gnl000$dynamicPackEarlyReload(MultiPackResourceManager.java:1034) ~[client-1.19.2-20220805.130853-srg.jar%23740!/:?]
	at net.minecraft.server.packs.resources.MultiPackResourceManager.<init>(MultiPackResourceManager.java:61) ~[client-1.19.2-20220805.130853-srg.jar%23740!/:?]
	at net.minecraft.server.packs.resources.ReloadableResourceManager.m_142463_(ReloadableResourceManager.java:44) ~[client-1.19.2-20220805.130853-srg.jar%23740!/:?]
	at net.minecraft.client.Minecraft.<init>(Minecraft.java:577) ~[client-1.19.2-20220805.130853-srg.jar%23740!/:?]
	at net.minecraft.client.main.Main.m_239872_(Main.java:176) ~[1.19.2-43.5.1.jar:?]
	at net.minecraft.client.main.Main.main(Main.java:51) ~[1.19.2-43.5.1.jar:?]
	at jdk.internal.reflect.NativeMethodAccessorImpl.invoke0(Native Method) ~[?:?]
	at jdk.internal.reflect.NativeMethodAccessorImpl.invoke(Unknown Source) ~[?:?]
	at jdk.internal.reflect.DelegatingMethodAccessorImpl.invoke(Unknown Source) ~[?:?]
	at java.lang.reflect.Method.invoke(Unknown Source) ~[?:?]
	at net.minecraftforge.fml.loading.targets.CommonClientLaunchHandler.lambda$launchService$0(CommonClientLaunchHandler.java:27) ~[fmlloader-1.19.2-43.5.1.jar:?]
	at cpw.mods.modlauncher.LaunchServiceHandlerDecorator.launch(LaunchServiceHandlerDecorator.java:30) ~[modlauncher-10.0.8.jar:?]
	at cpw.mods.modlauncher.LaunchServiceHandler.launch(LaunchServiceHandler.java:53) ~[modlauncher-10.0.8.jar:?]
	at cpw.mods.modlauncher.LaunchServiceHandler.launch(LaunchServiceHandler.java:71) ~[modlauncher-10.0.8.jar:?]
	at cpw.mods.modlauncher.Launcher.run(Launcher.java:106) ~[modlauncher-10.0.8.jar:?]
	at cpw.mods.modlauncher.Launcher.main(Launcher.java:77) ~[modlauncher-10.0.8.jar:?]
	at cpw.mods.modlauncher.BootstrapLaunchConsumer.accept(BootstrapLaunchConsumer.java:26) ~[modlauncher-10.0.8.jar:?]
	at cpw.mods.modlauncher.BootstrapLaunchConsumer.accept(BootstrapLaunchConsumer.java:23) ~[modlauncher-10.0.8.jar:?]
	at cpw.mods.bootstraplauncher.BootstrapLauncher.main(BootstrapLauncher.java:141) ~[bootstraplauncher-1.1.2.jar:?]
	at jdk.internal.reflect.NativeMethodAccessorImpl.invoke0(Native Method) ~[?:?]
	at jdk.internal.reflect.NativeMethodAccessorImpl.invoke(Unknown Source) ~[?:?]
	at jdk.internal.reflect.DelegatingMethodAccessorImpl.invoke(Unknown Source) ~[?:?]
	at java.lang.reflect.Method.invoke(Unknown Source) ~[?:?]
	at com.modrinth.theseus.MinecraftLaunch.relaunch(MinecraftLaunch.java:63) ~[theseus.jar%2379!/:?]
	at com.modrinth.theseus.MinecraftLaunch.main(MinecraftLaunch.java:28) ~[theseus.jar%2379!/:?]
[10:48:24] [Render thread/INFO]: Generated runtime CLIENT_RESOURCES for pack Everycomp Generated Pack in: 247 ms
[10:48:24] [Render thread/INFO]: Generated runtime CLIENT_RESOURCES for pack Suppsquared Generated Pack in: 46 ms (debug resource dump on)
[10:48:24] [Render thread/INFO]: Generated runtime CLIENT_RESOURCES for pack Supplementaries Generated Pack in: 490 ms
[10:48:25] [modloading-worker-0/INFO]: Loading client config for easyanvils
[10:48:25] [Render thread/INFO]: [FANCYMENU] Starting late client initialization phase..
[10:48:25] [modloading-worker-0/INFO]: Loading client config for blockrunner
[10:48:25] [modloading-worker-0/INFO]: Loading client config for armorstatues
[10:48:25] [Render thread/INFO]: Creating pipeline for dimension NamespacedId{namespace='minecraft', name='overworld'}
[10:48:25] [Worker-ResourceReload-1/WARN]: File paintable:sounds/item/paint_brush/dipping1.ogg does not exist, cannot add it to event paintable:item.paint_brush.dipping
[10:48:25] [Worker-ResourceReload-1/WARN]: File paintable:sounds/item/paint_brush/dipping2.ogg does not exist, cannot add it to event paintable:item.paint_brush.dipping
[10:48:25] [Worker-ResourceReload-1/WARN]: File paintable:sounds/item/paint_brush/dipping3.ogg does not exist, cannot add it to event paintable:item.paint_brush.dipping
[10:48:25] [Worker-ResourceReload-1/WARN]: File paintable:sounds/item/paint_brush/dipping4.ogg does not exist, cannot add it to event paintable:item.paint_brush.dipping
[10:48:25] [Worker-ResourceReload-1/WARN]: File paintable:sounds/item/paint_brush/paintable1.ogg does not exist, cannot add it to event paintable:item.paint_brush.paintable
[10:48:25] [Worker-ResourceReload-1/WARN]: File paintable:sounds/item/paint_brush/paintable2.ogg does not exist, cannot add it to event paintable:item.paint_brush.paintable
[10:48:25] [Worker-ResourceReload-1/WARN]: File paintable:sounds/item/paint_brush/paintable3.ogg does not exist, cannot add it to event paintable:item.paint_brush.paintable
[10:48:25] [Worker-ResourceReload-1/WARN]: File paintable:sounds/item/paint_brush/paintable4.ogg does not exist, cannot add it to event paintable:item.paint_brush.paintable
[10:48:25] [Worker-ResourceReload-1/WARN]: File endergetic:sounds/entity/eetle/leetle_transform.ogg does not exist, cannot add it to event endergetic:entity.eetle.leetle_transform
[10:48:25] [Worker-ResourceReload-1/WARN]: File endergetic:sounds/block/eetle_egg_step.ogg does not exist, cannot add it to event endergetic:block.eetle_egg.step
[10:48:25] [Worker-ResourceReload-1/WARN]: File endergetic:sounds/block/eetle_egg_hit.ogg does not exist, cannot add it to event endergetic:block.eetle_egg.hit
[10:48:25] [Worker-ResourceReload-1/WARN]: File endergetic:sounds/block/eetle_egg_fall.ogg does not exist, cannot add it to event endergetic:block.eetle_egg.fall
[10:48:25] [modloading-worker-0/INFO]: Refreshing NMPR canceling effects
[10:48:25] [modloading-worker-0/INFO]: Loading common config for bettertridents
[10:48:25] [modloading-worker-0/INFO]: Dispatching Module Step CONFIG_CHANGED
[10:48:25] [modloading-worker-0/INFO]: Dispatching Module Step CONFIG_CHANGED_CLIENT
[10:48:25] [Worker-ResourceReload-4/INFO]: Dispatching Module Step TEXTURE_STITCH
[10:48:25] [Worker-ResourceReload-2/INFO]: Dispatching Module Step TEXTURE_STITCH
[10:48:25] [Worker-ResourceReload-0/INFO]: Dispatching Module Step TEXTURE_STITCH
[10:48:26] [Worker-ResourceReload-1/INFO]: Dispatching Module Step TEXTURE_STITCH
[10:48:26] [Worker-ResourceReload-5/INFO]: [citresewn] Parsing CITs...
[10:48:26] [Thread-0/INFO]: Please use /mfrc to reload any changed mod config files
[10:48:26] [Worker-ResourceReload-5/INFO]: [citresewn] No cit packs found.
[10:48:26] [Worker-ResourceReload-6/ERROR]: Using missing texture, unable to load tetra:mob_effect/bleeding
[10:48:26] [Worker-ResourceReload-6/ERROR]: Using missing texture, unable to load tetra:mob_effect/stun
[10:48:26] [Worker-ResourceReload-6/ERROR]: Using missing texture, unable to load tetra:mob_effect/mining_speed
[10:48:26] [Worker-ResourceReload-6/ERROR]: Using missing texture, unable to load tetra:mob_effect/suspended
[10:48:26] [Worker-ResourceReload-6/INFO]: clickadv mod initialized
[10:48:26] [Worker-ResourceReload-3/INFO]: Loading config from file: /Users/rebeccataylor/Library/Application Support/ModrinthApp/profiles/Create+/config/companion-common.toml
[10:48:26] [Worker-ResourceReload-3/INFO]: Loading config from file: /Users/rebeccataylor/Library/Application Support/ModrinthApp/profiles/Create+/config/kiwi-client.toml
[10:48:26] [Worker-ResourceReload-3/INFO]: Loading config from file: /Users/rebeccataylor/Library/Application Support/ModrinthApp/profiles/Create+/config/snowrealmagic-client.toml
[10:48:26] [Worker-ResourceReload-3/INFO]: Loading config from file: /Users/rebeccataylor/Library/Application Support/ModrinthApp/profiles/Create+/config/snowrealmagic-common.toml
[10:48:26] [Worker-ResourceReload-3/INFO]: Shields up!
[10:48:27] [Worker-ResourceReload-3/INFO]: [voicechat] Compatibility version 18
[10:48:27] [Worker-ResourceReload-1/INFO]: Necronomicon Initialized
[10:48:27] [Worker-ResourceReload-1/INFO]: File exists, reading config for elocindev.necronomicon.NecronomiconConfig.
[10:48:27] [Worker-ResourceReload-1/INFO]: Config for elocindev.necronomicon.NecronomiconConfig read successfully.
[10:48:27] [Worker-ResourceReload-1/INFO]: there is a brick about to fall through your roof at terminal velocity
[10:48:27] [Worker-ResourceReload-1/INFO]: there is a brick about to fall through your roof at terminal velocity
[10:48:27] [Worker-ResourceReload-6/INFO]: Connectivity initialized
[10:48:27] [Worker-ResourceReload-1/INFO]: File exists, reading config for elocindev.item_obliterator.forge.config.ConfigEntries.
[10:48:27] [Worker-ResourceReload-1/INFO]: Config for elocindev.item_obliterator.forge.config.ConfigEntries read successfully.
[10:48:27] [Worker-ResourceReload-1/INFO]: Loaded Item Obliterator Config
[10:48:27] [Worker-ResourceReload-3/INFO]: [voicechat] Loading plugins
[10:48:27] [Worker-ResourceReload-1/INFO]: HELLO FROM PREINIT
[10:48:27] [Worker-ResourceReload-1/INFO]: DIRT BLOCK >> translation{key='block.minecraft.dirt', args=[]}
[10:48:27] [Forge Version Check/INFO]: [saturn] Starting version check at https://github.com/AbdElAziz333/Saturn/raw/mc1.20.1/dev/updates.json
[10:48:27] [Worker-ResourceReload-6/INFO]: Registered 259 compat blocks making up 3.75% of total blocks registered
[10:48:27] [Worker-ResourceReload-4/INFO]: Presented by Zaia
[10:48:27] [Worker-ResourceReload-3/INFO]: [voicechat] Loaded 0 plugin(s)
[10:48:27] [Worker-ResourceReload-3/INFO]: [voicechat] Initializing plugins
[10:48:27] [Worker-ResourceReload-1/INFO]: Found @Ljourneymap/client/api/ClientPlugin;: com.railwayteam.railways.compat.journeymap.RailwayMapPlugin
[10:48:27] [Worker-ResourceReload-3/INFO]: [voicechat] Initialized 0 plugin(s)
[10:48:27] [Worker-ResourceReload-4/INFO]: Dispatching Module Step CONFIG_CHANGED
[10:48:27] [Worker-ResourceReload-4/INFO]: Dispatching Module Step CONFIG_CHANGED_CLIENT
[10:48:27] [Worker-ResourceReload-4/INFO]: Dispatching Module Step SETUP
[10:48:27] [Forge Version Check/WARN]: Failed to process update information
com.google.gson.JsonSyntaxException: java.lang.IllegalStateException: Expected BEGIN_OBJECT but was STRING at line 9 column 1 path $
	at com.google.gson.Gson.fromJson(Gson.java:975) ~[gson-2.8.9.jar%23104!/:?]
	at com.google.gson.Gson.fromJson(Gson.java:928) ~[gson-2.8.9.jar%23104!/:?]
	at com.google.gson.Gson.fromJson(Gson.java:877) ~[gson-2.8.9.jar%23104!/:?]
	at com.google.gson.Gson.fromJson(Gson.java:848) ~[gson-2.8.9.jar%23104!/:?]
	at net.minecraftforge.fml.VersionChecker$1.process(VersionChecker.java:183) ~[fmlcore-1.19.2-43.5.1.jar%23741!/:?]
	at java.lang.Iterable.forEach(Unknown Source) ~[?:?]
	at net.minecraftforge.fml.VersionChecker$1.run(VersionChecker.java:114) ~[fmlcore-1.19.2-43.5.1.jar%23741!/:?]
Caused by: java.lang.IllegalStateException: Expected BEGIN_OBJECT but was STRING at line 9 column 1 path $
	at com.google.gson.stream.JsonReader.beginObject(JsonReader.java:384) ~[gson-2.8.9.jar%23104!/:?]
	at com.google.gson.internal.bind.MapTypeAdapterFactory$Adapter.read(MapTypeAdapterFactory.java:183) ~[gson-2.8.9.jar%23104!/:?]
	at com.google.gson.internal.bind.MapTypeAdapterFactory$Adapter.read(MapTypeAdapterFactory.java:145) ~[gson-2.8.9.jar%23104!/:?]
	at com.google.gson.Gson.fromJson(Gson.java:963) ~[gson-2.8.9.jar%23104!/:?]
	... 6 more
[10:48:27] [Forge Version Check/INFO]: [easyanvils] Starting version check at https://raw.githubusercontent.com/Fuzss/modresources/main/update/easyanvils.json
[10:48:27] [Forge Version Check/INFO]: [easyanvils] Found status: UP_TO_DATE Current: 4.0.11 Target: null
[10:48:27] [Forge Version Check/INFO]: [hourglass] Starting version check at https://raw.githubusercontent.com/DuckyCrayfish/hourglass/main/res/versions.json
[10:48:27] [Forge Version Check/INFO]: [hourglass] Found status: AHEAD Current: 1.19.1-1.2.1.1 Target: null
[10:48:27] [Forge Version Check/INFO]: [create_jetpack] Starting version check at https://api.modrinth.com/updates/create-jetpack/forge_updates.json
[10:48:27] [Render thread/INFO]: Initialized color sets in 54ms
[10:48:27] [Render thread/INFO]: Initialized color sets in 38ms
[10:48:27] [Render thread/INFO]: Finished mod setup in: [0, 11, 3, 0, 0, 0, 0, 0, 1] ms
[10:48:27] [Render thread/INFO]: Initializing Packet Registries
[10:48:27] [Worker-ResourceReload-6/INFO]: Successfully registered 'minecraft:netherite_chestplate' and 3 more items!
[10:48:27] [Worker-ResourceReload-6/INFO]: Successfully registered 'minecraft:diamond_helmet' and 3 more items!
[10:48:27] [Worker-ResourceReload-6/INFO]: Successfully registered 'minecraft:turtle_helmet'!
[10:48:27] [Worker-ResourceReload-6/INFO]: Successfully registered 'minecraft:iron_helmet' and 3 more items!
[10:48:27] [Worker-ResourceReload-6/INFO]: Successfully registered 'minecraft:chainmail_helmet' and 3 more items!
[10:48:27] [Worker-ResourceReload-6/INFO]: Successfully registered 'minecraft:golden_helmet' and 3 more items!
[10:48:27] [Worker-ResourceReload-6/INFO]: Successfully registered 'minecraft:leather_helmet' and 3 more items!
[10:48:28] [Forge Version Check/INFO]: [create_jetpack] Found status: UP_TO_DATE Current: 3.4.2 Target: null
[10:48:28] [Forge Version Check/INFO]: [corpse] Starting version check at https://update.maxhenkel.de/forge/corpse
[10:48:28] [Worker-ResourceReload-6/INFO]: Successfully registered 'minecraft:elytra'!
[10:48:28] [Worker-ResourceReload-0/INFO]: [EMI] Discovered Sodium
[10:48:28] [Worker-ResourceReload-1/INFO]: Loading Xaero's Minimap - Stage 1/2
[10:48:28] [Worker-ResourceReload-4/INFO]: [voicechat] Using Cloth Config GUI
[10:48:28] [Worker-ResourceReload-4/INFO]: [voicechat] Loading Opus
[10:48:28] [Worker-ResourceReload-2/INFO]: Loading Xaero's World Map - Stage 1/2
[10:48:28] [Placebo Patreon Trail Loader/INFO]: Loading patreon trails data...
[10:48:28] [Placebo Patreon Wing Loader/INFO]: Loading patreon wing data...
[10:48:28] [Placebo Patreon Trail Loader/INFO]: Loaded 50 patreon trails.
[10:48:28] [Placebo Patreon Wing Loader/INFO]: Loaded 21 patreon wings.
[10:48:28] [Worker-ResourceReload-4/INFO]: [KONKRETE] Client-side libs ready to use!
[10:48:28] [Worker-ResourceReload-3/WARN]: Key mapping key.observable.profile registered after event
java.lang.RuntimeException: null
	at dev.architectury.registry.client.keymappings.forge.KeyMappingRegistryImpl.register(KeyMappingRegistryImpl.java:47) ~[architectury-6.6.92-forge.jar%23461!/:?]
	at dev.architectury.registry.client.keymappings.KeyMappingRegistry.register(KeyMappingRegistry.java) ~[architectury-6.6.92-forge.jar%23461!/:?]
	at observable.Observable.clientInit(Observable.java:292) ~[observable-3.3.1.jar%23648!/:?]
	at observable.forge.ObservableForge.onClientInit(ObservableForge.java:28) ~[observable-3.3.1.jar%23648!/:?]
	at net.minecraftforge.eventbus.EventBus.doCastFilter(EventBus.java:260) ~[eventbus-6.0.3.jar%23129!/:?]
	at net.minecraftforge.eventbus.EventBus.lambda$addListener$11(EventBus.java:252) ~[eventbus-6.0.3.jar%23129!/:?]
	at net.minecraftforge.eventbus.EventBus.post(EventBus.java:315) ~[eventbus-6.0.3.jar%23129!/:?]
	at net.minecraftforge.eventbus.EventBus.post(EventBus.java:296) ~[eventbus-6.0.3.jar%23129!/:?]
	at net.minecraftforge.fml.javafmlmod.FMLModContainer.acceptEvent(FMLModContainer.java:121) ~[javafmllanguage-1.19.2-43.5.1.jar%23742!/:?]
	at net.minecraftforge.fml.ModContainer.lambda$buildTransitionHandler$5(ModContainer.java:125) ~[fmlcore-1.19.2-43.5.1.jar%23741!/:?]
	at java.util.concurrent.CompletableFuture$AsyncRun.run(Unknown Source) ~[?:?]
	at java.util.concurrent.CompletableFuture$AsyncRun.exec(Unknown Source) ~[?:?]
	at java.util.concurrent.ForkJoinTask.doExec(Unknown Source) ~[?:?]
	at java.util.concurrent.ForkJoinPool$WorkQueue.topLevelExec(Unknown Source) ~[?:?]
	at java.util.concurrent.ForkJoinPool.scan(Unknown Source) ~[?:?]
	at java.util.concurrent.ForkJoinPool.runWorker(Unknown Source) ~[?:?]
	at java.util.concurrent.ForkJoinWorkerThread.run(Unknown Source) ~[?:?]
[10:48:28] [Worker-ResourceReload-4/INFO]: Oculus Flywheel Compat Initialized
[10:48:28] [Worker-ResourceReload-0/INFO]: Dispatching Module Step SETUP_CLIENT
[10:48:28] [ForkJoinPool.commonPool-worker-7/INFO]: Fetching backend resources...
[10:48:29] [Forge Version Check/INFO]: [corpse] Found status: AHEAD Current: 1.19.2-1.0.17 Target: null
[10:48:29] [Forge Version Check/INFO]: [blockrunner] Starting version check at https://raw.githubusercontent.com/Fuzss/modresources/main/update/blockrunner.json
[10:48:29] [Forge Version Check/INFO]: [blockrunner] Found status: UP_TO_DATE Current: 4.2.2 Target: null
[10:48:29] [Forge Version Check/INFO]: [highlighter] Starting version check at https://mc-update-check.anthonyhilyard.com/521590
[10:48:29] [Worker-ResourceReload-5/WARN]: Exception loading blockstate definition: 'torchslabmod:blockstates/end_rod_slab.json' missing model for variant: 'torchslabmod:end_rod_slab#conditional=true,facing=east'
[10:48:29] [Worker-ResourceReload-5/WARN]: Exception loading blockstate definition: 'torchslabmod:blockstates/end_rod_slab.json' missing model for variant: 'torchslabmod:end_rod_slab#conditional=false,facing=west'
[10:48:29] [Worker-ResourceReload-5/WARN]: Exception loading blockstate definition: 'torchslabmod:blockstates/end_rod_slab.json' missing model for variant: 'torchslabmod:end_rod_slab#conditional=true,facing=north'
[10:48:29] [Worker-ResourceReload-5/WARN]: Exception loading blockstate definition: 'torchslabmod:blockstates/end_rod_slab.json' missing model for variant: 'torchslabmod:end_rod_slab#conditional=true,facing=south'
[10:48:29] [Worker-ResourceReload-5/WARN]: Exception loading blockstate definition: 'torchslabmod:blockstates/end_rod_slab.json' missing model for variant: 'torchslabmod:end_rod_slab#conditional=true,facing=west'
[10:48:29] [Worker-ResourceReload-5/WARN]: Exception loading blockstate definition: 'torchslabmod:blockstates/end_rod_slab.json' missing model for variant: 'torchslabmod:end_rod_slab#conditional=false,facing=east'
[10:48:29] [Worker-ResourceReload-5/WARN]: Exception loading blockstate definition: 'torchslabmod:blockstates/end_rod_slab.json' missing model for variant: 'torchslabmod:end_rod_slab#conditional=false,facing=south'
[10:48:29] [Worker-ResourceReload-5/WARN]: Exception loading blockstate definition: 'torchslabmod:blockstates/end_rod_slab.json' missing model for variant: 'torchslabmod:end_rod_slab#conditional=false,facing=north'
[10:48:29] [Worker-ResourceReload-5/WARN]: Exception evaluating model definition: 'alloyed:steel_catwalk#'
java.lang.RuntimeException: Unknown property 'bottom' on 'Block{alloyed:steel_catwalk}'
	at malte0811.ferritecore.impl.KeyValueConditionImpl.getPredicate(KeyValueConditionImpl.java:31) ~[ferritecore-5.0.3-forge.jar%23577!/:5.0.3]
	at net.minecraft.client.renderer.block.model.multipart.KeyValueCondition.m_7289_(KeyValueCondition.java:537) ~[client-1.19.2-20220805.130853-srg.jar%23740!/:?]
	at net.minecraft.client.renderer.block.model.multipart.Selector.m_112021_(Selector.java:43) ~[client-1.19.2-20220805.130853-srg.jar%23740!/:?]
	at net.minecraft.client.resources.model.ModelBakery$ModelGroupKey.m_119390_(ModelBakery.java:597) ~[client-1.19.2-20220805.130853-srg.jar%23740!/:?]
	at java.util.stream.ReferencePipeline$2$1.accept(Unknown Source) ~[?:?]
	at java.util.ArrayList$ArrayListSpliterator.forEachRemaining(Unknown Source) ~[?:?]
	at java.util.stream.AbstractPipeline.copyInto(Unknown Source) ~[?:?]
	at java.util.stream.AbstractPipeline.wrapAndCopyInto(Unknown Source) ~[?:?]
	at java.util.stream.ReduceOps$ReduceOp.evaluateSequential(Unknown Source) ~[?:?]
	at java.util.stream.AbstractPipeline.evaluate(Unknown Source) ~[?:?]
	at java.util.stream.ReferencePipeline.collect(Unknown Source) ~[?:?]
	at net.minecraft.client.resources.model.ModelBakery$ModelGroupKey.m_119379_(ModelBakery.java:598) ~[client-1.19.2-20220805.130853-srg.jar%23740!/:?]
	at net.minecraft.client.resources.model.ModelBakery.m_174886_(ModelBakery.java:394) ~[client-1.19.2-20220805.130853-srg.jar%23740!/:?]
	at net.minecraft.client.resources.model.ModelBakery.m_119331_(ModelBakery.java:437) ~[client-1.19.2-20220805.130853-srg.jar%23740!/:?]
	at java.util.HashMap.forEach(Unknown Source) ~[?:?]
	at net.minecraft.client.resources.model.ModelBakery.m_119362_(ModelBakery.java:427) ~[client-1.19.2-20220805.130853-srg.jar%23740!/:?]
	at net.minecraft.client.resources.model.ModelBakery.m_119341_(ModelBakery.java:312) ~[client-1.19.2-20220805.130853-srg.jar%23740!/:?]
	at net.minecraft.client.resources.model.ModelBakery.m_119306_(ModelBakery.java:474) ~[client-1.19.2-20220805.130853-srg.jar%23740!/:?]
	at net.minecraft.client.resources.model.ModelBakery.m_119263_(ModelBakery.java:177) ~[client-1.19.2-20220805.130853-srg.jar%23740!/:?]
	at com.google.common.collect.ImmutableList.forEach(ImmutableList.java:422) ~[guava-31.0.1-jre.jar%2398!/:?]
	at net.minecraft.client.resources.model.ModelBakery.<init>(ModelBakery.java:176) ~[client-1.19.2-20220805.130853-srg.jar%23740!/:?]
	at net.minecraft.client.resources.model.ModelManager.m_5944_(ModelManager.java:58) ~[client-1.19.2-20220805.130853-srg.jar%23740!/:?]
	at net.minecraft.client.resources.model.ModelManager.m_5944_(ModelManager.java:20) ~[client-1.19.2-20220805.130853-srg.jar%23740!/:?]
	at net.minecraft.server.packs.resources.SimplePreparableReloadListener.m_10786_(SimplePreparableReloadListener.java:11) ~[client-1.19.2-20220805.130853-srg.jar%23740!/:?]
	at java.util.concurrent.CompletableFuture$AsyncSupply.run(Unknown Source) ~[?:?]
	at java.util.concurrent.CompletableFuture$AsyncSupply.exec(Unknown Source) ~[?:?]
	at java.util.concurrent.ForkJoinTask.doExec(Unknown Source) ~[?:?]
	at java.util.concurrent.ForkJoinPool$WorkQueue.topLevelExec(Unknown Source) ~[?:?]
	at java.util.concurrent.ForkJoinPool.scan(Unknown Source) ~[?:?]
	at java.util.concurrent.ForkJoinPool.runWorker(Unknown Source) ~[?:?]
	at java.util.concurrent.ForkJoinWorkerThread.run(Unknown Source) ~[?:?]
[10:48:29] [Worker-ResourceReload-5/WARN]: Unable to load model: 'minecraft:steel_catwalk' referenced from: alloyed:steel_catwalk#: java.io.FileNotFoundException: minecraft:models/steel_catwalk.json
[10:48:29] [Worker-ResourceReload-5/WARN]: Exception loading blockstate definition: 'alloyed:blockstates/steel_catwalk_stairs.json' in resourcepack: 'Mod Resources' for variant: 'facing=north,waterlogged=true': Unknown blockstate property: 'facing'
[10:48:29] [Worker-ResourceReload-5/WARN]: Exception loading blockstate definition: 'alloyed:blockstates/steel_catwalk_stairs.json' in resourcepack: 'Mod Resources' for variant: 'facing=south,waterlogged=false': Unknown blockstate property: 'facing'
[10:48:29] [Worker-ResourceReload-5/WARN]: Exception loading blockstate definition: 'alloyed:blockstates/steel_catwalk_stairs.json' in resourcepack: 'Mod Resources' for variant: 'facing=east,waterlogged=false': Unknown blockstate property: 'facing'
[10:48:29] [Worker-ResourceReload-5/WARN]: Exception loading blockstate definition: 'alloyed:blockstates/steel_catwalk_stairs.json' in resourcepack: 'Mod Resources' for variant: 'facing=east,waterlogged=true': Unknown blockstate property: 'facing'
[10:48:29] [Worker-ResourceReload-5/WARN]: Exception loading blockstate definition: 'alloyed:blockstates/steel_catwalk_stairs.json' in resourcepack: 'Mod Resources' for variant: 'facing=west,waterlogged=false': Unknown blockstate property: 'facing'
[10:48:29] [Worker-ResourceReload-5/WARN]: Exception loading blockstate definition: 'alloyed:blockstates/steel_catwalk_stairs.json' in resourcepack: 'Mod Resources' for variant: 'facing=south,waterlogged=true': Unknown blockstate property: 'facing'
[10:48:29] [Worker-ResourceReload-5/WARN]: Exception loading blockstate definition: 'alloyed:blockstates/steel_catwalk_stairs.json' in resourcepack: 'Mod Resources' for variant: 'facing=west,waterlogged=true': Unknown blockstate property: 'facing'
[10:48:29] [Worker-ResourceReload-5/WARN]: Exception loading blockstate definition: 'alloyed:blockstates/steel_catwalk_stairs.json' in resourcepack: 'Mod Resources' for variant: 'facing=north,waterlogged=false': Unknown blockstate property: 'facing'
[10:48:29] [Worker-ResourceReload-5/WARN]: Exception loading blockstate definition: 'alloyed:blockstates/steel_catwalk_stairs.json' missing model for variant: 'alloyed:steel_catwalk_stairs#'
[10:48:29] [Worker-ResourceReload-5/WARN]: Exception evaluating model definition: 'alloyed:steel_sheet_vertical_slab#fluidlogged=1,type=bottom,waterlogged=true'
java.lang.RuntimeException: Unknown property 'facing' on 'Block{alloyed:steel_sheet_vertical_slab}'
	at malte0811.ferritecore.impl.KeyValueConditionImpl.getPredicate(KeyValueConditionImpl.java:31) ~[ferritecore-5.0.3-forge.jar%23577!/:5.0.3]
	at net.minecraft.client.renderer.block.model.multipart.KeyValueCondition.m_7289_(KeyValueCondition.java:537) ~[client-1.19.2-20220805.130853-srg.jar%23740!/:?]
	at malte0811.ferritecore.util.PredicateHelper.toCanonicalList(PredicateHelper.java:19) ~[ferritecore-5.0.3-forge.jar%23577!/:5.0.3]
	at net.minecraft.client.renderer.block.model.multipart.AndCondition.m_7289_(AndCondition.java:529) ~[client-1.19.2-20220805.130853-srg.jar%23740!/:?]
	at net.minecraft.client.renderer.block.model.multipart.Selector.m_112021_(Selector.java:43) ~[client-1.19.2-20220805.130853-srg.jar%23740!/:?]
	at net.minecraft.client.resources.model.ModelBakery$ModelGroupKey.m_119390_(ModelBakery.java:597) ~[client-1.19.2-20220805.130853-srg.jar%23740!/:?]
	at java.util.stream.ReferencePipeline$2$1.accept(Unknown Source) ~[?:?]
	at java.util.ArrayList$ArrayListSpliterator.forEachRemaining(Unknown Source) ~[?:?]
	at java.util.stream.AbstractPipeline.copyInto(Unknown Source) ~[?:?]
	at java.util.stream.AbstractPipeline.wrapAndCopyInto(Unknown Source) ~[?:?]
	at java.util.stream.ReduceOps$ReduceOp.evaluateSequential(Unknown Source) ~[?:?]
	at java.util.stream.AbstractPipeline.evaluate(Unknown Source) ~[?:?]
	at java.util.stream.ReferencePipeline.collect(Unknown Source) ~[?:?]
	at net.minecraft.client.resources.model.ModelBakery$ModelGroupKey.m_119379_(ModelBakery.java:598) ~[client-1.19.2-20220805.130853-srg.jar%23740!/:?]
	at net.minecraft.client.resources.model.ModelBakery.m_174886_(ModelBakery.java:394) ~[client-1.19.2-20220805.130853-srg.jar%23740!/:?]
	at net.minecraft.client.resources.model.ModelBakery.m_119331_(ModelBakery.java:437) ~[client-1.19.2-20220805.130853-srg.jar%23740!/:?]
	at java.util.HashMap.forEach(Unknown Source) ~[?:?]
	at net.minecraft.client.resources.model.ModelBakery.m_119362_(ModelBakery.java:427) ~[client-1.19.2-20220805.130853-srg.jar%23740!/:?]
	at net.minecraft.client.resources.model.ModelBakery.m_119341_(ModelBakery.java:312) ~[client-1.19.2-20220805.130853-srg.jar%23740!/:?]
	at net.minecraft.client.resources.model.ModelBakery.m_119306_(ModelBakery.java:474) ~[client-1.19.2-20220805.130853-srg.jar%23740!/:?]
	at net.minecraft.client.resources.model.ModelBakery.m_119263_(ModelBakery.java:177) ~[client-1.19.2-20220805.130853-srg.jar%23740!/:?]
	at com.google.common.collect.ImmutableList.forEach(ImmutableList.java:422) ~[guava-31.0.1-jre.jar%2398!/:?]
	at net.minecraft.client.resources.model.ModelBakery.<init>(ModelBakery.java:176) ~[client-1.19.2-20220805.130853-srg.jar%23740!/:?]
	at net.minecraft.client.resources.model.ModelManager.m_5944_(ModelManager.java:58) ~[client-1.19.2-20220805.130853-srg.jar%23740!/:?]
	at net.minecraft.client.resources.model.ModelManager.m_5944_(ModelManager.java:20) ~[client-1.19.2-20220805.130853-srg.jar%23740!/:?]
	at net.minecraft.server.packs.resources.SimplePreparableReloadListener.m_10786_(SimplePreparableReloadListener.java:11) ~[client-1.19.2-20220805.130853-srg.jar%23740!/:?]
	at java.util.concurrent.CompletableFuture$AsyncSupply.run(Unknown Source) ~[?:?]
	at java.util.concurrent.CompletableFuture$AsyncSupply.exec(Unknown Source) ~[?:?]
	at java.util.concurrent.ForkJoinTask.doExec(Unknown Source) ~[?:?]
	at java.util.concurrent.ForkJoinPool$WorkQueue.topLevelExec(Unknown Source) ~[?:?]
	at java.util.concurrent.ForkJoinPool.scan(Unknown Source) ~[?:?]
	at java.util.concurrent.ForkJoinPool.runWorker(Unknown Source) ~[?:?]
	at java.util.concurrent.ForkJoinWorkerThread.run(Unknown Source) ~[?:?]
[10:48:29] [Worker-ResourceReload-5/WARN]: Exception evaluating model definition: 'alloyed:steel_sheet_vertical_slab#fluidlogged=0,type=top,waterlogged=true'
java.lang.RuntimeException: Unknown property 'facing' on 'Block{alloyed:steel_sheet_vertical_slab}'
	at malte0811.ferritecore.impl.KeyValueConditionImpl.getPredicate(KeyValueConditionImpl.java:31) ~[ferritecore-5.0.3-forge.jar%23577!/:5.0.3]
	at net.minecraft.client.renderer.block.model.multipart.KeyValueCondition.m_7289_(KeyValueCondition.java:537) ~[client-1.19.2-20220805.130853-srg.jar%23740!/:?]
	at malte0811.ferritecore.util.PredicateHelper.toCanonicalList(PredicateHelper.java:19) ~[ferritecore-5.0.3-forge.jar%23577!/:5.0.3]
	at net.minecraft.client.renderer.block.model.multipart.AndCondition.m_7289_(AndCondition.java:529) ~[client-1.19.2-20220805.130853-srg.jar%23740!/:?]
	at net.minecraft.client.renderer.block.model.multipart.Selector.m_112021_(Selector.java:43) ~[client-1.19.2-20220805.130853-srg.jar%23740!/:?]
	at net.minecraft.client.resources.model.ModelBakery$ModelGroupKey.m_119390_(ModelBakery.java:597) ~[client-1.19.2-20220805.130853-srg.jar%23740!/:?]
	at java.util.stream.ReferencePipeline$2$1.accept(Unknown Source) ~[?:?]
	at java.util.ArrayList$ArrayListSpliterator.forEachRemaining(Unknown Source) ~[?:?]
	at java.util.stream.AbstractPipeline.copyInto(Unknown Source) ~[?:?]
	at java.util.stream.AbstractPipeline.wrapAndCopyInto(Unknown Source) ~[?:?]
	at java.util.stream.ReduceOps$ReduceOp.evaluateSequential(Unknown Source) ~[?:?]
	at java.util.stream.AbstractPipeline.evaluate(Unknown Source) ~[?:?]
	at java.util.stream.ReferencePipeline.collect(Unknown Source) ~[?:?]
	at net.minecraft.client.resources.model.ModelBakery$ModelGroupKey.m_119379_(ModelBakery.java:598) ~[client-1.19.2-20220805.130853-srg.jar%23740!/:?]
	at net.minecraft.client.resources.model.ModelBakery.m_174886_(ModelBakery.java:394) ~[client-1.19.2-20220805.130853-srg.jar%23740!/:?]
	at net.minecraft.client.resources.model.ModelBakery.m_119331_(ModelBakery.java:437) ~[client-1.19.2-20220805.130853-srg.jar%23740!/:?]
	at java.util.HashMap.forEach(Unknown Source) ~[?:?]
	at net.minecraft.client.resources.model.ModelBakery.m_119362_(ModelBakery.java:427) ~[client-1.19.2-20220805.130853-srg.jar%23740!/:?]
	at net.minecraft.client.resources.model.ModelBakery.m_119341_(ModelBakery.java:312) ~[client-1.19.2-20220805.130853-srg.jar%23740!/:?]
	at net.minecraft.client.resources.model.ModelBakery.m_119306_(ModelBakery.java:474) ~[client-1.19.2-20220805.130853-srg.jar%23740!/:?]
	at net.minecraft.client.resources.model.ModelBakery.m_119263_(ModelBakery.java:177) ~[client-1.19.2-20220805.130853-srg.jar%23740!/:?]
	at com.google.common.collect.ImmutableList.forEach(ImmutableList.java:422) ~[guava-31.0.1-jre.jar%2398!/:?]
	at net.minecraft.client.resources.model.ModelBakery.<init>(ModelBakery.java:176) ~[client-1.19.2-20220805.130853-srg.jar%23740!/:?]
	at net.minecraft.client.resources.model.ModelManager.m_5944_(ModelManager.java:58) ~[client-1.19.2-20220805.130853-srg.jar%23740!/:?]
	at net.minecraft.client.resources.model.ModelManager.m_5944_(ModelManager.java:20) ~[client-1.19.2-20220805.130853-srg.jar%23740!/:?]
	at net.minecraft.server.packs.resources.SimplePreparableReloadListener.m_10786_(SimplePreparableReloadListener.java:11) ~[client-1.19.2-20220805.130853-srg.jar%23740!/:?]
	at java.util.concurrent.CompletableFuture$AsyncSupply.run(Unknown Source) ~[?:?]
	at java.util.concurrent.CompletableFuture$AsyncSupply.exec(Unknown Source) ~[?:?]
	at java.util.concurrent.ForkJoinTask.doExec(Unknown Source) ~[?:?]
	at java.util.concurrent.ForkJoinPool$WorkQueue.topLevelExec(Unknown Source) ~[?:?]
	at java.util.concurrent.ForkJoinPool.scan(Unknown Source) ~[?:?]
	at java.util.concurrent.ForkJoinPool.runWorker(Unknown Source) ~[?:?]
	at java.util.concurrent.ForkJoinWorkerThread.run(Unknown Source) ~[?:?]
[10:48:29] [Worker-ResourceReload-5/WARN]: Exception evaluating model definition: 'alloyed:steel_sheet_vertical_slab#fluidlogged=1,type=top,waterlogged=true'
java.lang.RuntimeException: Unknown property 'facing' on 'Block{alloyed:steel_sheet_vertical_slab}'
	at malte0811.ferritecore.impl.KeyValueConditionImpl.getPredicate(KeyValueConditionImpl.java:31) ~[ferritecore-5.0.3-forge.jar%23577!/:5.0.3]
	at net.minecraft.client.renderer.block.model.multipart.KeyValueCondition.m_7289_(KeyValueCondition.java:537) ~[client-1.19.2-20220805.130853-srg.jar%23740!/:?]
	at malte0811.ferritecore.util.PredicateHelper.toCanonicalList(PredicateHelper.java:19) ~[ferritecore-5.0.3-forge.jar%23577!/:5.0.3]
	at net.minecraft.client.renderer.block.model.multipart.AndCondition.m_7289_(AndCondition.java:529) ~[client-1.19.2-20220805.130853-srg.jar%23740!/:?]
	at net.minecraft.client.renderer.block.model.multipart.Selector.m_112021_(Selector.java:43) ~[client-1.19.2-20220805.130853-srg.jar%23740!/:?]
	at net.minecraft.client.resources.model.ModelBakery$ModelGroupKey.m_119390_(ModelBakery.java:597) ~[client-1.19.2-20220805.130853-srg.jar%23740!/:?]
	at java.util.stream.ReferencePipeline$2$1.accept(Unknown Source) ~[?:?]
	at java.util.ArrayList$ArrayListSpliterator.forEachRemaining(Unknown Source) ~[?:?]
	at java.util.stream.AbstractPipeline.copyInto(Unknown Source) ~[?:?]
	at java.util.stream.AbstractPipeline.wrapAndCopyInto(Unknown Source) ~[?:?]
	at java.util.stream.ReduceOps$ReduceOp.evaluateSequential(Unknown Source) ~[?:?]
	at java.util.stream.AbstractPipeline.evaluate(Unknown Source) ~[?:?]
	at java.util.stream.ReferencePipeline.collect(Unknown Source) ~[?:?]
	at net.minecraft.client.resources.model.ModelBakery$ModelGroupKey.m_119379_(ModelBakery.java:598) ~[client-1.19.2-20220805.130853-srg.jar%23740!/:?]
	at net.minecraft.client.resources.model.ModelBakery.m_174886_(ModelBakery.java:394) ~[client-1.19.2-20220805.130853-srg.jar%23740!/:?]
	at net.minecraft.client.resources.model.ModelBakery.m_119331_(ModelBakery.java:437) ~[client-1.19.2-20220805.130853-srg.jar%23740!/:?]
	at java.util.HashMap.forEach(Unknown Source) ~[?:?]
	at net.minecraft.client.resources.model.ModelBakery.m_119362_(ModelBakery.java:427) ~[client-1.19.2-20220805.130853-srg.jar%23740!/:?]
	at net.minecraft.client.resources.model.ModelBakery.m_119341_(ModelBakery.java:312) ~[client-1.19.2-20220805.130853-srg.jar%23740!/:?]
	at net.minecraft.client.resources.model.ModelBakery.m_119306_(ModelBakery.java:474) ~[client-1.19.2-20220805.130853-srg.jar%23740!/:?]
	at net.minecraft.client.resources.model.ModelBakery.m_119263_(ModelBakery.java:177) ~[client-1.19.2-20220805.130853-srg.jar%23740!/:?]
	at com.google.common.collect.ImmutableList.forEach(ImmutableList.java:422) ~[guava-31.0.1-jre.jar%2398!/:?]
	at net.minecraft.client.resources.model.ModelBakery.<init>(ModelBakery.java:176) ~[client-1.19.2-20220805.130853-srg.jar%23740!/:?]
	at net.minecraft.client.resources.model.ModelManager.m_5944_(ModelManager.java:58) ~[client-1.19.2-20220805.130853-srg.jar%23740!/:?]
	at net.minecraft.client.resources.model.ModelManager.m_5944_(ModelManager.java:20) ~[client-1.19.2-20220805.130853-srg.jar%23740!/:?]
	at net.minecraft.server.packs.resources.SimplePreparableReloadListener.m_10786_(SimplePreparableReloadListener.java:11) ~[client-1.19.2-20220805.130853-srg.jar%23740!/:?]
	at java.util.concurrent.CompletableFuture$AsyncSupply.run(Unknown Source) ~[?:?]
	at java.util.concurrent.CompletableFuture$AsyncSupply.exec(Unknown Source) ~[?:?]
	at java.util.concurrent.ForkJoinTask.doExec(Unknown Source) ~[?:?]
	at java.util.concurrent.ForkJoinPool$WorkQueue.topLevelExec(Unknown Source) ~[?:?]
	at java.util.concurrent.ForkJoinPool.scan(Unknown Source) ~[?:?]
	at java.util.concurrent.ForkJoinPool.runWorker(Unknown Source) ~[?:?]
	at java.util.concurrent.ForkJoinWorkerThread.run(Unknown Source) ~[?:?]
[10:48:29] [Worker-ResourceReload-5/WARN]: Exception evaluating model definition: 'alloyed:steel_sheet_vertical_slab#fluidlogged=0,type=bottom,waterlogged=true'
java.lang.RuntimeException: Unknown property 'facing' on 'Block{alloyed:steel_sheet_vertical_slab}'
	at malte0811.ferritecore.impl.KeyValueConditionImpl.getPredicate(KeyValueConditionImpl.java:31) ~[ferritecore-5.0.3-forge.jar%23577!/:5.0.3]
	at net.minecraft.client.renderer.block.model.multipart.KeyValueCondition.m_7289_(KeyValueCondition.java:537) ~[client-1.19.2-20220805.130853-srg.jar%23740!/:?]
	at malte0811.ferritecore.util.PredicateHelper.toCanonicalList(PredicateHelper.java:19) ~[ferritecore-5.0.3-forge.jar%23577!/:5.0.3]
	at net.minecraft.client.renderer.block.model.multipart.AndCondition.m_7289_(AndCondition.java:529) ~[client-1.19.2-20220805.130853-srg.jar%23740!/:?]
	at net.minecraft.client.renderer.block.model.multipart.Selector.m_112021_(Selector.java:43) ~[client-1.19.2-20220805.130853-srg.jar%23740!/:?]
	at net.minecraft.client.resources.model.ModelBakery$ModelGroupKey.m_119390_(ModelBakery.java:597) ~[client-1.19.2-20220805.130853-srg.jar%23740!/:?]
	at java.util.stream.ReferencePipeline$2$1.accept(Unknown Source) ~[?:?]
	at java.util.ArrayList$ArrayListSpliterator.forEachRemaining(Unknown Source) ~[?:?]
	at java.util.stream.AbstractPipeline.copyInto(Unknown Source) ~[?:?]
	at java.util.stream.AbstractPipeline.wrapAndCopyInto(Unknown Source) ~[?:?]
	at java.util.stream.ReduceOps$ReduceOp.evaluateSequential(Unknown Source) ~[?:?]
	at java.util.stream.AbstractPipeline.evaluate(Unknown Source) ~[?:?]
	at java.util.stream.ReferencePipeline.collect(Unknown Source) ~[?:?]
	at net.minecraft.client.resources.model.ModelBakery$ModelGroupKey.m_119379_(ModelBakery.java:598) ~[client-1.19.2-20220805.130853-srg.jar%23740!/:?]
	at net.minecraft.client.resources.model.ModelBakery.m_174886_(ModelBakery.java:394) ~[client-1.19.2-20220805.130853-srg.jar%23740!/:?]
	at net.minecraft.client.resources.model.ModelBakery.m_119331_(ModelBakery.java:437) ~[client-1.19.2-20220805.130853-srg.jar%23740!/:?]
	at java.util.HashMap.forEach(Unknown Source) ~[?:?]
	at net.minecraft.client.resources.model.ModelBakery.m_119362_(ModelBakery.java:427) ~[client-1.19.2-20220805.130853-srg.jar%23740!/:?]
	at net.minecraft.client.resources.model.ModelBakery.m_119341_(ModelBakery.java:312) ~[client-1.19.2-20220805.130853-srg.jar%23740!/:?]
	at net.minecraft.client.resources.model.ModelBakery.m_119306_(ModelBakery.java:474) ~[client-1.19.2-20220805.130853-srg.jar%23740!/:?]
	at net.minecraft.client.resources.model.ModelBakery.m_119263_(ModelBakery.java:177) ~[client-1.19.2-20220805.130853-srg.jar%23740!/:?]
	at com.google.common.collect.ImmutableList.forEach(ImmutableList.java:422) ~[guava-31.0.1-jre.jar%2398!/:?]
	at net.minecraft.client.resources.model.ModelBakery.<init>(ModelBakery.java:176) ~[client-1.19.2-20220805.130853-srg.jar%23740!/:?]
	at net.minecraft.client.resources.model.ModelManager.m_5944_(ModelManager.java:58) ~[client-1.19.2-20220805.130853-srg.jar%23740!/:?]
	at net.minecraft.client.resources.model.ModelManager.m_5944_(ModelManager.java:20) ~[client-1.19.2-20220805.130853-srg.jar%23740!/:?]
	at net.minecraft.server.packs.resources.SimplePreparableReloadListener.m_10786_(SimplePreparableReloadListener.java:11) ~[client-1.19.2-20220805.130853-srg.jar%23740!/:?]
	at java.util.concurrent.CompletableFuture$AsyncSupply.run(Unknown Source) ~[?:?]
	at java.util.concurrent.CompletableFuture$AsyncSupply.exec(Unknown Source) ~[?:?]
	at java.util.concurrent.ForkJoinTask.doExec(Unknown Source) ~[?:?]
	at java.util.concurrent.ForkJoinPool$WorkQueue.topLevelExec(Unknown Source) ~[?:?]
	at java.util.concurrent.ForkJoinPool.scan(Unknown Source) ~[?:?]
	at java.util.concurrent.ForkJoinPool.runWorker(Unknown Source) ~[?:?]
	at java.util.concurrent.ForkJoinWorkerThread.run(Unknown Source) ~[?:?]
[10:48:29] [Worker-ResourceReload-5/WARN]: Exception evaluating model definition: 'alloyed:steel_sheet_vertical_slab#fluidlogged=1,type=bottom,waterlogged=false'
java.lang.RuntimeException: Unknown property 'facing' on 'Block{alloyed:steel_sheet_vertical_slab}'
	at malte0811.ferritecore.impl.KeyValueConditionImpl.getPredicate(KeyValueConditionImpl.java:31) ~[ferritecore-5.0.3-forge.jar%23577!/:5.0.3]
	at net.minecraft.client.renderer.block.model.multipart.KeyValueCondition.m_7289_(KeyValueCondition.java:537) ~[client-1.19.2-20220805.130853-srg.jar%23740!/:?]
	at malte0811.ferritecore.util.PredicateHelper.toCanonicalList(PredicateHelper.java:19) ~[ferritecore-5.0.3-forge.jar%23577!/:5.0.3]
	at net.minecraft.client.renderer.block.model.multipart.AndCondition.m_7289_(AndCondition.java:529) ~[client-1.19.2-20220805.130853-srg.jar%23740!/:?]
	at net.minecraft.client.renderer.block.model.multipart.Selector.m_112021_(Selector.java:43) ~[client-1.19.2-20220805.130853-srg.jar%23740!/:?]
	at net.minecraft.client.resources.model.ModelBakery$ModelGroupKey.m_119390_(ModelBakery.java:597) ~[client-1.19.2-20220805.130853-srg.jar%23740!/:?]
	at java.util.stream.ReferencePipeline$2$1.accept(Unknown Source) ~[?:?]
	at java.util.ArrayList$ArrayListSpliterator.forEachRemaining(Unknown Source) ~[?:?]
	at java.util.stream.AbstractPipeline.copyInto(Unknown Source) ~[?:?]
	at java.util.stream.AbstractPipeline.wrapAndCopyInto(Unknown Source) ~[?:?]
	at java.util.stream.ReduceOps$ReduceOp.evaluateSequential(Unknown Source) ~[?:?]
	at java.util.stream.AbstractPipeline.evaluate(Unknown Source) ~[?:?]
	at java.util.stream.ReferencePipeline.collect(Unknown Source) ~[?:?]
	at net.minecraft.client.resources.model.ModelBakery$ModelGroupKey.m_119379_(ModelBakery.java:598) ~[client-1.19.2-20220805.130853-srg.jar%23740!/:?]
	at net.minecraft.client.resources.model.ModelBakery.m_174886_(ModelBakery.java:394) ~[client-1.19.2-20220805.130853-srg.jar%23740!/:?]
	at net.minecraft.client.resources.model.ModelBakery.m_119331_(ModelBakery.java:437) ~[client-1.19.2-20220805.130853-srg.jar%23740!/:?]
	at java.util.HashMap.forEach(Unknown Source) ~[?:?]
	at net.minecraft.client.resources.model.ModelBakery.m_119362_(ModelBakery.java:427) ~[client-1.19.2-20220805.130853-srg.jar%23740!/:?]
	at net.minecraft.client.resources.model.ModelBakery.m_119341_(ModelBakery.java:312) ~[client-1.19.2-20220805.130853-srg.jar%23740!/:?]
	at net.minecraft.client.resources.model.ModelBakery.m_119306_(ModelBakery.java:474) ~[client-1.19.2-20220805.130853-srg.jar%23740!/:?]
	at net.minecraft.client.resources.model.ModelBakery.m_119263_(ModelBakery.java:177) ~[client-1.19.2-20220805.130853-srg.jar%23740!/:?]
	at com.google.common.collect.ImmutableList.forEach(ImmutableList.java:422) ~[guava-31.0.1-jre.jar%2398!/:?]
	at net.minecraft.client.resources.model.ModelBakery.<init>(ModelBakery.java:176) ~[client-1.19.2-20220805.130853-srg.jar%23740!/:?]
	at net.minecraft.client.resources.model.ModelManager.m_5944_(ModelManager.java:58) ~[client-1.19.2-20220805.130853-srg.jar%23740!/:?]
	at net.minecraft.client.resources.model.ModelManager.m_5944_(ModelManager.java:20) ~[client-1.19.2-20220805.130853-srg.jar%23740!/:?]
	at net.minecraft.server.packs.resources.SimplePreparableReloadListener.m_10786_(SimplePreparableReloadListener.java:11) ~[client-1.19.2-20220805.130853-srg.jar%23740!/:?]
	at java.util.concurrent.CompletableFuture$AsyncSupply.run(Unknown Source) ~[?:?]
	at java.util.concurrent.CompletableFuture$AsyncSupply.exec(Unknown Source) ~[?:?]
	at java.util.concurrent.ForkJoinTask.doExec(Unknown Source) ~[?:?]
	at java.util.concurrent.ForkJoinPool$WorkQueue.topLevelExec(Unknown Source) ~[?:?]
	at java.util.concurrent.ForkJoinPool.scan(Unknown Source) ~[?:?]
	at java.util.concurrent.ForkJoinPool.runWorker(Unknown Source) ~[?:?]
	at java.util.concurrent.ForkJoinWorkerThread.run(Unknown Source) ~[?:?]
[10:48:29] [Worker-ResourceReload-5/WARN]: Exception evaluating model definition: 'alloyed:steel_sheet_vertical_slab#fluidlogged=0,type=bottom,waterlogged=false'
java.lang.RuntimeException: Unknown property 'facing' on 'Block{alloyed:steel_sheet_vertical_slab}'
	at malte0811.ferritecore.impl.KeyValueConditionImpl.getPredicate(KeyValueConditionImpl.java:31) ~[ferritecore-5.0.3-forge.jar%23577!/:5.0.3]
	at net.minecraft.client.renderer.block.model.multipart.KeyValueCondition.m_7289_(KeyValueCondition.java:537) ~[client-1.19.2-20220805.130853-srg.jar%23740!/:?]
	at malte0811.ferritecore.util.PredicateHelper.toCanonicalList(PredicateHelper.java:19) ~[ferritecore-5.0.3-forge.jar%23577!/:5.0.3]
	at net.minecraft.client.renderer.block.model.multipart.AndCondition.m_7289_(AndCondition.java:529) ~[client-1.19.2-20220805.130853-srg.jar%23740!/:?]
	at net.minecraft.client.renderer.block.model.multipart.Selector.m_112021_(Selector.java:43) ~[client-1.19.2-20220805.130853-srg.jar%23740!/:?]
	at net.minecraft.client.resources.model.ModelBakery$ModelGroupKey.m_119390_(ModelBakery.java:597) ~[client-1.19.2-20220805.130853-srg.jar%23740!/:?]
	at java.util.stream.ReferencePipeline$2$1.accept(Unknown Source) ~[?:?]
	at java.util.ArrayList$ArrayListSpliterator.forEachRemaining(Unknown Source) ~[?:?]
	at java.util.stream.AbstractPipeline.copyInto(Unknown Source) ~[?:?]
	at java.util.stream.AbstractPipeline.wrapAndCopyInto(Unknown Source) ~[?:?]
	at java.util.stream.ReduceOps$ReduceOp.evaluateSequential(Unknown Source) ~[?:?]
	at java.util.stream.AbstractPipeline.evaluate(Unknown Source) ~[?:?]
	at java.util.stream.ReferencePipeline.collect(Unknown Source) ~[?:?]
	at net.minecraft.client.resources.model.ModelBakery$ModelGroupKey.m_119379_(ModelBakery.java:598) ~[client-1.19.2-20220805.130853-srg.jar%23740!/:?]
	at net.minecraft.client.resources.model.ModelBakery.m_174886_(ModelBakery.java:394) ~[client-1.19.2-20220805.130853-srg.jar%23740!/:?]
	at net.minecraft.client.resources.model.ModelBakery.m_119331_(ModelBakery.java:437) ~[client-1.19.2-20220805.130853-srg.jar%23740!/:?]
	at java.util.HashMap.forEach(Unknown Source) ~[?:?]
	at net.minecraft.client.resources.model.ModelBakery.m_119362_(ModelBakery.java:427) ~[client-1.19.2-20220805.130853-srg.jar%23740!/:?]
	at net.minecraft.client.resources.model.ModelBakery.m_119341_(ModelBakery.java:312) ~[client-1.19.2-20220805.130853-srg.jar%23740!/:?]
	at net.minecraft.client.resources.model.ModelBakery.m_119306_(ModelBakery.java:474) ~[client-1.19.2-20220805.130853-srg.jar%23740!/:?]
	at net.minecraft.client.resources.model.ModelBakery.m_119263_(ModelBakery.java:177) ~[client-1.19.2-20220805.130853-srg.jar%23740!/:?]
	at com.google.common.collect.ImmutableList.forEach(ImmutableList.java:422) ~[guava-31.0.1-jre.jar%2398!/:?]
	at net.minecraft.client.resources.model.ModelBakery.<init>(ModelBakery.java:176) ~[client-1.19.2-20220805.130853-srg.jar%23740!/:?]
	at net.minecraft.client.resources.model.ModelManager.m_5944_(ModelManager.java:58) ~[client-1.19.2-20220805.130853-srg.jar%23740!/:?]
	at net.minecraft.client.resources.model.ModelManager.m_5944_(ModelManager.java:20) ~[client-1.19.2-20220805.130853-srg.jar%23740!/:?]
	at net.minecraft.server.packs.resources.SimplePreparableReloadListener.m_10786_(SimplePreparableReloadListener.java:11) ~[client-1.19.2-20220805.130853-srg.jar%23740!/:?]
	at java.util.concurrent.CompletableFuture$AsyncSupply.run(Unknown Source) ~[?:?]
	at java.util.concurrent.CompletableFuture$AsyncSupply.exec(Unknown Source) ~[?:?]
	at java.util.concurrent.ForkJoinTask.doExec(Unknown Source) ~[?:?]
	at java.util.concurrent.ForkJoinPool$WorkQueue.topLevelExec(Unknown Source) ~[?:?]
	at java.util.concurrent.ForkJoinPool.scan(Unknown Source) ~[?:?]
	at java.util.concurrent.ForkJoinPool.runWorker(Unknown Source) ~[?:?]
	at java.util.concurrent.ForkJoinWorkerThread.run(Unknown Source) ~[?:?]
[10:48:29] [Worker-ResourceReload-5/WARN]: Exception evaluating model definition: 'alloyed:steel_sheet_vertical_slab#fluidlogged=1,type=top,waterlogged=false'
java.lang.RuntimeException: Unknown property 'facing' on 'Block{alloyed:steel_sheet_vertical_slab}'
	at malte0811.ferritecore.impl.KeyValueConditionImpl.getPredicate(KeyValueConditionImpl.java:31) ~[ferritecore-5.0.3-forge.jar%23577!/:5.0.3]
	at net.minecraft.client.renderer.block.model.multipart.KeyValueCondition.m_7289_(KeyValueCondition.java:537) ~[client-1.19.2-20220805.130853-srg.jar%23740!/:?]
	at malte0811.ferritecore.util.PredicateHelper.toCanonicalList(PredicateHelper.java:19) ~[ferritecore-5.0.3-forge.jar%23577!/:5.0.3]
	at net.minecraft.client.renderer.block.model.multipart.AndCondition.m_7289_(AndCondition.java:529) ~[client-1.19.2-20220805.130853-srg.jar%23740!/:?]
	at net.minecraft.client.renderer.block.model.multipart.Selector.m_112021_(Selector.java:43) ~[client-1.19.2-20220805.130853-srg.jar%23740!/:?]
	at net.minecraft.client.resources.model.ModelBakery$ModelGroupKey.m_119390_(ModelBakery.java:597) ~[client-1.19.2-20220805.130853-srg.jar%23740!/:?]
	at java.util.stream.ReferencePipeline$2$1.accept(Unknown Source) ~[?:?]
	at java.util.ArrayList$ArrayListSpliterator.forEachRemaining(Unknown Source) ~[?:?]
	at java.util.stream.AbstractPipeline.copyInto(Unknown Source) ~[?:?]
	at java.util.stream.AbstractPipeline.wrapAndCopyInto(Unknown Source) ~[?:?]
	at java.util.stream.ReduceOps$ReduceOp.evaluateSequential(Unknown Source) ~[?:?]
	at java.util.stream.AbstractPipeline.evaluate(Unknown Source) ~[?:?]
	at java.util.stream.ReferencePipeline.collect(Unknown Source) ~[?:?]
	at net.minecraft.client.resources.model.ModelBakery$ModelGroupKey.m_119379_(ModelBakery.java:598) ~[client-1.19.2-20220805.130853-srg.jar%23740!/:?]
	at net.minecraft.client.resources.model.ModelBakery.m_174886_(ModelBakery.java:394) ~[client-1.19.2-20220805.130853-srg.jar%23740!/:?]
	at net.minecraft.client.resources.model.ModelBakery.m_119331_(ModelBakery.java:437) ~[client-1.19.2-20220805.130853-srg.jar%23740!/:?]
	at java.util.HashMap.forEach(Unknown Source) ~[?:?]
	at net.minecraft.client.resources.model.ModelBakery.m_119362_(ModelBakery.java:427) ~[client-1.19.2-20220805.130853-srg.jar%23740!/:?]
	at net.minecraft.client.resources.model.ModelBakery.m_119341_(ModelBakery.java:312) ~[client-1.19.2-20220805.130853-srg.jar%23740!/:?]
	at net.minecraft.client.resources.model.ModelBakery.m_119306_(ModelBakery.java:474) ~[client-1.19.2-20220805.130853-srg.jar%23740!/:?]
	at net.minecraft.client.resources.model.ModelBakery.m_119263_(ModelBakery.java:177) ~[client-1.19.2-20220805.130853-srg.jar%23740!/:?]
	at com.google.common.collect.ImmutableList.forEach(ImmutableList.java:422) ~[guava-31.0.1-jre.jar%2398!/:?]
	at net.minecraft.client.resources.model.ModelBakery.<init>(ModelBakery.java:176) ~[client-1.19.2-20220805.130853-srg.jar%23740!/:?]
	at net.minecraft.client.resources.model.ModelManager.m_5944_(ModelManager.java:58) ~[client-1.19.2-20220805.130853-srg.jar%23740!/:?]
	at net.minecraft.client.resources.model.ModelManager.m_5944_(ModelManager.java:20) ~[client-1.19.2-20220805.130853-srg.jar%23740!/:?]
	at net.minecraft.server.packs.resources.SimplePreparableReloadListener.m_10786_(SimplePreparableReloadListener.java:11) ~[client-1.19.2-20220805.130853-srg.jar%23740!/:?]
	at java.util.concurrent.CompletableFuture$AsyncSupply.run(Unknown Source) ~[?:?]
	at java.util.concurrent.CompletableFuture$AsyncSupply.exec(Unknown Source) ~[?:?]
	at java.util.concurrent.ForkJoinTask.doExec(Unknown Source) ~[?:?]
	at java.util.concurrent.ForkJoinPool$WorkQueue.topLevelExec(Unknown Source) ~[?:?]
	at java.util.concurrent.ForkJoinPool.scan(Unknown Source) ~[?:?]
	at java.util.concurrent.ForkJoinPool.runWorker(Unknown Source) ~[?:?]
	at java.util.concurrent.ForkJoinWorkerThread.run(Unknown Source) ~[?:?]
[10:48:29] [Worker-ResourceReload-5/WARN]: Exception evaluating model definition: 'alloyed:steel_sheet_vertical_slab#fluidlogged=1,type=double,waterlogged=false'
java.lang.RuntimeException: Unknown property 'facing' on 'Block{alloyed:steel_sheet_vertical_slab}'
	at malte0811.ferritecore.impl.KeyValueConditionImpl.getPredicate(KeyValueConditionImpl.java:31) ~[ferritecore-5.0.3-forge.jar%23577!/:5.0.3]
	at net.minecraft.client.renderer.block.model.multipart.KeyValueCondition.m_7289_(KeyValueCondition.java:537) ~[client-1.19.2-20220805.130853-srg.jar%23740!/:?]
	at malte0811.ferritecore.util.PredicateHelper.toCanonicalList(PredicateHelper.java:19) ~[ferritecore-5.0.3-forge.jar%23577!/:5.0.3]
	at net.minecraft.client.renderer.block.model.multipart.AndCondition.m_7289_(AndCondition.java:529) ~[client-1.19.2-20220805.130853-srg.jar%23740!/:?]
	at net.minecraft.client.renderer.block.model.multipart.Selector.m_112021_(Selector.java:43) ~[client-1.19.2-20220805.130853-srg.jar%23740!/:?]
	at net.minecraft.client.resources.model.ModelBakery$ModelGroupKey.m_119390_(ModelBakery.java:597) ~[client-1.19.2-20220805.130853-srg.jar%23740!/:?]
	at java.util.stream.ReferencePipeline$2$1.accept(Unknown Source) ~[?:?]
	at java.util.ArrayList$ArrayListSpliterator.forEachRemaining(Unknown Source) ~[?:?]
	at java.util.stream.AbstractPipeline.copyInto(Unknown Source) ~[?:?]
	at java.util.stream.AbstractPipeline.wrapAndCopyInto(Unknown Source) ~[?:?]
	at java.util.stream.ReduceOps$ReduceOp.evaluateSequential(Unknown Source) ~[?:?]
	at java.util.stream.AbstractPipeline.evaluate(Unknown Source) ~[?:?]
	at java.util.stream.ReferencePipeline.collect(Unknown Source) ~[?:?]
	at net.minecraft.client.resources.model.ModelBakery$ModelGroupKey.m_119379_(ModelBakery.java:598) ~[client-1.19.2-20220805.130853-srg.jar%23740!/:?]
	at net.minecraft.client.resources.model.ModelBakery.m_174886_(ModelBakery.java:394) ~[client-1.19.2-20220805.130853-srg.jar%23740!/:?]
	at net.minecraft.client.resources.model.ModelBakery.m_119331_(ModelBakery.java:437) ~[client-1.19.2-20220805.130853-srg.jar%23740!/:?]
	at java.util.HashMap.forEach(Unknown Source) ~[?:?]
	at net.minecraft.client.resources.model.ModelBakery.m_119362_(ModelBakery.java:427) ~[client-1.19.2-20220805.130853-srg.jar%23740!/:?]
	at net.minecraft.client.resources.model.ModelBakery.m_119341_(ModelBakery.java:312) ~[client-1.19.2-20220805.130853-srg.jar%23740!/:?]
	at net.minecraft.client.resources.model.ModelBakery.m_119306_(ModelBakery.java:474) ~[client-1.19.2-20220805.130853-srg.jar%23740!/:?]
	at net.minecraft.client.resources.model.ModelBakery.m_119263_(ModelBakery.java:177) ~[client-1.19.2-20220805.130853-srg.jar%23740!/:?]
	at com.google.common.collect.ImmutableList.forEach(ImmutableList.java:422) ~[guava-31.0.1-jre.jar%2398!/:?]
	at net.minecraft.client.resources.model.ModelBakery.<init>(ModelBakery.java:176) ~[client-1.19.2-20220805.130853-srg.jar%23740!/:?]
	at net.minecraft.client.resources.model.ModelManager.m_5944_(ModelManager.java:58) ~[client-1.19.2-20220805.130853-srg.jar%23740!/:?]
	at net.minecraft.client.resources.model.ModelManager.m_5944_(ModelManager.java:20) ~[client-1.19.2-20220805.130853-srg.jar%23740!/:?]
	at net.minecraft.server.packs.resources.SimplePreparableReloadListener.m_10786_(SimplePreparableReloadListener.java:11) ~[client-1.19.2-20220805.130853-srg.jar%23740!/:?]
	at java.util.concurrent.CompletableFuture$AsyncSupply.run(Unknown Source) ~[?:?]
	at java.util.concurrent.CompletableFuture$AsyncSupply.exec(Unknown Source) ~[?:?]
	at java.util.concurrent.ForkJoinTask.doExec(Unknown Source) ~[?:?]
	at java.util.concurrent.ForkJoinPool$WorkQueue.topLevelExec(Unknown Source) ~[?:?]
	at java.util.concurrent.ForkJoinPool.scan(Unknown Source) ~[?:?]
	at java.util.concurrent.ForkJoinPool.runWorker(Unknown Source) ~[?:?]
	at java.util.concurrent.ForkJoinWorkerThread.run(Unknown Source) ~[?:?]
[10:48:29] [Worker-ResourceReload-5/WARN]: Exception evaluating model definition: 'alloyed:steel_sheet_vertical_slab#fluidlogged=0,type=double,waterlogged=true'
java.lang.RuntimeException: Unknown property 'facing' on 'Block{alloyed:steel_sheet_vertical_slab}'
	at malte0811.ferritecore.impl.KeyValueConditionImpl.getPredicate(KeyValueConditionImpl.java:31) ~[ferritecore-5.0.3-forge.jar%23577!/:5.0.3]
	at net.minecraft.client.renderer.block.model.multipart.KeyValueCondition.m_7289_(KeyValueCondition.java:537) ~[client-1.19.2-20220805.130853-srg.jar%23740!/:?]
	at malte0811.ferritecore.util.PredicateHelper.toCanonicalList(PredicateHelper.java:19) ~[ferritecore-5.0.3-forge.jar%23577!/:5.0.3]
	at net.minecraft.client.renderer.block.model.multipart.AndCondition.m_7289_(AndCondition.java:529) ~[client-1.19.2-20220805.130853-srg.jar%23740!/:?]
	at net.minecraft.client.renderer.block.model.multipart.Selector.m_112021_(Selector.java:43) ~[client-1.19.2-20220805.130853-srg.jar%23740!/:?]
	at net.minecraft.client.resources.model.ModelBakery$ModelGroupKey.m_119390_(ModelBakery.java:597) ~[client-1.19.2-20220805.130853-srg.jar%23740!/:?]
	at java.util.stream.ReferencePipeline$2$1.accept(Unknown Source) ~[?:?]
	at java.util.ArrayList$ArrayListSpliterator.forEachRemaining(Unknown Source) ~[?:?]
	at java.util.stream.AbstractPipeline.copyInto(Unknown Source) ~[?:?]
	at java.util.stream.AbstractPipeline.wrapAndCopyInto(Unknown Source) ~[?:?]
	at java.util.stream.ReduceOps$ReduceOp.evaluateSequential(Unknown Source) ~[?:?]
	at java.util.stream.AbstractPipeline.evaluate(Unknown Source) ~[?:?]
	at java.util.stream.ReferencePipeline.collect(Unknown Source) ~[?:?]
	at net.minecraft.client.resources.model.ModelBakery$ModelGroupKey.m_119379_(ModelBakery.java:598) ~[client-1.19.2-20220805.130853-srg.jar%23740!/:?]
	at net.minecraft.client.resources.model.ModelBakery.m_174886_(ModelBakery.java:394) ~[client-1.19.2-20220805.130853-srg.jar%23740!/:?]
	at net.minecraft.client.resources.model.ModelBakery.m_119331_(ModelBakery.java:437) ~[client-1.19.2-20220805.130853-srg.jar%23740!/:?]
	at java.util.HashMap.forEach(Unknown Source) ~[?:?]
	at net.minecraft.client.resources.model.ModelBakery.m_119362_(ModelBakery.java:427) ~[client-1.19.2-20220805.130853-srg.jar%23740!/:?]
	at net.minecraft.client.resources.model.ModelBakery.m_119341_(ModelBakery.java:312) ~[client-1.19.2-20220805.130853-srg.jar%23740!/:?]
	at net.minecraft.client.resources.model.ModelBakery.m_119306_(ModelBakery.java:474) ~[client-1.19.2-20220805.130853-srg.jar%23740!/:?]
	at net.minecraft.client.resources.model.ModelBakery.m_119263_(ModelBakery.java:177) ~[client-1.19.2-20220805.130853-srg.jar%23740!/:?]
	at com.google.common.collect.ImmutableList.forEach(ImmutableList.java:422) ~[guava-31.0.1-jre.jar%2398!/:?]
	at net.minecraft.client.resources.model.ModelBakery.<init>(ModelBakery.java:176) ~[client-1.19.2-20220805.130853-srg.jar%23740!/:?]
	at net.minecraft.client.resources.model.ModelManager.m_5944_(ModelManager.java:58) ~[client-1.19.2-20220805.130853-srg.jar%23740!/:?]
	at net.minecraft.client.resources.model.ModelManager.m_5944_(ModelManager.java:20) ~[client-1.19.2-20220805.130853-srg.jar%23740!/:?]
	at net.minecraft.server.packs.resources.SimplePreparableReloadListener.m_10786_(SimplePreparableReloadListener.java:11) ~[client-1.19.2-20220805.130853-srg.jar%23740!/:?]
	at java.util.concurrent.CompletableFuture$AsyncSupply.run(Unknown Source) ~[?:?]
	at java.util.concurrent.CompletableFuture$AsyncSupply.exec(Unknown Source) ~[?:?]
	at java.util.concurrent.ForkJoinTask.doExec(Unknown Source) ~[?:?]
	at java.util.concurrent.ForkJoinPool$WorkQueue.topLevelExec(Unknown Source) ~[?:?]
	at java.util.concurrent.ForkJoinPool.scan(Unknown Source) ~[?:?]
	at java.util.concurrent.ForkJoinPool.runWorker(Unknown Source) ~[?:?]
	at java.util.concurrent.ForkJoinWorkerThread.run(Unknown Source) ~[?:?]
[10:48:29] [Worker-ResourceReload-5/WARN]: Exception evaluating model definition: 'alloyed:steel_sheet_vertical_slab#fluidlogged=1,type=double,waterlogged=true'
java.lang.RuntimeException: Unknown property 'facing' on 'Block{alloyed:steel_sheet_vertical_slab}'
	at malte0811.ferritecore.impl.KeyValueConditionImpl.getPredicate(KeyValueConditionImpl.java:31) ~[ferritecore-5.0.3-forge.jar%23577!/:5.0.3]
	at net.minecraft.client.renderer.block.model.multipart.KeyValueCondition.m_7289_(KeyValueCondition.java:537) ~[client-1.19.2-20220805.130853-srg.jar%23740!/:?]
	at malte0811.ferritecore.util.PredicateHelper.toCanonicalList(PredicateHelper.java:19) ~[ferritecore-5.0.3-forge.jar%23577!/:5.0.3]
	at net.minecraft.client.renderer.block.model.multipart.AndCondition.m_7289_(AndCondition.java:529) ~[client-1.19.2-20220805.130853-srg.jar%23740!/:?]
	at net.minecraft.client.renderer.block.model.multipart.Selector.m_112021_(Selector.java:43) ~[client-1.19.2-20220805.130853-srg.jar%23740!/:?]
	at net.minecraft.client.resources.model.ModelBakery$ModelGroupKey.m_119390_(ModelBakery.java:597) ~[client-1.19.2-20220805.130853-srg.jar%23740!/:?]
	at java.util.stream.ReferencePipeline$2$1.accept(Unknown Source) ~[?:?]
	at java.util.ArrayList$ArrayListSpliterator.forEachRemaining(Unknown Source) ~[?:?]
	at java.util.stream.AbstractPipeline.copyInto(Unknown Source) ~[?:?]
	at java.util.stream.AbstractPipeline.wrapAndCopyInto(Unknown Source) ~[?:?]
	at java.util.stream.ReduceOps$ReduceOp.evaluateSequential(Unknown Source) ~[?:?]
	at java.util.stream.AbstractPipeline.evaluate(Unknown Source) ~[?:?]
	at java.util.stream.ReferencePipeline.collect(Unknown Source) ~[?:?]
	at net.minecraft.client.resources.model.ModelBakery$ModelGroupKey.m_119379_(ModelBakery.java:598) ~[client-1.19.2-20220805.130853-srg.jar%23740!/:?]
	at net.minecraft.client.resources.model.ModelBakery.m_174886_(ModelBakery.java:394) ~[client-1.19.2-20220805.130853-srg.jar%23740!/:?]
	at net.minecraft.client.resources.model.ModelBakery.m_119331_(ModelBakery.java:437) ~[client-1.19.2-20220805.130853-srg.jar%23740!/:?]
	at java.util.HashMap.forEach(Unknown Source) ~[?:?]
	at net.minecraft.client.resources.model.ModelBakery.m_119362_(ModelBakery.java:427) ~[client-1.19.2-20220805.130853-srg.jar%23740!/:?]
	at net.minecraft.client.resources.model.ModelBakery.m_119341_(ModelBakery.java:312) ~[client-1.19.2-20220805.130853-srg.jar%23740!/:?]
	at net.minecraft.client.resources.model.ModelBakery.m_119306_(ModelBakery.java:474) ~[client-1.19.2-20220805.130853-srg.jar%23740!/:?]
	at net.minecraft.client.resources.model.ModelBakery.m_119263_(ModelBakery.java:177) ~[client-1.19.2-20220805.130853-srg.jar%23740!/:?]
	at com.google.common.collect.ImmutableList.forEach(ImmutableList.java:422) ~[guava-31.0.1-jre.jar%2398!/:?]
	at net.minecraft.client.resources.model.ModelBakery.<init>(ModelBakery.java:176) ~[client-1.19.2-20220805.130853-srg.jar%23740!/:?]
	at net.minecraft.client.resources.model.ModelManager.m_5944_(ModelManager.java:58) ~[client-1.19.2-20220805.130853-srg.jar%23740!/:?]
	at net.minecraft.client.resources.model.ModelManager.m_5944_(ModelManager.java:20) ~[client-1.19.2-20220805.130853-srg.jar%23740!/:?]
	at net.minecraft.server.packs.resources.SimplePreparableReloadListener.m_10786_(SimplePreparableReloadListener.java:11) ~[client-1.19.2-20220805.130853-srg.jar%23740!/:?]
	at java.util.concurrent.CompletableFuture$AsyncSupply.run(Unknown Source) ~[?:?]
	at java.util.concurrent.CompletableFuture$AsyncSupply.exec(Unknown Source) ~[?:?]
	at java.util.concurrent.ForkJoinTask.doExec(Unknown Source) ~[?:?]
	at java.util.concurrent.ForkJoinPool$WorkQueue.topLevelExec(Unknown Source) ~[?:?]
	at java.util.concurrent.ForkJoinPool.scan(Unknown Source) ~[?:?]
	at java.util.concurrent.ForkJoinPool.runWorker(Unknown Source) ~[?:?]
	at java.util.concurrent.ForkJoinWorkerThread.run(Unknown Source) ~[?:?]
[10:48:29] [Worker-ResourceReload-5/WARN]: Exception evaluating model definition: 'alloyed:steel_sheet_vertical_slab#fluidlogged=0,type=top,waterlogged=false'
java.lang.RuntimeException: Unknown property 'facing' on 'Block{alloyed:steel_sheet_vertical_slab}'
	at malte0811.ferritecore.impl.KeyValueConditionImpl.getPredicate(KeyValueConditionImpl.java:31) ~[ferritecore-5.0.3-forge.jar%23577!/:5.0.3]
	at net.minecraft.client.renderer.block.model.multipart.KeyValueCondition.m_7289_(KeyValueCondition.java:537) ~[client-1.19.2-20220805.130853-srg.jar%23740!/:?]
	at malte0811.ferritecore.util.PredicateHelper.toCanonicalList(PredicateHelper.java:19) ~[ferritecore-5.0.3-forge.jar%23577!/:5.0.3]
	at net.minecraft.client.renderer.block.model.multipart.AndCondition.m_7289_(AndCondition.java:529) ~[client-1.19.2-20220805.130853-srg.jar%23740!/:?]
	at net.minecraft.client.renderer.block.model.multipart.Selector.m_112021_(Selector.java:43) ~[client-1.19.2-20220805.130853-srg.jar%23740!/:?]
	at net.minecraft.client.resources.model.ModelBakery$ModelGroupKey.m_119390_(ModelBakery.java:597) ~[client-1.19.2-20220805.130853-srg.jar%23740!/:?]
	at java.util.stream.ReferencePipeline$2$1.accept(Unknown Source) ~[?:?]
	at java.util.ArrayList$ArrayListSpliterator.forEachRemaining(Unknown Source) ~[?:?]
	at java.util.stream.AbstractPipeline.copyInto(Unknown Source) ~[?:?]
	at java.util.stream.AbstractPipeline.wrapAndCopyInto(Unknown Source) ~[?:?]
	at java.util.stream.ReduceOps$ReduceOp.evaluateSequential(Unknown Source) ~[?:?]
	at java.util.stream.AbstractPipeline.evaluate(Unknown Source) ~[?:?]
	at java.util.stream.ReferencePipeline.collect(Unknown Source) ~[?:?]
	at net.minecraft.client.resources.model.ModelBakery$ModelGroupKey.m_119379_(ModelBakery.java:598) ~[client-1.19.2-20220805.130853-srg.jar%23740!/:?]
	at net.minecraft.client.resources.model.ModelBakery.m_174886_(ModelBakery.java:394) ~[client-1.19.2-20220805.130853-srg.jar%23740!/:?]
	at net.minecraft.client.resources.model.ModelBakery.m_119331_(ModelBakery.java:437) ~[client-1.19.2-20220805.130853-srg.jar%23740!/:?]
	at java.util.HashMap.forEach(Unknown Source) ~[?:?]
	at net.minecraft.client.resources.model.ModelBakery.m_119362_(ModelBakery.java:427) ~[client-1.19.2-20220805.130853-srg.jar%23740!/:?]
	at net.minecraft.client.resources.model.ModelBakery.m_119341_(ModelBakery.java:312) ~[client-1.19.2-20220805.130853-srg.jar%23740!/:?]
	at net.minecraft.client.resources.model.ModelBakery.m_119306_(ModelBakery.java:474) ~[client-1.19.2-20220805.130853-srg.jar%23740!/:?]
	at net.minecraft.client.resources.model.ModelBakery.m_119263_(ModelBakery.java:177) ~[client-1.19.2-20220805.130853-srg.jar%23740!/:?]
	at com.google.common.collect.ImmutableList.forEach(ImmutableList.java:422) ~[guava-31.0.1-jre.jar%2398!/:?]
	at net.minecraft.client.resources.model.ModelBakery.<init>(ModelBakery.java:176) ~[client-1.19.2-20220805.130853-srg.jar%23740!/:?]
	at net.minecraft.client.resources.model.ModelManager.m_5944_(ModelManager.java:58) ~[client-1.19.2-20220805.130853-srg.jar%23740!/:?]
	at net.minecraft.client.resources.model.ModelManager.m_5944_(ModelManager.java:20) ~[client-1.19.2-20220805.130853-srg.jar%23740!/:?]
	at net.minecraft.server.packs.resources.SimplePreparableReloadListener.m_10786_(SimplePreparableReloadListener.java:11) ~[client-1.19.2-20220805.130853-srg.jar%23740!/:?]
	at java.util.concurrent.CompletableFuture$AsyncSupply.run(Unknown Source) ~[?:?]
	at java.util.concurrent.CompletableFuture$AsyncSupply.exec(Unknown Source) ~[?:?]
	at java.util.concurrent.ForkJoinTask.doExec(Unknown Source) ~[?:?]
	at java.util.concurrent.ForkJoinPool$WorkQueue.topLevelExec(Unknown Source) ~[?:?]
	at java.util.concurrent.ForkJoinPool.scan(Unknown Source) ~[?:?]
	at java.util.concurrent.ForkJoinPool.runWorker(Unknown Source) ~[?:?]
	at java.util.concurrent.ForkJoinWorkerThread.run(Unknown Source) ~[?:?]
[10:48:29] [Worker-ResourceReload-5/WARN]: Exception evaluating model definition: 'alloyed:steel_sheet_vertical_slab#fluidlogged=0,type=double,waterlogged=false'
java.lang.RuntimeException: Unknown property 'facing' on 'Block{alloyed:steel_sheet_vertical_slab}'
	at malte0811.ferritecore.impl.KeyValueConditionImpl.getPredicate(KeyValueConditionImpl.java:31) ~[ferritecore-5.0.3-forge.jar%23577!/:5.0.3]
	at net.minecraft.client.renderer.block.model.multipart.KeyValueCondition.m_7289_(KeyValueCondition.java:537) ~[client-1.19.2-20220805.130853-srg.jar%23740!/:?]
	at malte0811.ferritecore.util.PredicateHelper.toCanonicalList(PredicateHelper.java:19) ~[ferritecore-5.0.3-forge.jar%23577!/:5.0.3]
	at net.minecraft.client.renderer.block.model.multipart.AndCondition.m_7289_(AndCondition.java:529) ~[client-1.19.2-20220805.130853-srg.jar%23740!/:?]
	at net.minecraft.client.renderer.block.model.multipart.Selector.m_112021_(Selector.java:43) ~[client-1.19.2-20220805.130853-srg.jar%23740!/:?]
	at net.minecraft.client.resources.model.ModelBakery$ModelGroupKey.m_119390_(ModelBakery.java:597) ~[client-1.19.2-20220805.130853-srg.jar%23740!/:?]
	at java.util.stream.ReferencePipeline$2$1.accept(Unknown Source) ~[?:?]
	at java.util.ArrayList$ArrayListSpliterator.forEachRemaining(Unknown Source) ~[?:?]
	at java.util.stream.AbstractPipeline.copyInto(Unknown Source) ~[?:?]
	at java.util.stream.AbstractPipeline.wrapAndCopyInto(Unknown Source) ~[?:?]
	at java.util.stream.ReduceOps$ReduceOp.evaluateSequential(Unknown Source) ~[?:?]
	at java.util.stream.AbstractPipeline.evaluate(Unknown Source) ~[?:?]
	at java.util.stream.ReferencePipeline.collect(Unknown Source) ~[?:?]
	at net.minecraft.client.resources.model.ModelBakery$ModelGroupKey.m_119379_(ModelBakery.java:598) ~[client-1.19.2-20220805.130853-srg.jar%23740!/:?]
	at net.minecraft.client.resources.model.ModelBakery.m_174886_(ModelBakery.java:394) ~[client-1.19.2-20220805.130853-srg.jar%23740!/:?]
	at net.minecraft.client.resources.model.ModelBakery.m_119331_(ModelBakery.java:437) ~[client-1.19.2-20220805.130853-srg.jar%23740!/:?]
	at java.util.HashMap.forEach(Unknown Source) ~[?:?]
	at net.minecraft.client.resources.model.ModelBakery.m_119362_(ModelBakery.java:427) ~[client-1.19.2-20220805.130853-srg.jar%23740!/:?]
	at net.minecraft.client.resources.model.ModelBakery.m_119341_(ModelBakery.java:312) ~[client-1.19.2-20220805.130853-srg.jar%23740!/:?]
	at net.minecraft.client.resources.model.ModelBakery.m_119306_(ModelBakery.java:474) ~[client-1.19.2-20220805.130853-srg.jar%23740!/:?]
	at net.minecraft.client.resources.model.ModelBakery.m_119263_(ModelBakery.java:177) ~[client-1.19.2-20220805.130853-srg.jar%23740!/:?]
	at com.google.common.collect.ImmutableList.forEach(ImmutableList.java:422) ~[guava-31.0.1-jre.jar%2398!/:?]
	at net.minecraft.client.resources.model.ModelBakery.<init>(ModelBakery.java:176) ~[client-1.19.2-20220805.130853-srg.jar%23740!/:?]
	at net.minecraft.client.resources.model.ModelManager.m_5944_(ModelManager.java:58) ~[client-1.19.2-20220805.130853-srg.jar%23740!/:?]
	at net.minecraft.client.resources.model.ModelManager.m_5944_(ModelManager.java:20) ~[client-1.19.2-20220805.130853-srg.jar%23740!/:?]
	at net.minecraft.server.packs.resources.SimplePreparableReloadListener.m_10786_(SimplePreparableReloadListener.java:11) ~[client-1.19.2-20220805.130853-srg.jar%23740!/:?]
	at java.util.concurrent.CompletableFuture$AsyncSupply.run(Unknown Source) ~[?:?]
	at java.util.concurrent.CompletableFuture$AsyncSupply.exec(Unknown Source) ~[?:?]
	at java.util.concurrent.ForkJoinTask.doExec(Unknown Source) ~[?:?]
	at java.util.concurrent.ForkJoinPool$WorkQueue.topLevelExec(Unknown Source) ~[?:?]
	at java.util.concurrent.ForkJoinPool.scan(Unknown Source) ~[?:?]
	at java.util.concurrent.ForkJoinPool.runWorker(Unknown Source) ~[?:?]
	at java.util.concurrent.ForkJoinWorkerThread.run(Unknown Source) ~[?:?]
[10:48:29] [Worker-ResourceReload-5/WARN]: Exception evaluating model definition: 'alloyed:steel_mesh_fence#'
java.lang.RuntimeException: Unknown property 'north' on 'Block{alloyed:steel_mesh_fence}'
	at malte0811.ferritecore.impl.KeyValueConditionImpl.getPredicate(KeyValueConditionImpl.java:31) ~[ferritecore-5.0.3-forge.jar%23577!/:5.0.3]
	at net.minecraft.client.renderer.block.model.multipart.KeyValueCondition.m_7289_(KeyValueCondition.java:537) ~[client-1.19.2-20220805.130853-srg.jar%23740!/:?]
	at malte0811.ferritecore.util.PredicateHelper.toCanonicalList(PredicateHelper.java:19) ~[ferritecore-5.0.3-forge.jar%23577!/:5.0.3]
	at net.minecraft.client.renderer.block.model.multipart.AndCondition.m_7289_(AndCondition.java:529) ~[client-1.19.2-20220805.130853-srg.jar%23740!/:?]
	at net.minecraft.client.renderer.block.model.multipart.Selector.m_112021_(Selector.java:43) ~[client-1.19.2-20220805.130853-srg.jar%23740!/:?]
	at net.minecraft.client.resources.model.ModelBakery$ModelGroupKey.m_119390_(ModelBakery.java:597) ~[client-1.19.2-20220805.130853-srg.jar%23740!/:?]
	at java.util.stream.ReferencePipeline$2$1.accept(Unknown Source) ~[?:?]
	at java.util.ArrayList$ArrayListSpliterator.forEachRemaining(Unknown Source) ~[?:?]
	at java.util.stream.AbstractPipeline.copyInto(Unknown Source) ~[?:?]
	at java.util.stream.AbstractPipeline.wrapAndCopyInto(Unknown Source) ~[?:?]
	at java.util.stream.ReduceOps$ReduceOp.evaluateSequential(Unknown Source) ~[?:?]
	at java.util.stream.AbstractPipeline.evaluate(Unknown Source) ~[?:?]
	at java.util.stream.ReferencePipeline.collect(Unknown Source) ~[?:?]
	at net.minecraft.client.resources.model.ModelBakery$ModelGroupKey.m_119379_(ModelBakery.java:598) ~[client-1.19.2-20220805.130853-srg.jar%23740!/:?]
	at net.minecraft.client.resources.model.ModelBakery.m_174886_(ModelBakery.java:394) ~[client-1.19.2-20220805.130853-srg.jar%23740!/:?]
	at net.minecraft.client.resources.model.ModelBakery.m_119331_(ModelBakery.java:437) ~[client-1.19.2-20220805.130853-srg.jar%23740!/:?]
	at java.util.HashMap.forEach(Unknown Source) ~[?:?]
	at net.minecraft.client.resources.model.ModelBakery.m_119362_(ModelBakery.java:427) ~[client-1.19.2-20220805.130853-srg.jar%23740!/:?]
	at net.minecraft.client.resources.model.ModelBakery.m_119341_(ModelBakery.java:312) ~[client-1.19.2-20220805.130853-srg.jar%23740!/:?]
	at net.minecraft.client.resources.model.ModelBakery.m_119306_(ModelBakery.java:474) ~[client-1.19.2-20220805.130853-srg.jar%23740!/:?]
	at net.minecraft.client.resources.model.ModelBakery.m_119263_(ModelBakery.java:177) ~[client-1.19.2-20220805.130853-srg.jar%23740!/:?]
	at com.google.common.collect.ImmutableList.forEach(ImmutableList.java:422) ~[guava-31.0.1-jre.jar%2398!/:?]
	at net.minecraft.client.resources.model.ModelBakery.<init>(ModelBakery.java:176) ~[client-1.19.2-20220805.130853-srg.jar%23740!/:?]
	at net.minecraft.client.resources.model.ModelManager.m_5944_(ModelManager.java:58) ~[client-1.19.2-20220805.130853-srg.jar%23740!/:?]
	at net.minecraft.client.resources.model.ModelManager.m_5944_(ModelManager.java:20) ~[client-1.19.2-20220805.130853-srg.jar%23740!/:?]
	at net.minecraft.server.packs.resources.SimplePreparableReloadListener.m_10786_(SimplePreparableReloadListener.java:11) ~[client-1.19.2-20220805.130853-srg.jar%23740!/:?]
	at java.util.concurrent.CompletableFuture$AsyncSupply.run(Unknown Source) ~[?:?]
	at java.util.concurrent.CompletableFuture$AsyncSupply.exec(Unknown Source) ~[?:?]
	at java.util.concurrent.ForkJoinTask.doExec(Unknown Source) ~[?:?]
	at java.util.concurrent.ForkJoinPool$WorkQueue.topLevelExec(Unknown Source) ~[?:?]
	at java.util.concurrent.ForkJoinPool.scan(Unknown Source) ~[?:?]
	at java.util.concurrent.ForkJoinPool.runWorker(Unknown Source) ~[?:?]
	at java.util.concurrent.ForkJoinWorkerThread.run(Unknown Source) ~[?:?]
[10:48:29] [Worker-ResourceReload-5/WARN]: Unable to load model: 'createdeco:block/chainlink_fence_side' referenced from: alloyed:steel_mesh_fence#: java.io.FileNotFoundException: createdeco:models/block/chainlink_fence_side.json
[10:48:29] [Forge Version Check/WARN]: Failed to process update information
javax.net.ssl.SSLHandshakeException: PKIX path validation failed: java.security.cert.CertPathValidatorException: validity check failed
	at jdk.internal.net.http.HttpClientImpl.send(Unknown Source) ~[java.net.http:?]
	at jdk.internal.net.http.HttpClientFacade.send(Unknown Source) ~[java.net.http:?]
	at net.minecraftforge.fml.VersionChecker$1.openUrlString(VersionChecker.java:139) ~[fmlcore-1.19.2-43.5.1.jar%23741!/:?]
	at net.minecraftforge.fml.VersionChecker$1.process(VersionChecker.java:177) ~[fmlcore-1.19.2-43.5.1.jar%23741!/:?]
	at java.lang.Iterable.forEach(Unknown Source) ~[?:?]
	at net.minecraftforge.fml.VersionChecker$1.run(VersionChecker.java:114) ~[fmlcore-1.19.2-43.5.1.jar%23741!/:?]
Caused by: javax.net.ssl.SSLHandshakeException: PKIX path validation failed: java.security.cert.CertPathValidatorException: validity check failed
	at sun.security.ssl.Alert.createSSLException(Unknown Source) ~[?:?]
	at sun.security.ssl.TransportContext.fatal(Unknown Source) ~[?:?]
	at sun.security.ssl.TransportContext.fatal(Unknown Source) ~[?:?]
	at sun.security.ssl.TransportContext.fatal(Unknown Source) ~[?:?]
	at sun.security.ssl.CertificateMessage$T12CertificateConsumer.checkServerCerts(Unknown Source) ~[?:?]
	at sun.security.ssl.CertificateMessage$T12CertificateConsumer.onCertificate(Unknown Source) ~[?:?]
	at sun.security.ssl.CertificateMessage$T12CertificateConsumer.consume(Unknown Source) ~[?:?]
	at sun.security.ssl.SSLHandshake.consume(Unknown Source) ~[?:?]
	at sun.security.ssl.HandshakeContext.dispatch(Unknown Source) ~[?:?]
	at sun.security.ssl.SSLEngineImpl$DelegatedTask$DelegatedAction.run(Unknown Source) ~[?:?]
	at sun.security.ssl.SSLEngineImpl$DelegatedTask$DelegatedAction.run(Unknown Source) ~[?:?]
	at java.security.AccessController.doPrivileged(Unknown Source) ~[?:?]
	at sun.security.ssl.SSLEngineImpl$DelegatedTask.run(Unknown Source) ~[?:?]
	at java.util.ArrayList.forEach(Unknown Source) ~[?:?]
	at jdk.internal.net.http.common.SSLFlowDelegate.lambda$executeTasks$3(Unknown Source) ~[java.net.http:?]
	at jdk.internal.net.http.HttpClientImpl$DelegatingExecutor.execute(Unknown Source) ~[java.net.http:?]
	at jdk.internal.net.http.common.SSLFlowDelegate.executeTasks(Unknown Source) ~[java.net.http:?]
	at jdk.internal.net.http.common.SSLFlowDelegate.doHandshake(Unknown Source) ~[java.net.http:?]
	at jdk.internal.net.http.common.SSLFlowDelegate$Reader.processData(Unknown Source) ~[java.net.http:?]
	at jdk.internal.net.http.common.SSLFlowDelegate$Reader$ReaderDownstreamPusher.run(Unknown Source) ~[java.net.http:?]
	at jdk.internal.net.http.common.SequentialScheduler$LockingRestartableTask.run(Unknown Source) ~[java.net.http:?]
	at jdk.internal.net.http.common.SequentialScheduler$CompleteRestartableTask.run(Unknown Source) ~[java.net.http:?]
	at jdk.internal.net.http.common.SequentialScheduler$TryEndDeferredCompleter.complete(Unknown Source) ~[java.net.http:?]
	at jdk.internal.net.http.common.SequentialScheduler$CompleteRestartableTask.run(Unknown Source) ~[java.net.http:?]
	at jdk.internal.net.http.common.SequentialScheduler$SchedulableTask.run(Unknown Source) ~[java.net.http:?]
	at java.util.concurrent.ThreadPoolExecutor.runWorker(Unknown Source) ~[?:?]
	at java.util.concurrent.ThreadPoolExecutor$Worker.run(Unknown Source) ~[?:?]
	at java.lang.Thread.run(Unknown Source) ~[?:?]
Caused by: sun.security.validator.ValidatorException: PKIX path validation failed: java.security.cert.CertPathValidatorException: validity check failed
	at sun.security.validator.PKIXValidator.doValidate(Unknown Source) ~[?:?]
	at sun.security.validator.PKIXValidator.engineValidate(Unknown Source) ~[?:?]
	at sun.security.validator.Validator.validate(Unknown Source) ~[?:?]
	at sun.security.ssl.X509TrustManagerImpl.checkTrusted(Unknown Source) ~[?:?]
	at sun.security.ssl.X509TrustManagerImpl.checkServerTrusted(Unknown Source) ~[?:?]
	at sun.security.ssl.CertificateMessage$T12CertificateConsumer.checkServerCerts(Unknown Source) ~[?:?]
	at sun.security.ssl.CertificateMessage$T12CertificateConsumer.onCertificate(Unknown Source) ~[?:?]
	at sun.security.ssl.CertificateMessage$T12CertificateConsumer.consume(Unknown Source) ~[?:?]
	at sun.security.ssl.SSLHandshake.consume(Unknown Source) ~[?:?]
	at sun.security.ssl.HandshakeContext.dispatch(Unknown Source) ~[?:?]
	at sun.security.ssl.SSLEngineImpl$DelegatedTask$DelegatedAction.run(Unknown Source) ~[?:?]
	at sun.security.ssl.SSLEngineImpl$DelegatedTask$DelegatedAction.run(Unknown Source) ~[?:?]
	at java.security.AccessController.doPrivileged(Unknown Source) ~[?:?]
	at sun.security.ssl.SSLEngineImpl$DelegatedTask.run(Unknown Source) ~[?:?]
	at java.util.ArrayList.forEach(Unknown Source) ~[?:?]
	at jdk.internal.net.http.common.SSLFlowDelegate.lambda$executeTasks$3(Unknown Source) ~[java.net.http:?]
	at jdk.internal.net.http.HttpClientImpl$DelegatingExecutor.execute(Unknown Source) ~[java.net.http:?]
	at jdk.internal.net.http.common.SSLFlowDelegate.executeTasks(Unknown Source) ~[java.net.http:?]
	at jdk.internal.net.http.common.SSLFlowDelegate.doHandshake(Unknown Source) ~[java.net.http:?]
	at jdk.internal.net.http.common.SSLFlowDelegate$Reader.processData(Unknown Source) ~[java.net.http:?]
	at jdk.internal.net.http.common.SSLFlowDelegate$Reader$ReaderDownstreamPusher.run(Unknown Source) ~[java.net.http:?]
	at jdk.internal.net.http.common.SequentialScheduler$LockingRestartableTask.run(Unknown Source) ~[java.net.http:?]
	at jdk.internal.net.http.common.SequentialScheduler$CompleteRestartableTask.run(Unknown Source) ~[java.net.http:?]
	at jdk.internal.net.http.common.SequentialScheduler$TryEndDeferredCompleter.complete(Unknown Source) ~[java.net.http:?]
	at jdk.internal.net.http.common.SequentialScheduler$CompleteRestartableTask.run(Unknown Source) ~[java.net.http:?]
	at jdk.internal.net.http.common.SequentialScheduler$SchedulableTask.run(Unknown Source) ~[java.net.http:?]
	at java.util.concurrent.ThreadPoolExecutor.runWorker(Unknown Source) ~[?:?]
	at java.util.concurrent.ThreadPoolExecutor$Worker.run(Unknown Source) ~[?:?]
	at java.lang.Thread.run(Unknown Source) ~[?:?]
Caused by: java.security.cert.CertPathValidatorException: validity check failed
	at sun.security.provider.certpath.PKIXMasterCertPathValidator.validate(Unknown Source) ~[?:?]
	at sun.security.provider.certpath.PKIXCertPathValidator.validate(Unknown Source) ~[?:?]
	at sun.security.provider.certpath.PKIXCertPathValidator.validate(Unknown Source) ~[?:?]
	at sun.security.provider.certpath.PKIXCertPathValidator.engineValidate(Unknown Source) ~[?:?]
	at java.security.cert.CertPathValidator.validate(Unknown Source) ~[?:?]
	at sun.security.validator.PKIXValidator.doValidate(Unknown Source) ~[?:?]
	at sun.security.validator.PKIXValidator.engineValidate(Unknown Source) ~[?:?]
	at sun.security.validator.Validator.validate(Unknown Source) ~[?:?]
	at sun.security.ssl.X509TrustManagerImpl.checkTrusted(Unknown Source) ~[?:?]
	at sun.security.ssl.X509TrustManagerImpl.checkServerTrusted(Unknown Source) ~[?:?]
	at sun.security.ssl.CertificateMessage$T12CertificateConsumer.checkServerCerts(Unknown Source) ~[?:?]
	at sun.security.ssl.CertificateMessage$T12CertificateConsumer.onCertificate(Unknown Source) ~[?:?]
	at sun.security.ssl.CertificateMessage$T12CertificateConsumer.consume(Unknown Source) ~[?:?]
	at sun.security.ssl.SSLHandshake.consume(Unknown Source) ~[?:?]
	at sun.security.ssl.HandshakeContext.dispatch(Unknown Source) ~[?:?]
	at sun.security.ssl.SSLEngineImpl$DelegatedTask$DelegatedAction.run(Unknown Source) ~[?:?]
	at sun.security.ssl.SSLEngineImpl$DelegatedTask$DelegatedAction.run(Unknown Source) ~[?:?]
	at java.security.AccessController.doPrivileged(Unknown Source) ~[?:?]
	at sun.security.ssl.SSLEngineImpl$DelegatedTask.run(Unknown Source) ~[?:?]
	at java.util.ArrayList.forEach(Unknown Source) ~[?:?]
	at jdk.internal.net.http.common.SSLFlowDelegate.lambda$executeTasks$3(Unknown Source) ~[java.net.http:?]
	at jdk.internal.net.http.HttpClientImpl$DelegatingExecutor.execute(Unknown Source) ~[java.net.http:?]
	at jdk.internal.net.http.common.SSLFlowDelegate.executeTasks(Unknown Source) ~[java.net.http:?]
	at jdk.internal.net.http.common.SSLFlowDelegate.doHandshake(Unknown Source) ~[java.net.http:?]
	at jdk.internal.net.http.common.SSLFlowDelegate$Reader.processData(Unknown Source) ~[java.net.http:?]
	at jdk.internal.net.http.common.SSLFlowDelegate$Reader$ReaderDownstreamPusher.run(Unknown Source) ~[java.net.http:?]
	at jdk.internal.net.http.common.SequentialScheduler$LockingRestartableTask.run(Unknown Source) ~[java.net.http:?]
	at jdk.internal.net.http.common.SequentialScheduler$CompleteRestartableTask.run(Unknown Source) ~[java.net.http:?]
	at jdk.internal.net.http.common.SequentialScheduler$TryEndDeferredCompleter.complete(Unknown Source) ~[java.net.http:?]
	at jdk.internal.net.http.common.SequentialScheduler$CompleteRestartableTask.run(Unknown Source) ~[java.net.http:?]
	at jdk.internal.net.http.common.SequentialScheduler$SchedulableTask.run(Unknown Source) ~[java.net.http:?]
	at java.util.concurrent.ThreadPoolExecutor.runWorker(Unknown Source) ~[?:?]
	at java.util.concurrent.ThreadPoolExecutor$Worker.run(Unknown Source) ~[?:?]
	at java.lang.Thread.run(Unknown Source) ~[?:?]
Caused by: java.security.cert.CertificateExpiredException: NotAfter: Sat Sep 06 22:33:56 AWST 2025
	at sun.security.x509.CertificateValidity.valid(Unknown Source) ~[?:?]
	at sun.security.x509.X509CertImpl.checkValidity(Unknown Source) ~[?:?]
	at sun.security.provider.certpath.BasicChecker.verifyValidity(Unknown Source) ~[?:?]
	at sun.security.provider.certpath.BasicChecker.check(Unknown Source) ~[?:?]
	at sun.security.provider.certpath.PKIXMasterCertPathValidator.validate(Unknown Source) ~[?:?]
	at sun.security.provider.certpath.PKIXCertPathValidator.validate(Unknown Source) ~[?:?]
	at sun.security.provider.certpath.PKIXCertPathValidator.validate(Unknown Source) ~[?:?]
	at sun.security.provider.certpath.PKIXCertPathValidator.engineValidate(Unknown Source) ~[?:?]
	at java.security.cert.CertPathValidator.validate(Unknown Source) ~[?:?]
	at sun.security.validator.PKIXValidator.doValidate(Unknown Source) ~[?:?]
	at sun.security.validator.PKIXValidator.engineValidate(Unknown Source) ~[?:?]
	at sun.security.validator.Validator.validate(Unknown Source) ~[?:?]
	at sun.security.ssl.X509TrustManagerImpl.checkTrusted(Unknown Source) ~[?:?]
	at sun.security.ssl.X509TrustManagerImpl.checkServerTrusted(Unknown Source) ~[?:?]
	at sun.security.ssl.CertificateMessage$T12CertificateConsumer.checkServerCerts(Unknown Source) ~[?:?]
	at sun.security.ssl.CertificateMessage$T12CertificateConsumer.onCertificate(Unknown Source) ~[?:?]
	at sun.security.ssl.CertificateMessage$T12CertificateConsumer.consume(Unknown Source) ~[?:?]
	at sun.security.ssl.SSLHandshake.consume(Unknown Source) ~[?:?]
	at sun.security.ssl.HandshakeContext.dispatch(Unknown Source) ~[?:?]
	at sun.security.ssl.SSLEngineImpl$DelegatedTask$DelegatedAction.run(Unknown Source) ~[?:?]
	at sun.security.ssl.SSLEngineImpl$DelegatedTask$DelegatedAction.run(Unknown Source) ~[?:?]
	at java.security.AccessController.doPrivileged(Unknown Source) ~[?:?]
	at sun.security.ssl.SSLEngineImpl$DelegatedTask.run(Unknown Source) ~[?:?]
	at java.util.ArrayList.forEach(Unknown Source) ~[?:?]
	at jdk.internal.net.http.common.SSLFlowDelegate.lambda$executeTasks$3(Unknown Source) ~[java.net.http:?]
	at jdk.internal.net.http.HttpClientImpl$DelegatingExecutor.execute(Unknown Source) ~[java.net.http:?]
	at jdk.internal.net.http.common.SSLFlowDelegate.executeTasks(Unknown Source) ~[java.net.http:?]
	at jdk.internal.net.http.common.SSLFlowDelegate.doHandshake(Unknown Source) ~[java.net.http:?]
	at jdk.internal.net.http.common.SSLFlowDelegate$Reader.processData(Unknown Source) ~[java.net.http:?]
	at jdk.internal.net.http.common.SSLFlowDelegate$Reader$ReaderDownstreamPusher.run(Unknown Source) ~[java.net.http:?]
	at jdk.internal.net.http.common.SequentialScheduler$LockingRestartableTask.run(Unknown Source) ~[java.net.http:?]
	at jdk.internal.net.http.common.SequentialScheduler$CompleteRestartableTask.run(Unknown Source) ~[java.net.http:?]
	at jdk.internal.net.http.common.SequentialScheduler$TryEndDeferredCompleter.complete(Unknown Source) ~[java.net.http:?]
	at jdk.internal.net.http.common.SequentialScheduler$CompleteRestartableTask.run(Unknown Source) ~[java.net.http:?]
	at jdk.internal.net.http.common.SequentialScheduler$SchedulableTask.run(Unknown Source) ~[java.net.http:?]
	at java.util.concurrent.ThreadPoolExecutor.runWorker(Unknown Source) ~[?:?]
	at java.util.concurrent.ThreadPoolExecutor$Worker.run(Unknown Source) ~[?:?]
	at java.lang.Thread.run(Unknown Source) ~[?:?]
[10:48:29] [Forge Version Check/INFO]: [trading_floor] Starting version check at https://raw.githubusercontent.com/cakeGit/Create-Trading-Floor/refs/heads/1.20.1/forge_updates.json
[10:48:29] [Forge Version Check/INFO]: [trading_floor] Found status: BETA Current: 1.1.5+forge-1.19.2 Target: null
[10:48:29] [Forge Version Check/INFO]: [pluto] Starting version check at https://github.com/AbdElAziz333/Pluto/blob/mc1.19.2/dev/updates.json
[10:48:30] [Forge Version Check/WARN]: Failed to process update information
com.google.gson.JsonSyntaxException: java.lang.IllegalStateException: Expected BEGIN_OBJECT but was STRING at line 7 column 1 path $
	at com.google.gson.Gson.fromJson(Gson.java:975) ~[gson-2.8.9.jar%23104!/:?]
	at com.google.gson.Gson.fromJson(Gson.java:928) ~[gson-2.8.9.jar%23104!/:?]
	at com.google.gson.Gson.fromJson(Gson.java:877) ~[gson-2.8.9.jar%23104!/:?]
	at com.google.gson.Gson.fromJson(Gson.java:848) ~[gson-2.8.9.jar%23104!/:?]
	at net.minecraftforge.fml.VersionChecker$1.process(VersionChecker.java:183) ~[fmlcore-1.19.2-43.5.1.jar%23741!/:?]
	at java.lang.Iterable.forEach(Unknown Source) ~[?:?]
	at net.minecraftforge.fml.VersionChecker$1.run(VersionChecker.java:114) ~[fmlcore-1.19.2-43.5.1.jar%23741!/:?]
Caused by: java.lang.IllegalStateException: Expected BEGIN_OBJECT but was STRING at line 7 column 1 path $
	at com.google.gson.stream.JsonReader.beginObject(JsonReader.java:384) ~[gson-2.8.9.jar%23104!/:?]
	at com.google.gson.internal.bind.MapTypeAdapterFactory$Adapter.read(MapTypeAdapterFactory.java:183) ~[gson-2.8.9.jar%23104!/:?]
	at com.google.gson.internal.bind.MapTypeAdapterFactory$Adapter.read(MapTypeAdapterFactory.java:145) ~[gson-2.8.9.jar%23104!/:?]
	at com.google.gson.Gson.fromJson(Gson.java:963) ~[gson-2.8.9.jar%23104!/:?]
	... 6 more
[10:48:30] [Forge Version Check/INFO]: [dynamic_fps] Starting version check at https://api.lostluma.net/updates/dynamic-fps?platform=forge
[10:48:30] [Worker-ResourceReload-5/WARN]: Unable to load model: 'createframed:block/vertical_magenta_stained_framed_glass_pane_noside_alt' referenced from: createframed:vertical_magenta_stained_framed_glass_pane#east=true,fluidlogged=0,north=true,south=true,waterlogged=true,west=true: java.io.FileNotFoundException: createframed:models/block/vertical_magenta_stained_framed_glass_pane_noside_alt.json
[10:48:30] [CraftPresence/INFO]: [DEBUG] Searching for IPC Pipe: "/var/folders/9j/55k670qj0nj5n3m7lwbfds180000gn/T//discord-ipc-0"
[10:48:30] [CraftPresence/INFO]: [DEBUG] Unable to locate IPC Pipe: "/var/folders/9j/55k670qj0nj5n3m7lwbfds180000gn/T//discord-ipc-0"
[10:48:30] [CraftPresence/INFO]: [DEBUG] Searching for IPC Pipe: "/var/folders/9j/55k670qj0nj5n3m7lwbfds180000gn/T//discord-ipc-1"
[10:48:30] [CraftPresence/INFO]: [DEBUG] Unable to locate IPC Pipe: "/var/folders/9j/55k670qj0nj5n3m7lwbfds180000gn/T//discord-ipc-1"
[10:48:30] [CraftPresence/INFO]: [DEBUG] Searching for IPC Pipe: "/var/folders/9j/55k670qj0nj5n3m7lwbfds180000gn/T//discord-ipc-2"
[10:48:30] [CraftPresence/INFO]: [DEBUG] Unable to locate IPC Pipe: "/var/folders/9j/55k670qj0nj5n3m7lwbfds180000gn/T//discord-ipc-2"
[10:48:30] [CraftPresence/INFO]: [DEBUG] Searching for IPC Pipe: "/var/folders/9j/55k670qj0nj5n3m7lwbfds180000gn/T//discord-ipc-3"
[10:48:30] [CraftPresence/INFO]: [DEBUG] Unable to locate IPC Pipe: "/var/folders/9j/55k670qj0nj5n3m7lwbfds180000gn/T//discord-ipc-3"
[10:48:30] [CraftPresence/INFO]: [DEBUG] Searching for IPC Pipe: "/var/folders/9j/55k670qj0nj5n3m7lwbfds180000gn/T//discord-ipc-4"
[10:48:30] [CraftPresence/INFO]: [DEBUG] Unable to locate IPC Pipe: "/var/folders/9j/55k670qj0nj5n3m7lwbfds180000gn/T//discord-ipc-4"
[10:48:30] [CraftPresence/INFO]: [DEBUG] Searching for IPC Pipe: "/var/folders/9j/55k670qj0nj5n3m7lwbfds180000gn/T//discord-ipc-5"
[10:48:30] [CraftPresence/INFO]: [DEBUG] Unable to locate IPC Pipe: "/var/folders/9j/55k670qj0nj5n3m7lwbfds180000gn/T//discord-ipc-5"
[10:48:30] [CraftPresence/INFO]: [DEBUG] Searching for IPC Pipe: "/var/folders/9j/55k670qj0nj5n3m7lwbfds180000gn/T//discord-ipc-6"
[10:48:30] [CraftPresence/INFO]: [DEBUG] Unable to locate IPC Pipe: "/var/folders/9j/55k670qj0nj5n3m7lwbfds180000gn/T//discord-ipc-6"
[10:48:30] [CraftPresence/INFO]: [DEBUG] Searching for IPC Pipe: "/var/folders/9j/55k670qj0nj5n3m7lwbfds180000gn/T//discord-ipc-7"
[10:48:30] [CraftPresence/INFO]: [DEBUG] Unable to locate IPC Pipe: "/var/folders/9j/55k670qj0nj5n3m7lwbfds180000gn/T//discord-ipc-7"
[10:48:30] [CraftPresence/INFO]: [DEBUG] Searching for IPC Pipe: "/var/folders/9j/55k670qj0nj5n3m7lwbfds180000gn/T//discord-ipc-8"
[10:48:30] [CraftPresence/INFO]: [DEBUG] Unable to locate IPC Pipe: "/var/folders/9j/55k670qj0nj5n3m7lwbfds180000gn/T//discord-ipc-8"
[10:48:30] [CraftPresence/INFO]: [DEBUG] Searching for IPC Pipe: "/var/folders/9j/55k670qj0nj5n3m7lwbfds180000gn/T//discord-ipc-9"
[10:48:30] [CraftPresence/INFO]: [DEBUG] Unable to locate IPC Pipe: "/var/folders/9j/55k670qj0nj5n3m7lwbfds180000gn/T//discord-ipc-9"
[10:48:30] [CraftPresence/INFO]: Attempting to connect to Discord (6/10)...
[10:48:30] [CraftPresence/INFO]: [DEBUG] Attempting connection in: 10049ms
[10:48:30] [Render thread/INFO]: [majruszlibrary.json] Reloading configuration file took 2 milliseconds
[10:48:30] [Render thread/INFO]: [majruszsenchantments.json] Reloading configuration file took 4 milliseconds
[10:48:30] [Render thread/ERROR]: ########## GL ERROR ##########
[10:48:30] [Render thread/ERROR]: @ Pre render
[10:48:30] [Render thread/ERROR]: 65548: Cocoa: Regular windows do not have icons on macOS
[10:48:30] [Render thread/INFO]: Journeymap Initializing
[10:48:30] [Render thread/INFO]: Loading Xaero's Minimap - Stage 2/2
[10:48:30] [Render thread/INFO]: Registered player tracker system: minimap_synced
[10:48:30] [Render thread/INFO]: Xaero's Minimap: World Map found!
[10:48:30] [Render thread/INFO]: No Optifine!
[10:48:30] [Render thread/INFO]: Xaero's Minimap: No Vivecraft!
[10:48:30] [Render thread/INFO]: Xaero's Minimap: Iris found!
[10:48:30] [Render thread/INFO]: Loading Xaero's World Map - Stage 2/2
[10:48:30] [Render thread/INFO]: New world map region cache hash code: 214690041
[10:48:30] [Render thread/INFO]: Registered player tracker system: map_synced
[10:48:30] [Render thread/INFO]: Xaero's WorldMap Mod: Xaero's minimap found!
[10:48:30] [Render thread/INFO]: Registered player tracker system: minimap_synced
[10:48:30] [Render thread/INFO]: No Optifine!
[10:48:30] [Render thread/INFO]: Xaero's World Map: No Vivecraft!
[10:48:30] [Render thread/INFO]: Xaero's World Map: Iris found!
[10:48:31] [Forge Version Check/INFO]: [dynamic_fps] Found status: UP_TO_DATE Current: 3.9.5 Target: null
[10:48:31] [Forge Version Check/INFO]: [unilib] Starting version check at https://raw.githubusercontent.com/CDAGaming/VersionLibrary/master/UniLib/update.json
[10:48:31] [Forge Version Check/INFO]: [unilib] Found status: AHEAD Current: 1.1.1 Target: null
[10:48:31] [Forge Version Check/INFO]: [sliceanddice] Starting version check at https://api.modrinth.com/updates/slice-and-dice/forge_updates.json
[10:48:31] [Forge Version Check/INFO]: [sliceanddice] Found status: UP_TO_DATE Current: 2.4.0 Target: null
[10:48:31] [Forge Version Check/INFO]: [majruszlibrary] Starting version check at https://raw.githubusercontent.com/Majrusz/MinecraftCommon/main/Library/update.json
[10:48:31] [Forge Version Check/INFO]: [majruszlibrary] Found status: AHEAD Current: 7.0.5-backport.1 Target: null
[10:48:31] [Forge Version Check/INFO]: [fastload] Starting version check at https://github.com/BumbleSoftware/Fastload/raw/Forge-1.20.1/updates.json
[10:48:31] [Forge Version Check/INFO]: [fastload] Found status: UP_TO_DATE Current: 3.4.0 Target: null
[10:48:31] [Forge Version Check/INFO]: [iwtb_mr] Starting version check at https://api.modrinth.comauth/init?url=https://modrinth.com/datapack/iwtb/version/1.1/updates/SfXIxvDu/forge_updates.json
[10:48:31] [Forge Version Check/WARN]: Failed to process update information
java.net.ConnectException: null
	at jdk.internal.net.http.HttpClientImpl.send(Unknown Source) ~[java.net.http:?]
	at jdk.internal.net.http.HttpClientFacade.send(Unknown Source) ~[java.net.http:?]
	at net.minecraftforge.fml.VersionChecker$1.openUrlString(VersionChecker.java:139) ~[fmlcore-1.19.2-43.5.1.jar%23741!/:?]
	at net.minecraftforge.fml.VersionChecker$1.process(VersionChecker.java:177) ~[fmlcore-1.19.2-43.5.1.jar%23741!/:?]
	at java.lang.Iterable.forEach(Unknown Source) ~[?:?]
	at net.minecraftforge.fml.VersionChecker$1.run(VersionChecker.java:114) ~[fmlcore-1.19.2-43.5.1.jar%23741!/:?]
Caused by: java.net.ConnectException
	at jdk.internal.net.http.common.Utils.toConnectException(Unknown Source) ~[java.net.http:?]
	at jdk.internal.net.http.PlainHttpConnection.connectAsync(Unknown Source) ~[java.net.http:?]
	at jdk.internal.net.http.AsyncSSLConnection.connectAsync(Unknown Source) ~[java.net.http:?]
	at jdk.internal.net.http.Http2Connection.createAsync(Unknown Source) ~[java.net.http:?]
	at jdk.internal.net.http.Http2ClientImpl.getConnectionFor(Unknown Source) ~[java.net.http:?]
	at jdk.internal.net.http.ExchangeImpl.get(Unknown Source) ~[java.net.http:?]
	at jdk.internal.net.http.Exchange.establishExchange(Unknown Source) ~[java.net.http:?]
	at jdk.internal.net.http.Exchange.responseAsyncImpl0(Unknown Source) ~[java.net.http:?]
	at jdk.internal.net.http.Exchange.responseAsyncImpl(Unknown Source) ~[java.net.http:?]
	at jdk.internal.net.http.Exchange.responseAsync(Unknown Source) ~[java.net.http:?]
	at jdk.internal.net.http.MultiExchange.responseAsyncImpl(Unknown Source) ~[java.net.http:?]
	at jdk.internal.net.http.MultiExchange.lambda$responseAsyncImpl$7(Unknown Source) ~[java.net.http:?]
	at java.util.concurrent.CompletableFuture.uniHandle(Unknown Source) ~[?:?]
	at java.util.concurrent.CompletableFuture.uniHandleStage(Unknown Source) ~[?:?]
	at java.util.concurrent.CompletableFuture.handle(Unknown Source) ~[?:?]
	at jdk.internal.net.http.MultiExchange.responseAsyncImpl(Unknown Source) ~[java.net.http:?]
	at jdk.internal.net.http.MultiExchange.lambda$responseAsync0$2(Unknown Source) ~[java.net.http:?]
	at java.util.concurrent.CompletableFuture$UniCompose.tryFire(Unknown Source) ~[?:?]
	at java.util.concurrent.CompletableFuture.postComplete(Unknown Source) ~[?:?]
	at java.util.concurrent.CompletableFuture$AsyncSupply.run(Unknown Source) ~[?:?]
	at jdk.internal.net.http.HttpClientImpl$DelegatingExecutor.execute(Unknown Source) ~[java.net.http:?]
	at java.util.concurrent.CompletableFuture.completeAsync(Unknown Source) ~[?:?]
	at jdk.internal.net.http.MultiExchange.responseAsync(Unknown Source) ~[java.net.http:?]
	at jdk.internal.net.http.HttpClientImpl.sendAsync(Unknown Source) ~[java.net.http:?]
	... 6 more
Caused by: java.nio.channels.UnresolvedAddressException
	at sun.nio.ch.Net.checkAddress(Unknown Source) ~[?:?]
	at sun.nio.ch.Net.checkAddress(Unknown Source) ~[?:?]
	at sun.nio.ch.SocketChannelImpl.checkRemote(Unknown Source) ~[?:?]
	at sun.nio.ch.SocketChannelImpl.connect(Unknown Source) ~[?:?]
	at jdk.internal.net.http.PlainHttpConnection.lambda$connectAsync$0(Unknown Source) ~[java.net.http:?]
	at java.security.AccessController.doPrivileged(Unknown Source) ~[?:?]
	at jdk.internal.net.http.PlainHttpConnection.connectAsync(Unknown Source) ~[java.net.http:?]
	at jdk.internal.net.http.AsyncSSLConnection.connectAsync(Unknown Source) ~[java.net.http:?]
	at jdk.internal.net.http.Http2Connection.createAsync(Unknown Source) ~[java.net.http:?]
	at jdk.internal.net.http.Http2ClientImpl.getConnectionFor(Unknown Source) ~[java.net.http:?]
	at jdk.internal.net.http.ExchangeImpl.get(Unknown Source) ~[java.net.http:?]
	at jdk.internal.net.http.Exchange.establishExchange(Unknown Source) ~[java.net.http:?]
	at jdk.internal.net.http.Exchange.responseAsyncImpl0(Unknown Source) ~[java.net.http:?]
	at jdk.internal.net.http.Exchange.responseAsyncImpl(Unknown Source) ~[java.net.http:?]
	at jdk.internal.net.http.Exchange.responseAsync(Unknown Source) ~[java.net.http:?]
	at jdk.internal.net.http.MultiExchange.responseAsyncImpl(Unknown Source) ~[java.net.http:?]
	at jdk.internal.net.http.MultiExchange.lambda$responseAsyncImpl$7(Unknown Source) ~[java.net.http:?]
	at java.util.concurrent.CompletableFuture.uniHandle(Unknown Source) ~[?:?]
	at java.util.concurrent.CompletableFuture.uniHandleStage(Unknown Source) ~[?:?]
	at java.util.concurrent.CompletableFuture.handle(Unknown Source) ~[?:?]
	at jdk.internal.net.http.MultiExchange.responseAsyncImpl(Unknown Source) ~[java.net.http:?]
	at jdk.internal.net.http.MultiExchange.lambda$responseAsync0$2(Unknown Source) ~[java.net.http:?]
	at java.util.concurrent.CompletableFuture$UniCompose.tryFire(Unknown Source) ~[?:?]
	at java.util.concurrent.CompletableFuture.postComplete(Unknown Source) ~[?:?]
	at java.util.concurrent.CompletableFuture$AsyncSupply.run(Unknown Source) ~[?:?]
	at jdk.internal.net.http.HttpClientImpl$DelegatingExecutor.execute(Unknown Source) ~[java.net.http:?]
	at java.util.concurrent.CompletableFuture.completeAsync(Unknown Source) ~[?:?]
	at jdk.internal.net.http.MultiExchange.responseAsync(Unknown Source) ~[java.net.http:?]
	at jdk.internal.net.http.HttpClientImpl.sendAsync(Unknown Source) ~[java.net.http:?]
	... 6 more
[10:48:31] [Forge Version Check/INFO]: [catalogue] Starting version check at https://mrcrayfish.com/modupdatejson?id=catalogue
[10:48:31] [Forge Version Check/WARN]: Failed to process update information
com.google.gson.JsonSyntaxException: java.lang.IllegalStateException: Expected BEGIN_OBJECT but was STRING at line 1 column 1 path $
	at com.google.gson.Gson.fromJson(Gson.java:975) ~[gson-2.8.9.jar%23104!/:?]
	at com.google.gson.Gson.fromJson(Gson.java:928) ~[gson-2.8.9.jar%23104!/:?]
	at com.google.gson.Gson.fromJson(Gson.java:877) ~[gson-2.8.9.jar%23104!/:?]
	at com.google.gson.Gson.fromJson(Gson.java:848) ~[gson-2.8.9.jar%23104!/:?]
	at net.minecraftforge.fml.VersionChecker$1.process(VersionChecker.java:183) ~[fmlcore-1.19.2-43.5.1.jar%23741!/:?]
	at java.lang.Iterable.forEach(Unknown Source) ~[?:?]
	at net.minecraftforge.fml.VersionChecker$1.run(VersionChecker.java:114) ~[fmlcore-1.19.2-43.5.1.jar%23741!/:?]
Caused by: java.lang.IllegalStateException: Expected BEGIN_OBJECT but was STRING at line 1 column 1 path $
	at com.google.gson.stream.JsonReader.beginObject(JsonReader.java:384) ~[gson-2.8.9.jar%23104!/:?]
	at com.google.gson.internal.bind.MapTypeAdapterFactory$Adapter.read(MapTypeAdapterFactory.java:183) ~[gson-2.8.9.jar%23104!/:?]
	at com.google.gson.internal.bind.MapTypeAdapterFactory$Adapter.read(MapTypeAdapterFactory.java:145) ~[gson-2.8.9.jar%23104!/:?]
	at com.google.gson.Gson.fromJson(Gson.java:963) ~[gson-2.8.9.jar%23104!/:?]
	... 6 more
[10:48:31] [Forge Version Check/INFO]: [armorstatues] Starting version check at https://raw.githubusercontent.com/Fuzss/modresources/main/update/armorstatues.json
[10:48:31] [Forge Version Check/INFO]: [armorstatues] Found status: AHEAD Current: 4.0.8 Target: null
[10:48:31] [Forge Version Check/INFO]: [voicechat] Starting version check at https://update.maxhenkel.de/forge/voicechat
[10:48:32] [Forge Version Check/INFO]: [voicechat] Found status: OUTDATED Current: 1.19.2-2.5.36 Target: 1.19.2-2.6.6
[10:48:32] [Forge Version Check/INFO]: [flywheel] Starting version check at https://api.modrinth.com/updates/flywheel/forge_updates.json
[10:48:32] [Forge Version Check/INFO]: [flywheel] Found status: AHEAD Current: 0.6.11-22 Target: null
[10:48:32] [Forge Version Check/INFO]: [canary] Starting version check at https://github.com/AbdElAziz333/Canary/raw/mc1.19.2/dev/updates.json
[10:48:33] [Forge Version Check/INFO]: [canary] Found status: UP_TO_DATE Current: 0.3.3 Target: null
[10:48:33] [Forge Version Check/INFO]: [puzzleslib] Starting version check at https://raw.githubusercontent.com/Fuzss/modresources/main/update/puzzleslib.json
[10:48:33] [Forge Version Check/INFO]: [puzzleslib] Found status: UP_TO_DATE Current: 4.4.3 Target: null
[10:48:33] [Forge Version Check/INFO]: [create_power_loader] Starting version check at https://raw.githubusercontent.com/hlysine/create_power_loader/main/update.json
[10:48:33] [Forge Version Check/INFO]: [create_power_loader] Found status: UP_TO_DATE Current: 1.5.0-mc1.19.2 Target: null
[10:48:33] [Forge Version Check/INFO]: [mr_farmers_cuttingquark] Starting version check at https://api.modrinth.com/updates/rH2QzhPh/forge_updates.json
[10:48:33] [Forge Version Check/INFO]: [mr_farmers_cuttingquark] Found status: OUTDATED Current: 1.0.0-1.19 Target: 1.0.0-1.19+mod
[10:48:33] [Forge Version Check/INFO]: [suggestionproviderfix] Starting version check at https://github.com/Harleyoc1/SuggestionProviderFix/blob/1.19/version_info.json?raw=true
[10:48:33] [Forge Version Check/INFO]: [suggestionproviderfix] Found status: BETA Current: 1.19-1.0.0 Target: null
[10:48:33] [Forge Version Check/INFO]: [controlling] Starting version check at https://updates.blamejared.com/get?n=controlling&gv=1.19.2
[10:48:34] [Worker-ResourceReload-5/WARN]: Unable to load model: 'createdeco:block/catwalk_stairs' referenced from: alloyed:steel_catwalk_stairs#inventory: java.io.FileNotFoundException: createdeco:models/block/catwalk_stairs.json
[10:48:34] [Worker-ResourceReload-5/WARN]: Unable to load model: 'tetra:shootable_dummy#inventory' referenced from: tetra:shootable_dummy#inventory: java.io.FileNotFoundException: tetra:models/item/shootable_dummy.json
[10:48:34] [Forge Version Check/INFO]: [controlling] Found status: BETA Current: 10.0+7 Target: 10.0+7
[10:48:34] [Forge Version Check/INFO]: [cobweb] Starting version check at https://api.modrinth.com/updates/cobweb/forge_updates.json
[10:48:34] [Worker-ResourceReload-5/INFO]: Dispatching Module Step REGISTER_ADDITIONAL_MODELS
[10:48:34] [Worker-ResourceReload-5/WARN]: Unable to load model: 'supplementaries:blocks/wall_lanterns/wall_lantern_gold' referenced from: supplementaries:blocks/wall_lanterns/wall_lantern_gold: java.io.FileNotFoundException: supplementaries:models/blocks/wall_lanterns/wall_lantern_gold.json
[10:48:34] [Worker-ResourceReload-5/WARN]: Unable to load model: 'supplementaries:blocks/wall_lanterns/wall_lantern_lead' referenced from: supplementaries:blocks/wall_lanterns/wall_lantern_lead: java.io.FileNotFoundException: supplementaries:models/blocks/wall_lanterns/wall_lantern_lead.json
[10:48:34] [Worker-ResourceReload-5/WARN]: Unable to load model: 'supplementaries:blocks/wall_lanterns/wall_lantern_copper' referenced from: supplementaries:blocks/wall_lanterns/wall_lantern_copper: java.io.FileNotFoundException: supplementaries:models/blocks/wall_lanterns/wall_lantern_copper.json
[10:48:34] [Worker-ResourceReload-5/WARN]: Unable to load model: 'supplementaries:blocks/wall_lanterns/wall_lantern_brass' referenced from: supplementaries:blocks/wall_lanterns/wall_lantern_brass: java.io.FileNotFoundException: supplementaries:models/blocks/wall_lanterns/wall_lantern_brass.json
[10:48:34] [Worker-ResourceReload-5/WARN]: Unable to load model: 'suppsquared:block/crimson_lantern' referenced from: suppsquared:block/crimson_lantern: java.io.FileNotFoundException: suppsquared:models/block/crimson_lantern.json
[10:48:34] [Worker-ResourceReload-5/WARN]: Unable to load model: 'carpeted:block/label' referenced from: carpeted:block/label: java.io.FileNotFoundException: carpeted:models/block/label.json
[10:48:34] [Worker-ResourceReload-5/WARN]: Unable to load model: 'supplementaries:blocks/wall_lanterns/wall_lantern_silver' referenced from: supplementaries:blocks/wall_lanterns/wall_lantern_silver: java.io.FileNotFoundException: supplementaries:models/blocks/wall_lanterns/wall_lantern_silver.json
[10:48:34] [Worker-ResourceReload-5/WARN]: Unable to load model: 'suppsquared:block/brass_lantern' referenced from: suppsquared:block/brass_lantern: java.io.FileNotFoundException: suppsquared:models/block/brass_lantern.json
[10:48:34] [Worker-ResourceReload-5/WARN]: Unable to load model: 'suppsquared:block/copper_lantern' referenced from: suppsquared:block/copper_lantern: java.io.FileNotFoundException: suppsquared:models/block/copper_lantern.json
[10:48:34] [Forge Version Check/INFO]: [cobweb] Found status: UP_TO_DATE Current: 1.0.1 Target: null
[10:48:34] [Forge Version Check/INFO]: [bookshelf] Starting version check at https://updates.blamejared.com/get?n=bookshelf&gv=1.19.2
[10:48:35] [Forge Version Check/INFO]: [bookshelf] Found status: BETA Current: 16.3.20 Target: 16.3.20
[10:48:35] [Forge Version Check/INFO]: [create_connected] Starting version check at https://raw.githubusercontent.com/hlysine/create_connected/main/update.json
[10:48:35] [Forge Version Check/INFO]: [create_connected] Found status: UP_TO_DATE Current: 0.9.4-mc1.19.2 Target: null
[10:48:35] [Forge Version Check/INFO]: [ender_chested] Starting version check at http://changelogs.moddinglegacy.com/ender-chest-horses.json
[10:48:35] [Forge Version Check/INFO]: [ender_chested] Found status: BETA Current: 1.1.0 Target: null
[10:48:35] [Forge Version Check/INFO]: [forge] Starting version check at https://files.minecraftforge.net/net/minecraftforge/forge/promotions_slim.json
[10:48:35] [Forge Version Check/INFO]: [forge] Found status: AHEAD Current: 43.5.1 Target: null
[10:48:35] [Forge Version Check/INFO]: [cofh_core] Starting version check at https://raw.github.com/cofh/version/main/cofh_core/update.json
[10:48:35] [Worker-ResourceReload-5/WARN]: Unable to resolve texture reference: #missing in interiors:item/cyan_floor_chair
[10:48:35] [Worker-ResourceReload-5/WARN]: Unable to resolve texture reference: #missing in interiors:item/white_floor_chair
[10:48:35] [Worker-ResourceReload-5/WARN]: Unable to resolve texture reference: #missing in interiors:item/light_gray_chair
[10:48:35] [Worker-ResourceReload-5/WARN]: Unable to resolve texture reference: #missing in interiors:item/light_blue_chair
[10:48:35] [Worker-ResourceReload-5/WARN]: Unable to resolve texture reference: #missing in interiors:item/orange_chair
[10:48:35] [Worker-ResourceReload-5/WARN]: Unable to resolve texture reference: #missing in interiors:item/gray_floor_chair
[10:48:35] [Worker-ResourceReload-5/WARN]: Unable to resolve texture reference: #missing in interiors:item/black_floor_chair
[10:48:35] [Worker-ResourceReload-5/WARN]: Unable to resolve texture reference: #missing in extendedgears:block/chunky_cogwheel
[10:48:35] [Worker-ResourceReload-5/WARN]: Unable to resolve texture reference: #missing in interiors:item/brown_chair
[10:48:35] [Worker-ResourceReload-5/WARN]: Unable to resolve texture reference: #missing in interiors:item/kelp_chair
[10:48:35] [Worker-ResourceReload-5/WARN]: Unable to resolve texture reference: #missing in interiors:item/yellow_floor_chair
[10:48:35] [Worker-ResourceReload-5/WARN]: Unable to resolve texture reference: #missing in interiors:item/kelp_floor_chair
[10:48:35] [Worker-ResourceReload-5/WARN]: Unable to resolve texture reference: #missing in interiors:item/purple_chair
[10:48:35] [Worker-ResourceReload-5/WARN]: Unable to resolve texture reference: #missing in interiors:item/pink_chair
[10:48:35] [Worker-ResourceReload-5/WARN]: Unable to resolve texture reference: #missing in interiors:item/yellow_chair
[10:48:35] [Worker-ResourceReload-5/WARN]: Unable to resolve texture reference: #missing in interiors:item/white_chair
[10:48:35] [Worker-ResourceReload-5/WARN]: Unable to resolve texture reference: #missing in interiors:item/brown_floor_chair
[10:48:35] [Worker-ResourceReload-5/WARN]: Unable to resolve texture reference: #missing in interiors:item/gray_chair
[10:48:35] [Worker-ResourceReload-5/WARN]: Unable to resolve texture reference: #missing in interiors:item/lime_chair
[10:48:35] [Worker-ResourceReload-5/WARN]: Unable to resolve texture reference: #missing in interiors:item/red_floor_chair
[10:48:35] [Worker-ResourceReload-5/WARN]: Unable to resolve texture reference: #missing in interiors:item/black_chair
[10:48:35] [Worker-ResourceReload-5/WARN]: Unable to resolve texture reference: #missing in interiors:item/blue_chair
[10:48:35] [Worker-ResourceReload-5/WARN]: Unable to resolve texture reference: #missing in interiors:item/blue_floor_chair
[10:48:35] [Worker-ResourceReload-5/WARN]: Unable to resolve texture reference: #missing in interiors:item/orange_floor_chair
[10:48:35] [Worker-ResourceReload-5/WARN]: Unable to resolve texture reference: #missing in interiors:item/cyan_chair
[10:48:35] [Worker-ResourceReload-5/WARN]: Unable to resolve texture reference: #missing in extendedgears:block/large_chunky_cogwheel
[10:48:35] [Worker-ResourceReload-5/WARN]: Unable to resolve texture reference: #missing in interiors:item/lime_floor_chair
[10:48:35] [Worker-ResourceReload-5/WARN]: Unable to resolve texture reference: #missingno in alloyed:item/steel_catwalk_stairs
[10:48:35] [Worker-ResourceReload-5/WARN]: Unable to resolve texture reference: #missing in interiors:item/light_gray_floor_chair
[10:48:35] [Worker-ResourceReload-5/WARN]: Unable to resolve texture reference: #missing in interiors:item/red_chair
[10:48:35] [Worker-ResourceReload-5/WARN]: Unable to resolve texture reference: #missing in createaddition:block/connector/small_light
[10:48:35] [Worker-ResourceReload-5/WARN]: Unable to resolve texture reference: #missing in interiors:item/magenta_chair
[10:48:35] [Worker-ResourceReload-5/WARN]: Unable to resolve texture reference: #missing in interiors:item/purple_floor_chair
[10:48:35] [Worker-ResourceReload-5/WARN]: Unable to resolve texture reference: #missing in interiors:item/green_chair
[10:48:35] [Worker-ResourceReload-5/WARN]: Unable to resolve texture reference: #missing in interiors:item/pink_floor_chair
[10:48:35] [Worker-ResourceReload-5/WARN]: Unable to resolve texture reference: #missing in interiors:item/light_blue_floor_chair
[10:48:35] [Worker-ResourceReload-5/WARN]: Unable to resolve texture reference: #missing in interiors:item/green_floor_chair
[10:48:35] [Worker-ResourceReload-5/WARN]: Unable to resolve texture reference: #missing in interiors:item/magenta_floor_chair
[10:48:35] [Worker-ResourceReload-5/INFO]: Dispatching Module Step TEXTURE_STITCH
[10:48:35] [Worker-ResourceReload-3/ERROR]: Using missing texture, unable to load supplementaries:items/globes/globe_chu
[10:48:35] [Worker-ResourceReload-2/ERROR]: Using missing texture, unable to load supplementaries:items/globes/globe_dausora
[10:48:35] [Worker-ResourceReload-3/ERROR]: Using missing texture, unable to load supplementaries:items/globes/globe_zam
[10:48:35] [Worker-ResourceReload-1/ERROR]: Using missing texture, unable to load supplementaries:items/globes/globe_looxond
[10:48:35] [Worker-ResourceReload-3/ERROR]: Using missing texture, unable to load customizableelytra:entity/elytra_banner/cobweb
[10:48:35] [Worker-ResourceReload-6/ERROR]: Using missing texture, unable to load bedspreads:entity/additionalbanners/cobweb
[10:48:35] [Worker-ResourceReload-1/ERROR]: Using missing texture, unable to load bedspreads:entity/neapolitan/chimpanzee
[10:48:35] [Worker-ResourceReload-3/ERROR]: Using missing texture, unable to load minecraft:axis
[10:48:36] [Worker-ResourceReload-2/ERROR]: Using missing texture, unable to load supplementaries:items/globes/globe_arzinist
[10:48:36] [Worker-ResourceReload-4/ERROR]: Using missing texture, unable to load bedspreads:entity/additionalbanners/spider
[10:48:36] [Worker-ResourceReload-3/ERROR]: Using missing texture, unable to load customizableelytra:entity/elytra_banner/chimpanzee
[10:48:36] [Worker-ResourceReload-6/ERROR]: Using missing texture, unable to load customizableelytra:entity/elytra_banner/spider
[10:48:36] [Worker-ResourceReload-1/ERROR]: Using missing texture, unable to load minecraft:axis_top
[10:48:36] [Worker-ResourceReload-6/ERROR]: Using missing texture, unable to load create:block/chute_block
[10:48:36] [Worker-ResourceReload-5/WARN]: Texture createdieselgenerators:block/canister with size 24x24 limits mip level from 4 to 3
[10:48:36] [Worker-Main-8/WARN]: Unused frames in sprite tetra:items/pristine_lapis: [8, 9, 10, 11, 12, 13, 14, 15]
[10:48:36] [Worker-ResourceReload-5/INFO]: Dispatching Module Step TEXTURE_STITCH
[10:48:36] [Worker-ResourceReload-5/INFO]: Dispatching Module Step TEXTURE_STITCH
[10:48:36] [Worker-ResourceReload-2/ERROR]: Using missing texture, unable to load supplementaries:entity/flags/neapolitan/chimpanzee
[10:48:36] [Worker-ResourceReload-2/ERROR]: Using missing texture, unable to load supplementaries:entity/flags/additionalbanners/waterfall
[10:48:36] [Worker-ResourceReload-4/ERROR]: Using missing texture, unable to load supplementaries:entity/flags/additionalbanners/hex
[10:48:36] [Worker-ResourceReload-3/ERROR]: Using missing texture, unable to load supplementaries:entity/flags/additionalbanners/spider
[10:48:36] [Worker-ResourceReload-0/ERROR]: Using missing texture, unable to load supplementaries:entity/flags/additionalbanners/cobweb
[10:48:36] [Worker-ResourceReload-5/INFO]: Dispatching Module Step TEXTURE_STITCH
[10:48:36] [Worker-ResourceReload-5/INFO]: Dispatching Module Step TEXTURE_STITCH
[10:48:36] [Worker-ResourceReload-5/INFO]: Dispatching Module Step TEXTURE_STITCH
[10:48:36] [Worker-ResourceReload-5/INFO]: Dispatching Module Step TEXTURE_STITCH
[10:48:36] [Worker-ResourceReload-5/WARN]: Unable to resolve texture due to reference chain particle->particle in create_crystal_clear:block/encased_cogwheel/block_top
[10:48:36] [Worker-ResourceReload-5/WARN]: Unable to resolve texture due to reference chain particle->particle in create_crystal_clear:block/encased_cogwheel/block_bottom
[10:48:36] [Worker-ResourceReload-5/WARN]: Unable to resolve texture due to reference chain particle->particle in create_crystal_clear:block/encased_cogwheel/block
[10:48:36] [Forge Version Check/INFO]: [cofh_core] Found status: AHEAD Current: 10.3.1 Target: null
[10:48:36] [Forge Version Check/INFO]: [rubidium_extra] Starting version check at https://api.modrinth.com/updates/rubidium-extra/forge_updates.json
[10:48:36] [Worker-ResourceReload-5/WARN]: Unable to resolve texture due to reference chain particle->particle in create_crystal_clear:block/encased_cogwheel/block_top_bottom
[10:48:37] [Forge Version Check/INFO]: [rubidium_extra] Found status: UP_TO_DATE Current: 0.4.19+mc1.19.2-build.105 Target: null
[10:48:37] [Forge Version Check/INFO]: [servertabinfo] Starting version check at https://raw.githubusercontent.com/Crimix/ServerTabInfo/1.19/update.json
[10:48:37] [Render thread/INFO]: Loaded all shader sources.
[10:48:37] [Forge Version Check/INFO]: [servertabinfo] Found status: BETA Current: 1.3.7 Target: null
[10:48:37] [Forge Version Check/INFO]: [craftpresence] Starting version check at https://raw.githubusercontent.com/CDAGaming/VersionLibrary/master/CraftPresence/update.json
[10:48:37] [Worker-ResourceReload-6/INFO]: Dispatching Module Step LOAD_COMPLETE
[10:48:37] [Forge Version Check/INFO]: [craftpresence] Found status: AHEAD Current: 2.6.2 Target: null
[10:48:37] [Forge Version Check/INFO]: [bedbenefits] Starting version check at https://updates.blamejared.com/get?n=bedbenefits&gv=1.19.2
[10:48:37] [Worker-ResourceReload-4/INFO]: Start loading plugin at snownee.snow.compat.jade.JadeCompat
[10:48:37] [Worker-ResourceReload-4/INFO]: Start loading plugin at de.maxhenkel.corpse.integration.waila.PluginCorpse
[10:48:37] [Worker-ResourceReload-4/INFO]: Start loading plugin at snownee.jade.addon.lootr.LootrPlugin
[10:48:37] [Worker-ResourceReload-4/INFO]: Start loading plugin at snownee.jade.addon.general.GeneralPlugin
[10:48:37] [Worker-ResourceReload-4/INFO]: Start loading plugin at snownee.jade.addon.create.CreatePlugin
[10:48:37] [Worker-ResourceReload-4/INFO]: Start loading plugin at com.black_dog20.servertabinfo.common.compat.Jade
[10:48:37] [Worker-ResourceReload-4/INFO]: Start loading plugin at net.brnbrd.delightful.compat.jade.JadePlugin
[10:48:37] [Worker-ResourceReload-4/INFO]: Start loading plugin at snownee.jade.addon.vanilla.VanillaPlugin
[10:48:37] [Worker-ResourceReload-4/INFO]: Start loading plugin at snownee.jade.addon.universal.UniversalPlugin
[10:48:37] [Worker-ResourceReload-4/INFO]: Start loading plugin at snownee.jade.addon.core.CorePlugin
[10:48:37] [Worker-ResourceReload-4/INFO]: Start loading plugin at de.maxhenkel.easyvillagers.integration.waila.PluginEasyVillagers
[10:48:37] [Forge Version Check/INFO]: [bedbenefits] Found status: BETA_OUTDATED Current: 9.1.3 Target: 9.2.5
[10:48:37] [Forge Version Check/INFO]: [deathknell] Starting version check at https://updates.blamejared.com/get?n=deathknell&gv=1.19.2
[10:48:37] [Render thread/INFO]: Successfully loaded config provider: com.mrcrayfish.configured.impl.forge.ForgeConfigProvider
[10:48:37] [Render thread/INFO]: Successfully loaded config provider: com.mrcrayfish.configured.impl.simple.SimpleConfigProvider
[10:48:37] [Render thread/INFO]: Successfully loaded config provider: com.anthonyhilyard.iceberg.compat.configured.IcebergConfigProvider
[10:48:37] [Render thread/INFO]: Creating config GUI factories...
[10:48:37] [Render thread/INFO]: Registering config factory for mod betterdungeons. Found 1 config(s)
[10:48:37] [Render thread/INFO]: Registering config factory for mod easyanvils. Found 2 config(s)
[10:48:37] [Render thread/INFO]: Registering config factory for mod create_jetpack. Found 2 config(s)
[10:48:37] [Render thread/INFO]: Registering config factory for mod netherite_horse_armor. Found 1 config(s)
[10:48:37] [Render thread/INFO]: Registering config factory for mod respiteful. Found 1 config(s)
[10:48:37] [Render thread/INFO]: Registering config factory for mod creeper_firework. Found 1 config(s)
[10:48:37] [Render thread/INFO]: Registering config factory for mod createdieselgenerators. Found 2 config(s)
[10:48:37] [Render thread/INFO]: Registering config factory for mod clayworks. Found 1 config(s)
[10:48:37] [Render thread/INFO]: Registering config factory for mod labels. Found 1 config(s)
[10:48:37] [Render thread/INFO]: Registering config factory for mod betterfortresses. Found 1 config(s)
[10:48:37] [Render thread/INFO]: Registering config factory for mod corpse. Found 1 config(s)
[10:48:37] [Render thread/INFO]: Registering config factory for mod do_a_barrel_roll. Found 1 config(s)
[10:48:37] [Render thread/INFO]: Registering config factory for mod blockrunner. Found 1 config(s)
[10:48:37] [Render thread/INFO]: Registering config factory for mod highlighter. Found 1 config(s)
[10:48:37] [Render thread/INFO]: Registering config factory for mod curiouslanterns. Found 2 config(s)
[10:48:37] [Render thread/INFO]: Registering config factory for mod curios. Found 2 config(s)
[10:48:37] [Render thread/INFO]: Registering config factory for mod measurements. Found 1 config(s)
[10:48:37] [Render thread/INFO]: Registering config factory for mod chimes. Found 2 config(s)
[10:48:37] [Render thread/INFO]: Registering config factory for mod corn_delight. Found 1 config(s)
[10:48:37] [Render thread/INFO]: Registering config factory for mod bettermineshafts. Found 1 config(s)
[10:48:37] [Render thread/INFO]: Registering config factory for mod sliceanddice. Found 2 config(s)
[10:48:37] [Render thread/INFO]: Registering config factory for mod betterjungletemples. Found 1 config(s)
[10:48:37] [Render thread/INFO]: Registering config factory for mod torchslabmod. Found 1 config(s)
[10:48:37] [Render thread/INFO]: Registering config factory for mod connectiblechains. Found 2 config(s)
[10:48:37] [Render thread/INFO]: Registering config factory for mod jei. Found 1 config(s)
[10:48:37] [Render thread/INFO]: Registering config factory for mod pehkui. Found 3 config(s)
[10:48:37] [Render thread/INFO]: Registering config factory for mod cofh_core. Found 3 config(s)
[10:48:37] [Render thread/INFO]: Registering config factory for mod endergetic. Found 1 config(s)
[10:48:37] [Render thread/INFO]: Registering config factory for mod molten_vents. Found 1 config(s)
[10:48:37] [Render thread/INFO]: Registering config factory for mod potionbundles. Found 2 config(s)
[10:48:37] [Render thread/INFO]: Registering config factory for mod forge. Found 3 config(s)
[10:48:37] [Render thread/INFO]: Registering config factory for mod chalk. Found 2 config(s)
[10:48:37] [Render thread/INFO]: Registering config factory for mod armorstatues. Found 1 config(s)
[10:48:37] [Render thread/INFO]: Registering config factory for mod neapolitan. Found 1 config(s)
[10:48:37] [Render thread/INFO]: Registering config factory for mod logprot. Found 1 config(s)
[10:48:37] [Render thread/INFO]: Registering config factory for mod fivehead. Found 1 config(s)
[10:48:37] [Render thread/INFO]: Registering config factory for mod fastpaintings. Found 1 config(s)
[10:48:37] [Render thread/INFO]: Registering config factory for mod farmersrespite. Found 1 config(s)
[10:48:37] [Render thread/INFO]: Registering config factory for mod flywheel. Found 1 config(s)
[10:48:37] [Render thread/INFO]: Registering config factory for mod ecologics. Found 1 config(s)
[10:48:37] [Render thread/INFO]: Registering config factory for mod sit. Found 1 config(s)
[10:48:37] [Render thread/INFO]: Registering config factory for mod appleskin. Found 1 config(s)
[10:48:37] [Render thread/INFO]: Registering config factory for mod lootr. Found 2 config(s)
[10:48:37] [Render thread/INFO]: Registering config factory for mod visuality. Found 1 config(s)
[10:48:37] [Render thread/INFO]: Registering config factory for mod create_power_loader. Found 1 config(s)
[10:48:37] [Render thread/INFO]: Registering config factory for mod delightful. Found 1 config(s)
[10:48:37] [Render thread/INFO]: Registering config factory for mod domesticationinnovation. Found 1 config(s)
[10:48:37] [Render thread/INFO]: Registering config factory for mod responsiveshields. Found 1 config(s)
[10:48:37] [Render thread/INFO]: Registering config factory for mod betterwitchhuts. Found 1 config(s)
[10:48:37] [Render thread/INFO]: Registering config factory for mod betteroceanmonuments. Found 1 config(s)
[10:48:37] [Render thread/INFO]: Registering config factory for mod forgeshot. Found 1 config(s)
[10:48:37] [Render thread/INFO]: Registering config factory for mod sophisticatedcore. Found 2 config(s)
[10:48:37] [Render thread/INFO]: Registering config factory for mod kleeslabs. Found 1 config(s)
[10:48:37] [Render thread/INFO]: Registering config factory for mod ritchiesprojectilelib. Found 1 config(s)
[10:48:37] [Render thread/INFO]: Registering config factory for mod citadel. Found 1 config(s)
[10:48:37] [Render thread/INFO]: Registering config factory for mod create_central_kitchen. Found 1 config(s)
[10:48:37] [Render thread/INFO]: Registering config factory for mod sophisticatedbackpacks. Found 2 config(s)
[10:48:37] [Render thread/INFO]: Registering config factory for mod railways. Found 3 config(s)
[10:48:37] [Render thread/INFO]: Registering config factory for mod allurement. Found 2 config(s)
[10:48:37] [Render thread/INFO]: Registering config factory for mod carryon. Found 2 config(s)
[10:48:37] [Render thread/INFO]: Registering config factory for mod create_connected. Found 2 config(s)
[10:48:37] [Render thread/INFO]: Registering config factory for mod farmersdelight. Found 2 config(s)
[10:48:37] [Render thread/INFO]: Registering config factory for mod customizableelytra. Found 1 config(s)
[10:48:37] [Render thread/INFO]: Registering config factory for mod woodworks. Found 1 config(s)
[10:48:37] [Render thread/INFO]: Registering config factory for mod betterstrongholds. Found 1 config(s)
[10:48:37] [Render thread/INFO]: Registering config factory for mod ebb. Found 1 config(s)
[10:48:37] [Render thread/INFO]: Registering config factory for mod extendedgears. Found 1 config(s)
[10:48:37] [Render thread/INFO]: Registering config factory for mod servertabinfo. Found 2 config(s)
[10:48:37] [Render thread/INFO]: Registering config factory for mod voidtotem. Found 1 config(s)
[10:48:37] [Render thread/INFO]: Registering config factory for mod betteradvancements. Found 1 config(s)
[10:48:37] [Render thread/INFO]: Registering config factory for mod trashslot. Found 1 config(s)
[10:48:37] [Render thread/INFO]: Registering config factory for mod berry_good. Found 1 config(s)
[10:48:37] [Render thread/INFO]: Registering config factory for mod sophisticatedstorage. Found 2 config(s)
[10:48:37] [Render thread/INFO]: Registering config factory for mod journeymap. Found 1 config(s)
[10:48:37] [Render thread/INFO]: Registering config factory for mod configured. Found 2 config(s)
[10:48:37] [Render thread/INFO]: Registering config factory for mod nopoisonregen. Found 1 config(s)
[10:48:37] [Render thread/INFO]: Registering config factory for mod everycomp. Found 2 config(s)
[10:48:37] [Render thread/INFO]: Registering config factory for mod betterdeserttemples. Found 1 config(s)
[10:48:37] [Render thread/INFO]: Registering config factory for mod blueprint. Found 2 config(s)
[10:48:37] [Render thread/INFO]: Registering config factory for mod randomium. Found 1 config(s)
[10:48:37] [Render thread/INFO]: Registering config factory for mod watut. Found 2 config(s)
[10:48:37] [Render thread/INFO]: Registering config factory for mod enderpearlswap. Found 1 config(s)
[10:48:37] [Render thread/INFO]: Registering config factory for mod mysterious_mountain_lib. Found 1 config(s)
[10:48:37] [Render thread/INFO]: Registering config factory for mod magnumtorch. Found 1 config(s)
[10:48:37] [Render thread/INFO]: Registering config factory for mod torch_hit. Found 1 config(s)
[10:48:37] [Render thread/INFO]: Registering config factory for mod easy_villagers. Found 2 config(s)
[10:48:37] [Render thread/INFO]: Registering config factory for mod mutil. Found 1 config(s)
[10:48:37] [Render thread/INFO]: Registering config factory for mod abnormals_delight. Found 1 config(s)
[10:48:37] [Render thread/INFO]: Registering config factory for mod coroutil. Found 1 config(s)
[10:48:37] [Render thread/INFO]: Registering config factory for mod bettertridents. Found 2 config(s)
[10:48:37] [Render thread/INFO]: Registering config factory for mod asynclocator. Found 1 config(s)
[10:48:37] [Render thread/INFO]: Registering config factory for mod screenshot_viewer. Found 1 config(s)
[10:48:37] [Render thread/INFO]: Registering config factory for mod create_enchantment_industry. Found 1 config(s)
[10:48:37] [Render thread/INFO]: Registering config factory for mod createaddition. Found 1 config(s)
[10:48:37] [Render thread/INFO]: Registered region minecraft:overworld to index 0 for type OVERWORLD
[10:48:37] [Render thread/INFO]: Registered region minecraft:nether to index 0 for type NETHER
[10:48:37] [Render thread/INFO]: Registered region quark:biome_provider to index 1 for type OVERWORLD
[10:48:37] [Forge Version Check/INFO]: [deathknell] Found status: BETA Current: 6.0.3 Target: 6.0.3
[10:48:37] [Forge Version Check/INFO]: [delightful] Starting version check at https://raw.githubusercontent.com/brnbrd/Delightful/1.19/update/update.json
[10:48:37] [Forge Version Check/INFO]: [delightful] Found status: BETA Current: 3.4.1 Target: null
[10:48:37] [Forge Version Check/INFO]: [goldenhopper] Starting version check at https://mrcrayfish.com/modupdatejson?id=goldenhopper
[10:48:37] [Forge Version Check/WARN]: Failed to process update information
com.google.gson.JsonSyntaxException: java.lang.IllegalStateException: Expected BEGIN_OBJECT but was STRING at line 1 column 1 path $
	at com.google.gson.Gson.fromJson(Gson.java:975) ~[gson-2.8.9.jar%23104!/:?]
	at com.google.gson.Gson.fromJson(Gson.java:928) ~[gson-2.8.9.jar%23104!/:?]
	at com.google.gson.Gson.fromJson(Gson.java:877) ~[gson-2.8.9.jar%23104!/:?]
	at com.google.gson.Gson.fromJson(Gson.java:848) ~[gson-2.8.9.jar%23104!/:?]
	at net.minecraftforge.fml.VersionChecker$1.process(VersionChecker.java:183) ~[fmlcore-1.19.2-43.5.1.jar%23741!/:?]
	at java.lang.Iterable.forEach(Unknown Source) ~[?:?]
	at net.minecraftforge.fml.VersionChecker$1.run(VersionChecker.java:114) ~[fmlcore-1.19.2-43.5.1.jar%23741!/:?]
Caused by: java.lang.IllegalStateException: Expected BEGIN_OBJECT but was STRING at line 1 column 1 path $
	at com.google.gson.stream.JsonReader.beginObject(JsonReader.java:384) ~[gson-2.8.9.jar%23104!/:?]
	at com.google.gson.internal.bind.MapTypeAdapterFactory$Adapter.read(MapTypeAdapterFactory.java:183) ~[gson-2.8.9.jar%23104!/:?]
	at com.google.gson.internal.bind.MapTypeAdapterFactory$Adapter.read(MapTypeAdapterFactory.java:145) ~[gson-2.8.9.jar%23104!/:?]
	at com.google.gson.Gson.fromJson(Gson.java:963) ~[gson-2.8.9.jar%23104!/:?]
	... 6 more
[10:48:37] [Forge Version Check/INFO]: [clumps] Starting version check at https://updates.blamejared.com/get?n=clumps&gv=1.19.2
[10:48:37] [Render thread/WARN]: Unable to parse language metadata section of resourcepack: resources
net.minecraft.server.packs.ResourcePackFileNotFoundException: 'pack.mcmeta' in ResourcePack 'figura/cache/resources'
	at net.minecraft.server.packs.FolderPackResources.m_5541_(FolderPackResources.java:49) ~[client-1.19.2-20220805.130853-srg.jar%23740!/:?]
	at net.minecraft.server.packs.AbstractPackResources.m_5550_(AbstractPackResources.java:60) ~[client-1.19.2-20220805.130853-srg.jar%23740!/:?]
	at net.minecraft.client.resources.language.LanguageManager.m_118978_(LanguageManager.java:39) ~[client-1.19.2-20220805.130853-srg.jar%23740!/:?]
	at java.util.AbstractList$RandomAccessSpliterator.forEachRemaining(Unknown Source) ~[?:?]
	at java.util.stream.ReferencePipeline$Head.forEach(Unknown Source) ~[?:?]
	at net.minecraft.client.resources.language.LanguageManager.m_118981_(LanguageManager.java:37) ~[client-1.19.2-20220805.130853-srg.jar%23740!/:?]
	at net.minecraft.client.resources.language.LanguageManager.m_6213_(LanguageManager.java:56) ~[client-1.19.2-20220805.130853-srg.jar%23740!/:?]
	at net.minecraft.server.packs.resources.ResourceManagerReloadListener.m_10759_(ResourceManagerReloadListener.java:15) ~[client-1.19.2-20220805.130853-srg.jar%23740!/:?]
	at java.util.concurrent.CompletableFuture$UniRun.tryFire(Unknown Source) ~[?:?]
	at java.util.concurrent.CompletableFuture$Completion.run(Unknown Source) ~[?:?]
	at net.minecraft.server.packs.resources.SimpleReloadInstance.m_143940_(SimpleReloadInstance.java:69) ~[client-1.19.2-20220805.130853-srg.jar%23740!/:?]
	at net.minecraft.util.thread.BlockableEventLoop.m_6367_(BlockableEventLoop.java:157) ~[client-1.19.2-20220805.130853-srg.jar%23740!/:?]
	at net.minecraft.util.thread.ReentrantBlockableEventLoop.m_6367_(ReentrantBlockableEventLoop.java:23) ~[client-1.19.2-20220805.130853-srg.jar%23740!/:?]
	at net.minecraft.util.thread.BlockableEventLoop.m_7245_(BlockableEventLoop.java:131) ~[client-1.19.2-20220805.130853-srg.jar%23740!/:?]
	at net.minecraft.util.thread.BlockableEventLoop.m_18699_(BlockableEventLoop.java:116) ~[client-1.19.2-20220805.130853-srg.jar%23740!/:?]
	at net.minecraft.client.Minecraft.m_91383_(Minecraft.java:1072) ~[client-1.19.2-20220805.130853-srg.jar%23740!/:?]
	at net.minecraft.client.Minecraft.m_91374_(Minecraft.java:700) ~[client-1.19.2-20220805.130853-srg.jar%23740!/:?]
	at net.minecraft.client.main.Main.m_239872_(Main.java:212) ~[1.19.2-43.5.1.jar:?]
	at net.minecraft.client.main.Main.main(Main.java:51) ~[1.19.2-43.5.1.jar:?]
	at jdk.internal.reflect.NativeMethodAccessorImpl.invoke0(Native Method) ~[?:?]
	at jdk.internal.reflect.NativeMethodAccessorImpl.invoke(Unknown Source) ~[?:?]
	at jdk.internal.reflect.DelegatingMethodAccessorImpl.invoke(Unknown Source) ~[?:?]
	at java.lang.reflect.Method.invoke(Unknown Source) ~[?:?]
	at net.minecraftforge.fml.loading.targets.CommonClientLaunchHandler.lambda$launchService$0(CommonClientLaunchHandler.java:27) ~[fmlloader-1.19.2-43.5.1.jar:?]
	at cpw.mods.modlauncher.LaunchServiceHandlerDecorator.launch(LaunchServiceHandlerDecorator.java:30) ~[modlauncher-10.0.8.jar:?]
	at cpw.mods.modlauncher.LaunchServiceHandler.launch(LaunchServiceHandler.java:53) ~[modlauncher-10.0.8.jar:?]
	at cpw.mods.modlauncher.LaunchServiceHandler.launch(LaunchServiceHandler.java:71) ~[modlauncher-10.0.8.jar:?]
	at cpw.mods.modlauncher.Launcher.run(Launcher.java:106) ~[modlauncher-10.0.8.jar:?]
	at cpw.mods.modlauncher.Launcher.main(Launcher.java:77) ~[modlauncher-10.0.8.jar:?]
	at cpw.mods.modlauncher.BootstrapLaunchConsumer.accept(BootstrapLaunchConsumer.java:26) ~[modlauncher-10.0.8.jar:?]
	at cpw.mods.modlauncher.BootstrapLaunchConsumer.accept(BootstrapLaunchConsumer.java:23) ~[modlauncher-10.0.8.jar:?]
	at cpw.mods.bootstraplauncher.BootstrapLauncher.main(BootstrapLauncher.java:141) ~[bootstraplauncher-1.1.2.jar:?]
	at jdk.internal.reflect.NativeMethodAccessorImpl.invoke0(Native Method) ~[?:?]
	at jdk.internal.reflect.NativeMethodAccessorImpl.invoke(Unknown Source) ~[?:?]
	at jdk.internal.reflect.DelegatingMethodAccessorImpl.invoke(Unknown Source) ~[?:?]
	at java.lang.reflect.Method.invoke(Unknown Source) ~[?:?]
	at com.modrinth.theseus.MinecraftLaunch.relaunch(MinecraftLaunch.java:63) ~[theseus.jar%2379!/:?]
	at com.modrinth.theseus.MinecraftLaunch.main(MinecraftLaunch.java:28) ~[theseus.jar%2379!/:?]
[10:48:37] [Render thread/WARN]: Missing sound for event: minecraft:item.goat_horn.play
[10:48:37] [Render thread/WARN]: Missing sound for event: minecraft:entity.goat.screaming.horn_break
[10:48:37] [Render thread/WARN]: Missing sound for event: paintable:item.paint_brush.paint
[10:48:37] [Render thread/WARN]: Missing sound for event: mysterious_mountain_lib:presented_by_zaia
[10:48:37] [Render thread/WARN]: Missing sound for event: supplementaries:item.wrench.hit
[10:48:37] [Forge Version Check/INFO]: [clumps] Found status: BETA Current: 9.0.0+14 Target: 9.0.0+14
[10:48:37] [Forge Version Check/INFO]: [journeymap] Starting version check at https://forge.curseupdate.com/32274/journeymap
[10:48:38] [Forge Version Check/INFO]: [journeymap] Found status: UP_TO_DATE Current: 5.9.8 Target: null
[10:48:38] [Forge Version Check/INFO]: [configured] Starting version check at https://mrcrayfish.com/modupdatejson?id=configured
[10:48:38] [Forge Version Check/WARN]: Failed to process update information
com.google.gson.JsonSyntaxException: java.lang.IllegalStateException: Expected BEGIN_OBJECT but was STRING at line 1 column 1 path $
	at com.google.gson.Gson.fromJson(Gson.java:975) ~[gson-2.8.9.jar%23104!/:?]
	at com.google.gson.Gson.fromJson(Gson.java:928) ~[gson-2.8.9.jar%23104!/:?]
	at com.google.gson.Gson.fromJson(Gson.java:877) ~[gson-2.8.9.jar%23104!/:?]
	at com.google.gson.Gson.fromJson(Gson.java:848) ~[gson-2.8.9.jar%23104!/:?]
	at net.minecraftforge.fml.VersionChecker$1.process(VersionChecker.java:183) ~[fmlcore-1.19.2-43.5.1.jar%23741!/:?]
	at java.lang.Iterable.forEach(Unknown Source) ~[?:?]
	at net.minecraftforge.fml.VersionChecker$1.run(VersionChecker.java:114) ~[fmlcore-1.19.2-43.5.1.jar%23741!/:?]
Caused by: java.lang.IllegalStateException: Expected BEGIN_OBJECT but was STRING at line 1 column 1 path $
	at com.google.gson.stream.JsonReader.beginObject(JsonReader.java:384) ~[gson-2.8.9.jar%23104!/:?]
	at com.google.gson.internal.bind.MapTypeAdapterFactory$Adapter.read(MapTypeAdapterFactory.java:183) ~[gson-2.8.9.jar%23104!/:?]
	at com.google.gson.internal.bind.MapTypeAdapterFactory$Adapter.read(MapTypeAdapterFactory.java:145) ~[gson-2.8.9.jar%23104!/:?]
	at com.google.gson.Gson.fromJson(Gson.java:963) ~[gson-2.8.9.jar%23104!/:?]
	... 6 more
[10:48:38] [Forge Version Check/INFO]: [resourcify] Starting version check at https://api.modrinth.com/updates/resourcify/forge_updates.json
[10:48:38] [Render thread/INFO]: OpenAL initialized on device CoreAudio Default
[10:48:38] [Render thread/INFO]: Sound engine started
[10:48:38] [Render thread/INFO]: [FANCYMENU] Reloading AudioResourceHandler after Minecraft SoundEngine reload..
[10:48:38] [Render thread/INFO]: Endimation Loader has loaded 45 endimations
[10:48:38] [Render thread/INFO]: Created: 4096x4096x4 minecraft:textures/atlas/blocks.png-atlas
[10:48:38] [Forge Version Check/INFO]: [resourcify] Found status: UP_TO_DATE Current: 1.6.1 Target: null
[10:48:38] [Forge Version Check/INFO]: [moonlight] Starting version check at https://raw.githubusercontent.com/MehVahdJukaar/Moonlight/multi-loader/forge/update.json
[10:48:38] [Render thread/INFO]: Dispatching Module Step POST_TEXTURE_STITCH
[10:48:38] [Render thread/INFO]: Created: 512x512x4 minecraft:textures/atlas/signs.png-atlas
[10:48:38] [Render thread/INFO]: Dispatching Module Step POST_TEXTURE_STITCH
[10:48:38] [Render thread/INFO]: Created: 1024x512x4 minecraft:textures/atlas/banner_patterns.png-atlas
[10:48:38] [Render thread/INFO]: Dispatching Module Step POST_TEXTURE_STITCH
[10:48:38] [Render thread/INFO]: Created: 1024x512x4 minecraft:textures/atlas/shield_patterns.png-atlas
[10:48:38] [Render thread/INFO]: Dispatching Module Step POST_TEXTURE_STITCH
[10:48:38] [Render thread/INFO]: Created: 2048x1024x4 minecraft:textures/atlas/chest.png-atlas
[10:48:38] [Render thread/INFO]: Dispatching Module Step POST_TEXTURE_STITCH
[10:48:38] [Render thread/INFO]: Created: 512x512x4 minecraft:textures/atlas/beds.png-atlas
[10:48:38] [Render thread/INFO]: Dispatching Module Step POST_TEXTURE_STITCH
[10:48:38] [Render thread/INFO]: Created: 512x512x4 minecraft:textures/atlas/shulker_boxes.png-atlas
[10:48:38] [Render thread/INFO]: Dispatching Module Step POST_TEXTURE_STITCH
[10:48:38] [Forge Version Check/INFO]: [moonlight] Found status: UP_TO_DATE Current: 1.19.2-2.3.7 Target: null
[10:48:38] [Forge Version Check/INFO]: [magnumtorch] Starting version check at https://raw.githubusercontent.com/Fuzss/modresources/main/update/magnumtorch.json
[10:48:38] [Forge Version Check/INFO]: [magnumtorch] Found status: UP_TO_DATE Current: 4.2.3 Target: null
[10:48:38] [Forge Version Check/INFO]: [torch_hit] Starting version check at https://api.modrinth.com/updates/torch-hit/forge_updates.json
[10:48:39] [Forge Version Check/INFO]: [torch_hit] Found status: UP_TO_DATE Current: 7.0.0 Target: null
[10:48:39] [Forge Version Check/INFO]: [omgourd] Starting version check at https://raw.github.com/cofh/version/main/omgourd/update.json
[10:48:39] [Render thread/WARN]: Unable to bake model: 'alloyed:steel_catwalk#': java.lang.RuntimeException: Unknown property 'bottom' on 'Block{alloyed:steel_catwalk}'
[10:48:40] [Forge Version Check/INFO]: [omgourd] Found status: UP_TO_DATE Current: 4.3.0 Target: null
[10:48:40] [Forge Version Check/INFO]: [easy_villagers] Starting version check at https://update.maxhenkel.de/forge/easy_villagers
[10:48:40] [CraftPresence/INFO]: [DEBUG] Searching for IPC Pipe: "/var/folders/9j/55k670qj0nj5n3m7lwbfds180000gn/T//discord-ipc-0"
[10:48:40] [CraftPresence/INFO]: [DEBUG] Unable to locate IPC Pipe: "/var/folders/9j/55k670qj0nj5n3m7lwbfds180000gn/T//discord-ipc-0"
[10:48:40] [CraftPresence/INFO]: [DEBUG] Searching for IPC Pipe: "/var/folders/9j/55k670qj0nj5n3m7lwbfds180000gn/T//discord-ipc-1"
[10:48:40] [CraftPresence/INFO]: [DEBUG] Unable to locate IPC Pipe: "/var/folders/9j/55k670qj0nj5n3m7lwbfds180000gn/T//discord-ipc-1"
[10:48:40] [CraftPresence/INFO]: [DEBUG] Searching for IPC Pipe: "/var/folders/9j/55k670qj0nj5n3m7lwbfds180000gn/T//discord-ipc-2"
[10:48:40] [CraftPresence/INFO]: [DEBUG] Unable to locate IPC Pipe: "/var/folders/9j/55k670qj0nj5n3m7lwbfds180000gn/T//discord-ipc-2"
[10:48:40] [CraftPresence/INFO]: [DEBUG] Searching for IPC Pipe: "/var/folders/9j/55k670qj0nj5n3m7lwbfds180000gn/T//discord-ipc-3"
[10:48:40] [CraftPresence/INFO]: [DEBUG] Unable to locate IPC Pipe: "/var/folders/9j/55k670qj0nj5n3m7lwbfds180000gn/T//discord-ipc-3"
[10:48:40] [CraftPresence/INFO]: [DEBUG] Searching for IPC Pipe: "/var/folders/9j/55k670qj0nj5n3m7lwbfds180000gn/T//discord-ipc-4"
[10:48:40] [CraftPresence/INFO]: [DEBUG] Unable to locate IPC Pipe: "/var/folders/9j/55k670qj0nj5n3m7lwbfds180000gn/T//discord-ipc-4"
[10:48:40] [CraftPresence/INFO]: [DEBUG] Searching for IPC Pipe: "/var/folders/9j/55k670qj0nj5n3m7lwbfds180000gn/T//discord-ipc-5"
[10:48:40] [CraftPresence/INFO]: [DEBUG] Unable to locate IPC Pipe: "/var/folders/9j/55k670qj0nj5n3m7lwbfds180000gn/T//discord-ipc-5"
[10:48:40] [CraftPresence/INFO]: [DEBUG] Searching for IPC Pipe: "/var/folders/9j/55k670qj0nj5n3m7lwbfds180000gn/T//discord-ipc-6"
[10:48:40] [CraftPresence/INFO]: [DEBUG] Unable to locate IPC Pipe: "/var/folders/9j/55k670qj0nj5n3m7lwbfds180000gn/T//discord-ipc-6"
[10:48:40] [CraftPresence/INFO]: [DEBUG] Searching for IPC Pipe: "/var/folders/9j/55k670qj0nj5n3m7lwbfds180000gn/T//discord-ipc-7"
[10:48:40] [CraftPresence/INFO]: [DEBUG] Unable to locate IPC Pipe: "/var/folders/9j/55k670qj0nj5n3m7lwbfds180000gn/T//discord-ipc-7"
[10:48:40] [CraftPresence/INFO]: [DEBUG] Searching for IPC Pipe: "/var/folders/9j/55k670qj0nj5n3m7lwbfds180000gn/T//discord-ipc-8"
[10:48:40] [CraftPresence/INFO]: [DEBUG] Unable to locate IPC Pipe: "/var/folders/9j/55k670qj0nj5n3m7lwbfds180000gn/T//discord-ipc-8"
[10:48:40] [CraftPresence/INFO]: [DEBUG] Searching for IPC Pipe: "/var/folders/9j/55k670qj0nj5n3m7lwbfds180000gn/T//discord-ipc-9"
[10:48:40] [CraftPresence/INFO]: [DEBUG] Unable to locate IPC Pipe: "/var/folders/9j/55k670qj0nj5n3m7lwbfds180000gn/T//discord-ipc-9"
[10:48:40] [CraftPresence/INFO]: Attempting to connect to Discord (7/10)...
[10:48:40] [CraftPresence/INFO]: [DEBUG] Attempting connection in: 18321ms
[10:48:40] [Render thread/WARN]: Model "createbigcannons:block/cannon_carriage/block_saddle" is using the deprecated "detectCullableFaces" field in its OBJ model instead of "automatic_culling". This field will be removed in 1.20.
[10:48:40] [Render thread/WARN]: Model "createbigcannons:block/cannon_carriage/block_saddle" is using the deprecated "flip-v" field in its OBJ model instead of "flip_v". This field will be removed in 1.20.
[10:48:40] [Forge Version Check/INFO]: [easy_villagers] Found status: AHEAD Current: 1.19.2-1.1.23 Target: null
[10:48:40] [Forge Version Check/INFO]: [iceberg] Starting version check at https://mc-update-check.anthonyhilyard.com/520110
[10:48:40] [Render thread/WARN]: Model "createbigcannons:block/cannon_carriage/block" is using the deprecated "detectCullableFaces" field in its OBJ model instead of "automatic_culling". This field will be removed in 1.20.
[10:48:40] [Render thread/WARN]: Model "createbigcannons:block/cannon_carriage/block" is using the deprecated "flip-v" field in its OBJ model instead of "flip_v". This field will be removed in 1.20.
[10:48:40] [Render thread/WARN]: Unable to bake model: 'alloyed:steel_sheet_vertical_slab#fluidlogged=1,type=double,waterlogged=false': java.lang.RuntimeException: Unknown property 'facing' on 'Block{alloyed:steel_sheet_vertical_slab}'
[10:48:40] [Render thread/WARN]: Unable to bake model: 'alloyed:steel_sheet_vertical_slab#fluidlogged=1,type=bottom,waterlogged=false': java.lang.RuntimeException: Unknown property 'facing' on 'Block{alloyed:steel_sheet_vertical_slab}'
[10:48:41] [Forge Version Check/WARN]: Failed to process update information
javax.net.ssl.SSLHandshakeException: PKIX path validation failed: java.security.cert.CertPathValidatorException: validity check failed
	at jdk.internal.net.http.HttpClientImpl.send(Unknown Source) ~[java.net.http:?]
	at jdk.internal.net.http.HttpClientFacade.send(Unknown Source) ~[java.net.http:?]
	at net.minecraftforge.fml.VersionChecker$1.openUrlString(VersionChecker.java:139) ~[fmlcore-1.19.2-43.5.1.jar%23741!/:?]
	at net.minecraftforge.fml.VersionChecker$1.process(VersionChecker.java:177) ~[fmlcore-1.19.2-43.5.1.jar%23741!/:?]
	at java.lang.Iterable.forEach(Unknown Source) ~[?:?]
	at net.minecraftforge.fml.VersionChecker$1.run(VersionChecker.java:114) ~[fmlcore-1.19.2-43.5.1.jar%23741!/:?]
Caused by: javax.net.ssl.SSLHandshakeException: PKIX path validation failed: java.security.cert.CertPathValidatorException: validity check failed
	at sun.security.ssl.Alert.createSSLException(Unknown Source) ~[?:?]
	at sun.security.ssl.TransportContext.fatal(Unknown Source) ~[?:?]
	at sun.security.ssl.TransportContext.fatal(Unknown Source) ~[?:?]
	at sun.security.ssl.TransportContext.fatal(Unknown Source) ~[?:?]
	at sun.security.ssl.CertificateMessage$T12CertificateConsumer.checkServerCerts(Unknown Source) ~[?:?]
	at sun.security.ssl.CertificateMessage$T12CertificateConsumer.onCertificate(Unknown Source) ~[?:?]
	at sun.security.ssl.CertificateMessage$T12CertificateConsumer.consume(Unknown Source) ~[?:?]
	at sun.security.ssl.SSLHandshake.consume(Unknown Source) ~[?:?]
	at sun.security.ssl.HandshakeContext.dispatch(Unknown Source) ~[?:?]
	at sun.security.ssl.SSLEngineImpl$DelegatedTask$DelegatedAction.run(Unknown Source) ~[?:?]
	at sun.security.ssl.SSLEngineImpl$DelegatedTask$DelegatedAction.run(Unknown Source) ~[?:?]
	at java.security.AccessController.doPrivileged(Unknown Source) ~[?:?]
	at sun.security.ssl.SSLEngineImpl$DelegatedTask.run(Unknown Source) ~[?:?]
	at java.util.ArrayList.forEach(Unknown Source) ~[?:?]
	at jdk.internal.net.http.common.SSLFlowDelegate.lambda$executeTasks$3(Unknown Source) ~[java.net.http:?]
	at jdk.internal.net.http.HttpClientImpl$DelegatingExecutor.execute(Unknown Source) ~[java.net.http:?]
	at jdk.internal.net.http.common.SSLFlowDelegate.executeTasks(Unknown Source) ~[java.net.http:?]
	at jdk.internal.net.http.common.SSLFlowDelegate.doHandshake(Unknown Source) ~[java.net.http:?]
	at jdk.internal.net.http.common.SSLFlowDelegate$Reader.processData(Unknown Source) ~[java.net.http:?]
	at jdk.internal.net.http.common.SSLFlowDelegate$Reader$ReaderDownstreamPusher.run(Unknown Source) ~[java.net.http:?]
	at jdk.internal.net.http.common.SequentialScheduler$LockingRestartableTask.run(Unknown Source) ~[java.net.http:?]
	at jdk.internal.net.http.common.SequentialScheduler$CompleteRestartableTask.run(Unknown Source) ~[java.net.http:?]
	at jdk.internal.net.http.common.SequentialScheduler$TryEndDeferredCompleter.complete(Unknown Source) ~[java.net.http:?]
	at jdk.internal.net.http.common.SequentialScheduler$CompleteRestartableTask.run(Unknown Source) ~[java.net.http:?]
	at jdk.internal.net.http.common.SequentialScheduler$SchedulableTask.run(Unknown Source) ~[java.net.http:?]
	at java.util.concurrent.ThreadPoolExecutor.runWorker(Unknown Source) ~[?:?]
	at java.util.concurrent.ThreadPoolExecutor$Worker.run(Unknown Source) ~[?:?]
	at java.lang.Thread.run(Unknown Source) ~[?:?]
Caused by: sun.security.validator.ValidatorException: PKIX path validation failed: java.security.cert.CertPathValidatorException: validity check failed
	at sun.security.validator.PKIXValidator.doValidate(Unknown Source) ~[?:?]
	at sun.security.validator.PKIXValidator.engineValidate(Unknown Source) ~[?:?]
	at sun.security.validator.Validator.validate(Unknown Source) ~[?:?]
	at sun.security.ssl.X509TrustManagerImpl.checkTrusted(Unknown Source) ~[?:?]
	at sun.security.ssl.X509TrustManagerImpl.checkServerTrusted(Unknown Source) ~[?:?]
	at sun.security.ssl.CertificateMessage$T12CertificateConsumer.checkServerCerts(Unknown Source) ~[?:?]
	at sun.security.ssl.CertificateMessage$T12CertificateConsumer.onCertificate(Unknown Source) ~[?:?]
	at sun.security.ssl.CertificateMessage$T12CertificateConsumer.consume(Unknown Source) ~[?:?]
	at sun.security.ssl.SSLHandshake.consume(Unknown Source) ~[?:?]
	at sun.security.ssl.HandshakeContext.dispatch(Unknown Source) ~[?:?]
	at sun.security.ssl.SSLEngineImpl$DelegatedTask$DelegatedAction.run(Unknown Source) ~[?:?]
	at sun.security.ssl.SSLEngineImpl$DelegatedTask$DelegatedAction.run(Unknown Source) ~[?:?]
	at java.security.AccessController.doPrivileged(Unknown Source) ~[?:?]
	at sun.security.ssl.SSLEngineImpl$DelegatedTask.run(Unknown Source) ~[?:?]
	at java.util.ArrayList.forEach(Unknown Source) ~[?:?]
	at jdk.internal.net.http.common.SSLFlowDelegate.lambda$executeTasks$3(Unknown Source) ~[java.net.http:?]
	at jdk.internal.net.http.HttpClientImpl$DelegatingExecutor.execute(Unknown Source) ~[java.net.http:?]
	at jdk.internal.net.http.common.SSLFlowDelegate.executeTasks(Unknown Source) ~[java.net.http:?]
	at jdk.internal.net.http.common.SSLFlowDelegate.doHandshake(Unknown Source) ~[java.net.http:?]
	at jdk.internal.net.http.common.SSLFlowDelegate$Reader.processData(Unknown Source) ~[java.net.http:?]
	at jdk.internal.net.http.common.SSLFlowDelegate$Reader$ReaderDownstreamPusher.run(Unknown Source) ~[java.net.http:?]
	at jdk.internal.net.http.common.SequentialScheduler$LockingRestartableTask.run(Unknown Source) ~[java.net.http:?]
	at jdk.internal.net.http.common.SequentialScheduler$CompleteRestartableTask.run(Unknown Source) ~[java.net.http:?]
	at jdk.internal.net.http.common.SequentialScheduler$TryEndDeferredCompleter.complete(Unknown Source) ~[java.net.http:?]
	at jdk.internal.net.http.common.SequentialScheduler$CompleteRestartableTask.run(Unknown Source) ~[java.net.http:?]
	at jdk.internal.net.http.common.SequentialScheduler$SchedulableTask.run(Unknown Source) ~[java.net.http:?]
	at java.util.concurrent.ThreadPoolExecutor.runWorker(Unknown Source) ~[?:?]
	at java.util.concurrent.ThreadPoolExecutor$Worker.run(Unknown Source) ~[?:?]
	at java.lang.Thread.run(Unknown Source) ~[?:?]
Caused by: java.security.cert.CertPathValidatorException: validity check failed
	at sun.security.provider.certpath.PKIXMasterCertPathValidator.validate(Unknown Source) ~[?:?]
	at sun.security.provider.certpath.PKIXCertPathValidator.validate(Unknown Source) ~[?:?]
	at sun.security.provider.certpath.PKIXCertPathValidator.validate(Unknown Source) ~[?:?]
	at sun.security.provider.certpath.PKIXCertPathValidator.engineValidate(Unknown Source) ~[?:?]
	at java.security.cert.CertPathValidator.validate(Unknown Source) ~[?:?]
	at sun.security.validator.PKIXValidator.doValidate(Unknown Source) ~[?:?]
	at sun.security.validator.PKIXValidator.engineValidate(Unknown Source) ~[?:?]
	at sun.security.validator.Validator.validate(Unknown Source) ~[?:?]
	at sun.security.ssl.X509TrustManagerImpl.checkTrusted(Unknown Source) ~[?:?]
	at sun.security.ssl.X509TrustManagerImpl.checkServerTrusted(Unknown Source) ~[?:?]
	at sun.security.ssl.CertificateMessage$T12CertificateConsumer.checkServerCerts(Unknown Source) ~[?:?]
	at sun.security.ssl.CertificateMessage$T12CertificateConsumer.onCertificate(Unknown Source) ~[?:?]
	at sun.security.ssl.CertificateMessage$T12CertificateConsumer.consume(Unknown Source) ~[?:?]
	at sun.security.ssl.SSLHandshake.consume(Unknown Source) ~[?:?]
	at sun.security.ssl.HandshakeContext.dispatch(Unknown Source) ~[?:?]
	at sun.security.ssl.SSLEngineImpl$DelegatedTask$DelegatedAction.run(Unknown Source) ~[?:?]
	at sun.security.ssl.SSLEngineImpl$DelegatedTask$DelegatedAction.run(Unknown Source) ~[?:?]
	at java.security.AccessController.doPrivileged(Unknown Source) ~[?:?]
	at sun.security.ssl.SSLEngineImpl$DelegatedTask.run(Unknown Source) ~[?:?]
	at java.util.ArrayList.forEach(Unknown Source) ~[?:?]
	at jdk.internal.net.http.common.SSLFlowDelegate.lambda$executeTasks$3(Unknown Source) ~[java.net.http:?]
	at jdk.internal.net.http.HttpClientImpl$DelegatingExecutor.execute(Unknown Source) ~[java.net.http:?]
	at jdk.internal.net.http.common.SSLFlowDelegate.executeTasks(Unknown Source) ~[java.net.http:?]
	at jdk.internal.net.http.common.SSLFlowDelegate.doHandshake(Unknown Source) ~[java.net.http:?]
	at jdk.internal.net.http.common.SSLFlowDelegate$Reader.processData(Unknown Source) ~[java.net.http:?]
	at jdk.internal.net.http.common.SSLFlowDelegate$Reader$ReaderDownstreamPusher.run(Unknown Source) ~[java.net.http:?]
	at jdk.internal.net.http.common.SequentialScheduler$LockingRestartableTask.run(Unknown Source) ~[java.net.http:?]
	at jdk.internal.net.http.common.SequentialScheduler$CompleteRestartableTask.run(Unknown Source) ~[java.net.http:?]
	at jdk.internal.net.http.common.SequentialScheduler$TryEndDeferredCompleter.complete(Unknown Source) ~[java.net.http:?]
	at jdk.internal.net.http.common.SequentialScheduler$CompleteRestartableTask.run(Unknown Source) ~[java.net.http:?]
	at jdk.internal.net.http.common.SequentialScheduler$SchedulableTask.run(Unknown Source) ~[java.net.http:?]
	at java.util.concurrent.ThreadPoolExecutor.runWorker(Unknown Source) ~[?:?]
	at java.util.concurrent.ThreadPoolExecutor$Worker.run(Unknown Source) ~[?:?]
	at java.lang.Thread.run(Unknown Source) ~[?:?]
Caused by: java.security.cert.CertificateExpiredException: NotAfter: Sat Sep 06 22:33:56 AWST 2025
	at sun.security.x509.CertificateValidity.valid(Unknown Source) ~[?:?]
	at sun.security.x509.X509CertImpl.checkValidity(Unknown Source) ~[?:?]
	at sun.security.provider.certpath.BasicChecker.verifyValidity(Unknown Source) ~[?:?]
	at sun.security.provider.certpath.BasicChecker.check(Unknown Source) ~[?:?]
	at sun.security.provider.certpath.PKIXMasterCertPathValidator.validate(Unknown Source) ~[?:?]
	at sun.security.provider.certpath.PKIXCertPathValidator.validate(Unknown Source) ~[?:?]
	at sun.security.provider.certpath.PKIXCertPathValidator.validate(Unknown Source) ~[?:?]
	at sun.security.provider.certpath.PKIXCertPathValidator.engineValidate(Unknown Source) ~[?:?]
	at java.security.cert.CertPathValidator.validate(Unknown Source) ~[?:?]
	at sun.security.validator.PKIXValidator.doValidate(Unknown Source) ~[?:?]
	at sun.security.validator.PKIXValidator.engineValidate(Unknown Source) ~[?:?]
	at sun.security.validator.Validator.validate(Unknown Source) ~[?:?]
	at sun.security.ssl.X509TrustManagerImpl.checkTrusted(Unknown Source) ~[?:?]
	at sun.security.ssl.X509TrustManagerImpl.checkServerTrusted(Unknown Source) ~[?:?]
	at sun.security.ssl.CertificateMessage$T12CertificateConsumer.checkServerCerts(Unknown Source) ~[?:?]
	at sun.security.ssl.CertificateMessage$T12CertificateConsumer.onCertificate(Unknown Source) ~[?:?]
	at sun.security.ssl.CertificateMessage$T12CertificateConsumer.consume(Unknown Source) ~[?:?]
	at sun.security.ssl.SSLHandshake.consume(Unknown Source) ~[?:?]
	at sun.security.ssl.HandshakeContext.dispatch(Unknown Source) ~[?:?]
	at sun.security.ssl.SSLEngineImpl$DelegatedTask$DelegatedAction.run(Unknown Source) ~[?:?]
	at sun.security.ssl.SSLEngineImpl$DelegatedTask$DelegatedAction.run(Unknown Source) ~[?:?]
	at java.security.AccessController.doPrivileged(Unknown Source) ~[?:?]
	at sun.security.ssl.SSLEngineImpl$DelegatedTask.run(Unknown Source) ~[?:?]
	at java.util.ArrayList.forEach(Unknown Source) ~[?:?]
	at jdk.internal.net.http.common.SSLFlowDelegate.lambda$executeTasks$3(Unknown Source) ~[java.net.http:?]
	at jdk.internal.net.http.HttpClientImpl$DelegatingExecutor.execute(Unknown Source) ~[java.net.http:?]
	at jdk.internal.net.http.common.SSLFlowDelegate.executeTasks(Unknown Source) ~[java.net.http:?]
	at jdk.internal.net.http.common.SSLFlowDelegate.doHandshake(Unknown Source) ~[java.net.http:?]
	at jdk.internal.net.http.common.SSLFlowDelegate$Reader.processData(Unknown Source) ~[java.net.http:?]
	at jdk.internal.net.http.common.SSLFlowDelegate$Reader$ReaderDownstreamPusher.run(Unknown Source) ~[java.net.http:?]
	at jdk.internal.net.http.common.SequentialScheduler$LockingRestartableTask.run(Unknown Source) ~[java.net.http:?]
	at jdk.internal.net.http.common.SequentialScheduler$CompleteRestartableTask.run(Unknown Source) ~[java.net.http:?]
	at jdk.internal.net.http.common.SequentialScheduler$TryEndDeferredCompleter.complete(Unknown Source) ~[java.net.http:?]
	at jdk.internal.net.http.common.SequentialScheduler$CompleteRestartableTask.run(Unknown Source) ~[java.net.http:?]
	at jdk.internal.net.http.common.SequentialScheduler$SchedulableTask.run(Unknown Source) ~[java.net.http:?]
	at java.util.concurrent.ThreadPoolExecutor.runWorker(Unknown Source) ~[?:?]
	at java.util.concurrent.ThreadPoolExecutor$Worker.run(Unknown Source) ~[?:?]
	at java.lang.Thread.run(Unknown Source) ~[?:?]
[10:48:41] [Forge Version Check/INFO]: [supplementaries] Starting version check at https://raw.githubusercontent.com/MehVahdJukaar/Supplementaries/master/forge/update.json
[10:48:41] [Forge Version Check/INFO]: [supplementaries] Found status: BETA Current: 1.19.2-2.4.20 Target: null
[10:48:41] [Forge Version Check/INFO]: [bettertridents] Starting version check at https://raw.githubusercontent.com/Fuzss/modresources/main/update/bettertridents.json
[10:48:41] [Render thread/WARN]: Unable to bake model: 'alloyed:steel_sheet_vertical_slab#fluidlogged=1,type=double,waterlogged=true': java.lang.RuntimeException: Unknown property 'facing' on 'Block{alloyed:steel_sheet_vertical_slab}'
[10:48:41] [Forge Version Check/INFO]: [bettertridents] Found status: UP_TO_DATE Current: 4.0.2 Target: null
[10:48:41] [Forge Version Check/INFO]: [create_pattern_schematics] Starting version check at https://raw.githubusercontent.com/cakeGit/Pattern-Schematics-Multiloader/Port-1.19.2/forge-updates.json
[10:48:41] [Forge Version Check/INFO]: [create_pattern_schematics] Found status: UP_TO_DATE Current: 1.1.15 Target: null
[10:48:41] [Forge Version Check/INFO]: [betterf3] Starting version check at https://api.modrinth.com/updates/betterf3/forge_updates.json
[10:48:41] [Render thread/WARN]: Model "createbigcannons:block/cannon_carriage/block_saddle" is using the deprecated "detectCullableFaces" field in its OBJ model instead of "automatic_culling". This field will be removed in 1.20.
[10:48:41] [Render thread/WARN]: Model "createbigcannons:block/cannon_carriage/block_saddle" is using the deprecated "flip-v" field in its OBJ model instead of "flip_v". This field will be removed in 1.20.
[10:48:41] [Render thread/WARN]: Model "createbigcannons:block/cannon_carriage/block_saddle" is using the deprecated "detectCullableFaces" field in its OBJ model instead of "automatic_culling". This field will be removed in 1.20.
[10:48:41] [Render thread/WARN]: Model "createbigcannons:block/cannon_carriage/block_saddle" is using the deprecated "flip-v" field in its OBJ model instead of "flip_v". This field will be removed in 1.20.
[10:48:41] [Render thread/WARN]: Model "createbigcannons:cannon_carriage#inventory" is using the deprecated "detectCullableFaces" field in its OBJ model instead of "automatic_culling". This field will be removed in 1.20.
[10:48:41] [Render thread/WARN]: Model "createbigcannons:cannon_carriage#inventory" is using the deprecated "flip-v" field in its OBJ model instead of "flip_v". This field will be removed in 1.20.
[10:48:41] [Render thread/WARN]: Model "createbigcannons:block/cannon_carriage/carriage_wheel" is using the deprecated "detectCullableFaces" field in its OBJ model instead of "automatic_culling". This field will be removed in 1.20.
[10:48:41] [Render thread/WARN]: Model "createbigcannons:block/cannon_carriage/carriage_wheel" is using the deprecated "flip-v" field in its OBJ model instead of "flip_v". This field will be removed in 1.20.
[10:48:41] [Forge Version Check/INFO]: [betterf3] Found status: UP_TO_DATE Current: 4.0.1 Target: null
[10:48:41] [Forge Version Check/INFO]: [majruszsenchantments] Starting version check at https://raw.githubusercontent.com/Majrusz/MinecraftCommon/main/Enchantments/update.json
[10:48:41] [Forge Version Check/INFO]: [majruszsenchantments] Found status: AHEAD Current: 1.10.7-backport.1 Target: null
[10:48:41] [Forge Version Check/INFO]: [mr_skippy_pearls] Starting version check at https://api.modrinth.com/updates/KM7gMSY1/forge_updates.json
[10:48:41] [Render thread/WARN]: Unable to bake model: 'alloyed:steel_sheet_vertical_slab#fluidlogged=1,type=bottom,waterlogged=true': java.lang.RuntimeException: Unknown property 'facing' on 'Block{alloyed:steel_sheet_vertical_slab}'
[10:48:41] [Render thread/WARN]: Unable to bake model: 'alloyed:steel_sheet_vertical_slab#fluidlogged=0,type=double,waterlogged=true': java.lang.RuntimeException: Unknown property 'facing' on 'Block{alloyed:steel_sheet_vertical_slab}'
[10:48:41] [Render thread/WARN]: Unable to bake model: 'alloyed:steel_sheet_vertical_slab#fluidlogged=0,type=top,waterlogged=false': java.lang.RuntimeException: Unknown property 'facing' on 'Block{alloyed:steel_sheet_vertical_slab}'
[10:48:41] [Render thread/WARN]: Model "createbigcannons:block/cannon_carriage/block_saddle" is using the deprecated "detectCullableFaces" field in its OBJ model instead of "automatic_culling". This field will be removed in 1.20.
[10:48:41] [Render thread/WARN]: Model "createbigcannons:block/cannon_carriage/block_saddle" is using the deprecated "flip-v" field in its OBJ model instead of "flip_v". This field will be removed in 1.20.
[10:48:41] [Render thread/WARN]: Unable to bake model: 'alloyed:steel_sheet_vertical_slab#fluidlogged=0,type=top,waterlogged=true': java.lang.RuntimeException: Unknown property 'facing' on 'Block{alloyed:steel_sheet_vertical_slab}'
[10:48:41] [Render thread/WARN]: Unable to bake model: 'alloyed:steel_sheet_vertical_slab#fluidlogged=1,type=top,waterlogged=false': java.lang.RuntimeException: Unknown property 'facing' on 'Block{alloyed:steel_sheet_vertical_slab}'
[10:48:41] [Render thread/WARN]: Unable to bake model: 'alloyed:steel_sheet_vertical_slab#fluidlogged=1,type=top,waterlogged=true': java.lang.RuntimeException: Unknown property 'facing' on 'Block{alloyed:steel_sheet_vertical_slab}'
[10:48:41] [Render thread/WARN]: Model "createbigcannons:block/cannon_carriage/block" is using the deprecated "detectCullableFaces" field in its OBJ model instead of "automatic_culling". This field will be removed in 1.20.
[10:48:41] [Render thread/WARN]: Model "createbigcannons:block/cannon_carriage/block" is using the deprecated "flip-v" field in its OBJ model instead of "flip_v". This field will be removed in 1.20.
[10:48:41] [Render thread/WARN]: Unable to bake model: 'alloyed:steel_sheet_vertical_slab#fluidlogged=0,type=double,waterlogged=false': java.lang.RuntimeException: Unknown property 'facing' on 'Block{alloyed:steel_sheet_vertical_slab}'
[10:48:42] [Forge Version Check/INFO]: [mr_skippy_pearls] Found status: OUTDATED Current: 1.4 Target: 1.4+Mod
[10:48:42] [Render thread/WARN]: Unable to bake model: 'alloyed:steel_sheet_vertical_slab#fluidlogged=0,type=bottom,waterlogged=true': java.lang.RuntimeException: Unknown property 'facing' on 'Block{alloyed:steel_sheet_vertical_slab}'
[10:48:42] [Render thread/WARN]: Unable to bake model: 'alloyed:steel_sheet_vertical_slab#fluidlogged=0,type=bottom,waterlogged=false': java.lang.RuntimeException: Unknown property 'facing' on 'Block{alloyed:steel_sheet_vertical_slab}'
[10:48:42] [Render thread/WARN]: Model "createbigcannons:block/cannon_carriage/block" is using the deprecated "detectCullableFaces" field in its OBJ model instead of "automatic_culling". This field will be removed in 1.20.
[10:48:42] [Render thread/WARN]: Model "createbigcannons:block/cannon_carriage/block" is using the deprecated "flip-v" field in its OBJ model instead of "flip_v". This field will be removed in 1.20.
[10:48:42] [Render thread/WARN]: Model "createbigcannons:block/cannon_carriage/block" is using the deprecated "detectCullableFaces" field in its OBJ model instead of "automatic_culling". This field will be removed in 1.20.
[10:48:42] [Render thread/WARN]: Model "createbigcannons:block/cannon_carriage/block" is using the deprecated "flip-v" field in its OBJ model instead of "flip_v". This field will be removed in 1.20.
[10:48:42] [Render thread/WARN]: Unable to bake model: 'alloyed:steel_mesh_fence#': java.lang.RuntimeException: Unknown property 'north' on 'Block{alloyed:steel_mesh_fence}'
[10:48:42] [Render thread/INFO]: Dispatching Module Step MODEL_BAKE
[10:48:43] [Render thread/INFO]: emissive suffixes loaded: {_e}.
[10:48:45] [Render thread/WARN]: Could not apply pet overlays layer to untitledduckmod:duck, has custom renderer that is not LivingEntityRenderer.
[10:48:45] [Render thread/WARN]: Could not apply pet overlays layer to untitledduckmod:goose, has custom renderer that is not LivingEntityRenderer.
[10:48:45] [Render thread/WARN]: Could not apply pet overlays layer to untitledduckmod:duck, has custom renderer that is not LivingEntityRenderer.
[10:48:45] [Render thread/WARN]: Could not apply pet overlays layer to untitledduckmod:goose, has custom renderer that is not LivingEntityRenderer.
[10:48:45] [Render thread/INFO]: Dispatching Module Step MODEL_LAYERS
[10:48:45] [Render thread/WARN]: Shader rendertype_entity_translucent_emissive could not find sampler named Sampler2 in the specified shader program.
[10:48:45] [Render thread/WARN]: Shader cofh_core:particle_over could not find sampler named Sampler2 in the specified shader program.
[10:48:45] [Render thread/WARN]: Shader cofh_core:particle_add could not find sampler named Sampler2 in the specified shader program.
[10:48:45] [Render thread/WARN]: Shader cofh_core:particle_screen could not find sampler named Sampler2 in the specified shader program.
[10:48:45] [Render thread/INFO]: Created: 2048x1024x0 minecraft:textures/atlas/particles.png-atlas
[10:48:45] [Render thread/INFO]: Dispatching Module Step POST_TEXTURE_STITCH
[10:48:45] [Render thread/INFO]: Created: 512x512x0 minecraft:textures/atlas/paintings.png-atlas
[10:48:45] [Render thread/INFO]: Dispatching Module Step POST_TEXTURE_STITCH
[10:48:45] [Render thread/INFO]: Created: 512x512x0 minecraft:textures/atlas/mob_effects.png-atlas
[10:48:45] [Render thread/INFO]: Dispatching Module Step POST_TEXTURE_STITCH
[10:48:45] [Render thread/INFO]: Created: 512x512x0 jei:textures/atlas/gui.png-atlas
[10:48:45] [Render thread/INFO]: Dispatching Module Step POST_TEXTURE_STITCH
[10:48:45] [Render thread/INFO]: Successfully reloaded the minimap shaders!
[10:48:45] [Render thread/INFO]: Successfully reloaded the world map shaders!
[10:48:45] [Render thread/INFO]: Blueprint Splash Manager has loaded 0 splashes
[10:48:45] [Render thread/INFO]: [FANCYMENU] Reloading resources..
[10:48:45] [Render thread/INFO]: [FANCYMENU] Pre-loading resources..
[10:48:45] [Render thread/INFO]: reloading ETF data.
[10:48:45] [Render thread/INFO]: emissive suffixes loaded: {_e}.
[10:48:45] [Render thread/INFO]: [FANCYMENU] Minecraft resource reload: FINISHED
[10:48:45] [Render thread/INFO]: Loaded config for: clickadv.json
[10:48:45] [Render thread/INFO]: Loaded config for: connectivity.json
[10:48:45] [Render thread/INFO]: [FANCYMENU] ScreenCustomizationLayer registered: title_screen
[10:48:45] [Render thread/INFO]: Lightspeed: Launch took 66s
[10:48:46] [Render thread/INFO]: Dispatching Module Step FIRST_CLIENT_TICK
[10:48:47] [Render thread/ERROR]: Signature is missing from textures payload
[10:48:47] [Render thread/WARN]: Shader cabb2374eda405e66b897908637abd1da5deac52 could not find uniform named subpixel_amount in the specified shader program.
[10:48:47] [Render thread/INFO]: Mixing server.MixinServerboundChatPacket from nochatreports.mixins.json into net.minecraft.network.protocol.game.ServerboundChatPacket
[10:48:47] [Render thread/INFO]: Mixing client.MixinClientboundHelloPacket from nochatreports.mixins.json into net.minecraft.network.protocol.login.ClientboundHelloPacket
[10:48:47] [Render thread/INFO]: Mixing client.MixinClientTelemetryManager from nochatreports.mixins.json into net.minecraft.client.ClientTelemetryManager
[10:48:47] [Render thread/INFO]: Canceling Microsoft telemetry
[10:48:48] [Render thread/WARN]: defineId called for: class net.minecraft.world.entity.player.Player from class tschipp.carryon.common.carry.CarryOnDataManager
[10:48:48] [Render thread/ERROR]: Signature is missing from textures payload
[10:48:48] [Render thread/ERROR]: Error rendering cape for fallback player
java.lang.NullPointerException: Cannot invoke "net.minecraft.client.multiplayer.ClientPacketListener.m_104949_(java.util.UUID)" because the return value of "net.minecraft.client.Minecraft.m_91403_()" is null
	at net.minecraft.client.player.AbstractClientPlayer.m_5833_(AbstractClientPlayer.java:45) ~[client-1.19.2-20220805.130853-srg.jar%23740!/:?]
	at gg.essential.cosmetics.EssentialModelRenderer.shouldRender(EssentialModelRenderer.java:79) ~[Essential%20(forge_1.19.2).jar%23862!/:?]
	at net.minecraft.client.player.AbstractClientPlayer.handler$hmp000$overrideCapeIfSelectedInEssential(AbstractClientPlayer.java:1755) ~[client-1.19.2-20220805.130853-srg.jar%23740!/:?]
	at net.minecraft.client.player.AbstractClientPlayer.m_108561_(AbstractClientPlayer.java) ~[client-1.19.2-20220805.130853-srg.jar%23740!/:?]
	at gg.essential.gui.common.EmulatedUI3DPlayer$initPlayer$1$player$1.m_108561_(EmulatedUI3DPlayer.kt:183) ~[Essential%20(forge_1.19.2).jar%23862!/:?]
	at gg.essential.gui.common.UI3DPlayer$FallbackPlayer.getThirdPartyCape(UI3DPlayer.kt:1066) ~[Essential%20(forge_1.19.2).jar%23862!/:?]
	at gg.essential.gui.common.UI3DPlayer$FallbackPlayer.render(UI3DPlayer.kt:1001) ~[Essential%20(forge_1.19.2).jar%23862!/:?]
	at gg.essential.gui.common.UI3DPlayer.doDrawFallbackPlayer(UI3DPlayer.kt:778) ~[Essential%20(forge_1.19.2).jar%23862!/:?]
	at gg.essential.gui.common.UI3DPlayer.drawPlayer(UI3DPlayer.kt:473) ~[Essential%20(forge_1.19.2).jar%23862!/:?]
	at gg.essential.gui.common.UI3DPlayer.access$drawPlayer(UI3DPlayer.kt:159) ~[Essential%20(forge_1.19.2).jar%23862!/:?]
	at gg.essential.gui.common.UI3DPlayer$drawWithOrthographicProjection$1.invoke(UI3DPlayer.kt:338) ~[Essential%20(forge_1.19.2).jar%23862!/:?]
	at gg.essential.gui.common.UI3DPlayer$drawWithOrthographicProjection$1.invoke(UI3DPlayer.kt:337) ~[Essential%20(forge_1.19.2).jar%23862!/:?]
	at gg.essential.universal.UMatrixStack.runWithGlobalState(UMatrixStack.kt:262) ~[Essential%20(forge_1.19.2).jar%23862!/:?]
	at gg.essential.gui.common.UI3DPlayer.drawWithOrthographicProjection(UI3DPlayer.kt:337) ~[Essential%20(forge_1.19.2).jar%23862!/:?]
	at gg.essential.gui.common.UI3DPlayer.draw(UI3DPlayer.kt:304) ~[Essential%20(forge_1.19.2).jar%23862!/:?]
	at gg.essential.gui.common.EmulatedUI3DPlayer.draw(EmulatedUI3DPlayer.kt:268) ~[Essential%20(forge_1.19.2).jar%23862!/:?]
	at gg.essential.elementa.UIComponent.draw(UIComponent.kt:549) ~[Essential%20(forge_1.19.2).jar%23862!/:?]
	at gg.essential.elementa.UIComponent$drawCompat$1.invoke(UIComponent.kt:552) ~[Essential%20(forge_1.19.2).jar%23862!/:?]
	at gg.essential.elementa.UIComponent$drawCompat$1.invoke(UIComponent.kt:552) ~[Essential%20(forge_1.19.2).jar%23862!/:?]
	at gg.essential.universal.UMatrixStack$Compat.runLegacyMethod(UMatrixStack.kt:357) ~[Essential%20(forge_1.19.2).jar%23862!/:?]
	at gg.essential.elementa.UIComponent.drawCompat(UIComponent.kt:552) ~[Essential%20(forge_1.19.2).jar%23862!/:?]
	at gg.essential.elementa.UIComponent.draw(UIComponent.kt:599) ~[Essential%20(forge_1.19.2).jar%23862!/:?]
	at gg.essential.elementa.components.UIBlock.draw(UIBlock.kt:40) ~[Essential%20(forge_1.19.2).jar%23862!/:?]
	at gg.essential.elementa.UIComponent.draw(UIComponent.kt:549) ~[Essential%20(forge_1.19.2).jar%23862!/:?]
	at gg.essential.elementa.UIComponent$drawCompat$1.invoke(UIComponent.kt:552) ~[Essential%20(forge_1.19.2).jar%23862!/:?]
	at gg.essential.elementa.UIComponent$drawCompat$1.invoke(UIComponent.kt:552) ~[Essential%20(forge_1.19.2).jar%23862!/:?]
	at gg.essential.universal.UMatrixStack$Compat.runLegacyMethod(UMatrixStack.kt:357) ~[Essential%20(forge_1.19.2).jar%23862!/:?]
	at gg.essential.elementa.UIComponent.drawCompat(UIComponent.kt:552) ~[Essential%20(forge_1.19.2).jar%23862!/:?]
	at gg.essential.elementa.UIComponent.draw(UIComponent.kt:599) ~[Essential%20(forge_1.19.2).jar%23862!/:?]
	at gg.essential.elementa.components.UIContainer.draw(UIContainer.kt:16) ~[Essential%20(forge_1.19.2).jar%23862!/:?]
	at gg.essential.elementa.UIComponent.draw(UIComponent.kt:549) ~[Essential%20(forge_1.19.2).jar%23862!/:?]
	at gg.essential.elementa.UIComponent$drawCompat$1.invoke(UIComponent.kt:552) ~[Essential%20(forge_1.19.2).jar%23862!/:?]
	at gg.essential.elementa.UIComponent$drawCompat$1.invoke(UIComponent.kt:552) ~[Essential%20(forge_1.19.2).jar%23862!/:?]
	at gg.essential.universal.UMatrixStack$Compat.runLegacyMethod(UMatrixStack.kt:357) ~[Essential%20(forge_1.19.2).jar%23862!/:?]
	at gg.essential.elementa.UIComponent.drawCompat(UIComponent.kt:552) ~[Essential%20(forge_1.19.2).jar%23862!/:?]
	at gg.essential.elementa.UIComponent.draw(UIComponent.kt:599) ~[Essential%20(forge_1.19.2).jar%23862!/:?]
	at gg.essential.elementa.components.UIContainer.draw(UIContainer.kt:16) ~[Essential%20(forge_1.19.2).jar%23862!/:?]
	at gg.essential.elementa.UIComponent.draw(UIComponent.kt:549) ~[Essential%20(forge_1.19.2).jar%23862!/:?]
	at gg.essential.elementa.UIComponent$drawCompat$1.invoke(UIComponent.kt:552) ~[Essential%20(forge_1.19.2).jar%23862!/:?]
	at gg.essential.elementa.UIComponent$drawCompat$1.invoke(UIComponent.kt:552) ~[Essential%20(forge_1.19.2).jar%23862!/:?]
	at gg.essential.universal.UMatrixStack$Compat.runLegacyMethod(UMatrixStack.kt:357) ~[Essential%20(forge_1.19.2).jar%23862!/:?]
	at gg.essential.elementa.UIComponent.drawCompat(UIComponent.kt:552) ~[Essential%20(forge_1.19.2).jar%23862!/:?]
	at gg.essential.elementa.UIComponent.draw(UIComponent.kt:599) ~[Essential%20(forge_1.19.2).jar%23862!/:?]
	at gg.essential.elementa.components.UIContainer.draw(UIContainer.kt:16) ~[Essential%20(forge_1.19.2).jar%23862!/:?]
	at gg.essential.elementa.UIComponent.draw(UIComponent.kt:549) ~[Essential%20(forge_1.19.2).jar%23862!/:?]
	at gg.essential.elementa.UIComponent$drawCompat$1.invoke(UIComponent.kt:552) ~[Essential%20(forge_1.19.2).jar%23862!/:?]
	at gg.essential.elementa.UIComponent$drawCompat$1.invoke(UIComponent.kt:552) ~[Essential%20(forge_1.19.2).jar%23862!/:?]
	at gg.essential.universal.UMatrixStack$Compat.runLegacyMethod(UMatrixStack.kt:357) ~[Essential%20(forge_1.19.2).jar%23862!/:?]
	at gg.essential.elementa.UIComponent.drawCompat(UIComponent.kt:552) ~[Essential%20(forge_1.19.2).jar%23862!/:?]
	at gg.essential.elementa.UIComponent.draw(UIComponent.kt:599) ~[Essential%20(forge_1.19.2).jar%23862!/:?]
	at gg.essential.elementa.components.Window.doDraw(Window.kt:161) ~[Essential%20(forge_1.19.2).jar%23862!/:?]
	at gg.essential.elementa.components.Window.draw(Window.kt:73) ~[Essential%20(forge_1.19.2).jar%23862!/:?]
	at gg.essential.gui.overlay.OverlayManagerImpl.handleDraw$drawLayer(OverlayManagerImpl.kt:185) ~[Essential%20(forge_1.19.2).jar%23862!/:?]
	at gg.essential.gui.overlay.OverlayManagerImpl.handleDraw(OverlayManagerImpl.kt:199) ~[Essential%20(forge_1.19.2).jar%23862!/:?]
	at gg.essential.gui.overlay.OverlayManagerImpl.handleDraw(OverlayManagerImpl.kt:169) ~[Essential%20(forge_1.19.2).jar%23862!/:?]
	at gg.essential.gui.overlay.OverlayManagerImpl.access$handleDraw(OverlayManagerImpl.kt:57) ~[Essential%20(forge_1.19.2).jar%23862!/:?]
	at gg.essential.gui.overlay.OverlayManagerImpl$Events.postDraw(OverlayManagerImpl.kt:382) ~[Essential%20(forge_1.19.2).jar%23862!/:?]
	at gg.essential.gui.overlay.OverlayManagerImpl$Events.handleDraw(OverlayManagerImpl.kt:467) ~[Essential%20(forge_1.19.2).jar%23862!/:?]
	at gg.essential.lib.kbrewster.eventbus.EventBus$Subscriber.invoke(eventbus.kt:29) ~[Essential%20(forge_1.19.2).jar%23862!/:?]
	at gg.essential.util.EventBus.post(eventbus.kt:131) ~[Essential%20(forge_1.19.2).jar%23862!/:?]
	at gg.essential.mixins.impl.client.gui.GuiScreenHook.drawScreen(GuiScreenHook.java:108) ~[Essential%20(forge_1.19.2).jar%23862!/:?]
	at net.minecraft.client.gui.screens.Screen.handler$hoe000$drawScreenPost(Screen.java:10316) ~[client-1.19.2-20220805.130853-srg.jar%23740!/:?]
	at net.minecraft.client.gui.screens.Screen.m_6305_(Screen.java:106) ~[client-1.19.2-20220805.130853-srg.jar%23740!/:?]
	at net.minecraft.client.gui.screens.TitleScreen.m_6305_(TitleScreen.java:357) ~[client-1.19.2-20220805.130853-srg.jar%23740!/:?]
	at net.minecraft.client.gui.screens.LoadingOverlay.mixinextras$bridge$m_6305_$14(LoadingOverlay.java) ~[client-1.19.2-20220805.130853-srg.jar%23740!/:?]
	at net.minecraft.client.gui.screens.LoadingOverlay.wrapOperation$ick000$wrapDrawScreen(LoadingOverlay.java:1569) ~[client-1.19.2-20220805.130853-srg.jar%23740!/:?]
	at net.minecraft.client.gui.screens.LoadingOverlay.m_6305_(LoadingOverlay.java:79) ~[client-1.19.2-20220805.130853-srg.jar%23740!/:?]
	at net.minecraft.client.renderer.GameRenderer.m_109093_(GameRenderer.java:885) ~[client-1.19.2-20220805.130853-srg.jar%23740!/:?]
	at net.minecraft.client.Minecraft.m_91383_(Minecraft.java:1115) ~[client-1.19.2-20220805.130853-srg.jar%23740!/:?]
	at net.minecraft.client.Minecraft.m_91374_(Minecraft.java:700) ~[client-1.19.2-20220805.130853-srg.jar%23740!/:?]
	at net.minecraft.client.main.Main.m_239872_(Main.java:212) ~[1.19.2-43.5.1.jar:?]
	at net.minecraft.client.main.Main.main(Main.java:51) ~[1.19.2-43.5.1.jar:?]
	at jdk.internal.reflect.NativeMethodAccessorImpl.invoke0(Native Method) ~[?:?]
	at jdk.internal.reflect.NativeMethodAccessorImpl.invoke(Unknown Source) ~[?:?]
	at jdk.internal.reflect.DelegatingMethodAccessorImpl.invoke(Unknown Source) ~[?:?]
	at java.lang.reflect.Method.invoke(Unknown Source) ~[?:?]
	at net.minecraftforge.fml.loading.targets.CommonClientLaunchHandler.lambda$launchService$0(CommonClientLaunchHandler.java:27) ~[fmlloader-1.19.2-43.5.1.jar:?]
	at cpw.mods.modlauncher.LaunchServiceHandlerDecorator.launch(LaunchServiceHandlerDecorator.java:30) ~[modlauncher-10.0.8.jar:?]
	at cpw.mods.modlauncher.LaunchServiceHandler.launch(LaunchServiceHandler.java:53) ~[modlauncher-10.0.8.jar:?]
	at cpw.mods.modlauncher.LaunchServiceHandler.launch(LaunchServiceHandler.java:71) ~[modlauncher-10.0.8.jar:?]
	at cpw.mods.modlauncher.Launcher.run(Launcher.java:106) ~[modlauncher-10.0.8.jar:?]
	at cpw.mods.modlauncher.Launcher.main(Launcher.java:77) ~[modlauncher-10.0.8.jar:?]
	at cpw.mods.modlauncher.BootstrapLaunchConsumer.accept(BootstrapLaunchConsumer.java:26) ~[modlauncher-10.0.8.jar:?]
	at cpw.mods.modlauncher.BootstrapLaunchConsumer.accept(BootstrapLaunchConsumer.java:23) ~[modlauncher-10.0.8.jar:?]
	at cpw.mods.bootstraplauncher.BootstrapLauncher.main(BootstrapLauncher.java:141) ~[bootstraplauncher-1.1.2.jar:?]
	at jdk.internal.reflect.NativeMethodAccessorImpl.invoke0(Native Method) ~[?:?]
	at jdk.internal.reflect.NativeMethodAccessorImpl.invoke(Unknown Source) ~[?:?]
	at jdk.internal.reflect.DelegatingMethodAccessorImpl.invoke(Unknown Source) ~[?:?]
	at java.lang.reflect.Method.invoke(Unknown Source) ~[?:?]
	at com.modrinth.theseus.MinecraftLaunch.relaunch(MinecraftLaunch.java:63) ~[theseus.jar%2379!/:?]
	at com.modrinth.theseus.MinecraftLaunch.main(MinecraftLaunch.java:28) ~[theseus.jar%2379!/:?]
[10:48:48] [Render thread/ERROR]: Lock repository loaded is null...
[10:48:48] [Render thread/WARN]: Game took 69.113 seconds to start
[10:48:52] [Render thread/ERROR]: Signature is missing from textures payload
[10:48:52] [Render thread/ERROR]: Signature is missing from textures payload
[10:48:52] [Render thread/ERROR]: Error rendering cape for fallback player
java.lang.NullPointerException: Cannot invoke "net.minecraft.client.multiplayer.ClientPacketListener.m_104949_(java.util.UUID)" because the return value of "net.minecraft.client.Minecraft.m_91403_()" is null
	at net.minecraft.client.player.AbstractClientPlayer.m_5833_(AbstractClientPlayer.java:45) ~[client-1.19.2-20220805.130853-srg.jar%23740!/:?]
	at gg.essential.cosmetics.EssentialModelRenderer.shouldRender(EssentialModelRenderer.java:79) ~[Essential%20(forge_1.19.2).jar%23862!/:?]
	at net.minecraft.client.player.AbstractClientPlayer.handler$hmp000$overrideCapeIfSelectedInEssential(AbstractClientPlayer.java:1755) ~[client-1.19.2-20220805.130853-srg.jar%23740!/:?]
	at net.minecraft.client.player.AbstractClientPlayer.m_108561_(AbstractClientPlayer.java) ~[client-1.19.2-20220805.130853-srg.jar%23740!/:?]
	at gg.essential.gui.common.EmulatedUI3DPlayer$initPlayer$1$player$1.m_108561_(EmulatedUI3DPlayer.kt:183) ~[Essential%20(forge_1.19.2).jar%23862!/:?]
	at gg.essential.gui.common.UI3DPlayer$FallbackPlayer.getThirdPartyCape(UI3DPlayer.kt:1066) ~[Essential%20(forge_1.19.2).jar%23862!/:?]
	at gg.essential.gui.common.UI3DPlayer$FallbackPlayer.render(UI3DPlayer.kt:1001) ~[Essential%20(forge_1.19.2).jar%23862!/:?]
	at gg.essential.gui.common.UI3DPlayer.doDrawFallbackPlayer(UI3DPlayer.kt:778) ~[Essential%20(forge_1.19.2).jar%23862!/:?]
	at gg.essential.gui.common.UI3DPlayer.drawPlayer(UI3DPlayer.kt:473) ~[Essential%20(forge_1.19.2).jar%23862!/:?]
	at gg.essential.gui.common.UI3DPlayer.access$drawPlayer(UI3DPlayer.kt:159) ~[Essential%20(forge_1.19.2).jar%23862!/:?]
	at gg.essential.gui.common.UI3DPlayer$drawWithOrthographicProjection$1.invoke(UI3DPlayer.kt:338) ~[Essential%20(forge_1.19.2).jar%23862!/:?]
	at gg.essential.gui.common.UI3DPlayer$drawWithOrthographicProjection$1.invoke(UI3DPlayer.kt:337) ~[Essential%20(forge_1.19.2).jar%23862!/:?]
	at gg.essential.universal.UMatrixStack.runWithGlobalState(UMatrixStack.kt:262) ~[Essential%20(forge_1.19.2).jar%23862!/:?]
	at gg.essential.gui.common.UI3DPlayer.drawWithOrthographicProjection(UI3DPlayer.kt:337) ~[Essential%20(forge_1.19.2).jar%23862!/:?]
	at gg.essential.gui.common.UI3DPlayer.draw(UI3DPlayer.kt:304) ~[Essential%20(forge_1.19.2).jar%23862!/:?]
	at gg.essential.gui.common.EmulatedUI3DPlayer.draw(EmulatedUI3DPlayer.kt:268) ~[Essential%20(forge_1.19.2).jar%23862!/:?]
	at gg.essential.elementa.UIComponent.draw(UIComponent.kt:549) ~[Essential%20(forge_1.19.2).jar%23862!/:?]
	at gg.essential.elementa.UIComponent$drawCompat$1.invoke(UIComponent.kt:552) ~[Essential%20(forge_1.19.2).jar%23862!/:?]
	at gg.essential.elementa.UIComponent$drawCompat$1.invoke(UIComponent.kt:552) ~[Essential%20(forge_1.19.2).jar%23862!/:?]
	at gg.essential.universal.UMatrixStack$Compat.runLegacyMethod(UMatrixStack.kt:357) ~[Essential%20(forge_1.19.2).jar%23862!/:?]
	at gg.essential.elementa.UIComponent.drawCompat(UIComponent.kt:552) ~[Essential%20(forge_1.19.2).jar%23862!/:?]
	at gg.essential.elementa.UIComponent.draw(UIComponent.kt:599) ~[Essential%20(forge_1.19.2).jar%23862!/:?]
	at gg.essential.elementa.components.UIBlock.draw(UIBlock.kt:40) ~[Essential%20(forge_1.19.2).jar%23862!/:?]
	at gg.essential.elementa.UIComponent.draw(UIComponent.kt:549) ~[Essential%20(forge_1.19.2).jar%23862!/:?]
	at gg.essential.elementa.UIComponent$drawCompat$1.invoke(UIComponent.kt:552) ~[Essential%20(forge_1.19.2).jar%23862!/:?]
	at gg.essential.elementa.UIComponent$drawCompat$1.invoke(UIComponent.kt:552) ~[Essential%20(forge_1.19.2).jar%23862!/:?]
	at gg.essential.universal.UMatrixStack$Compat.runLegacyMethod(UMatrixStack.kt:357) ~[Essential%20(forge_1.19.2).jar%23862!/:?]
	at gg.essential.elementa.UIComponent.drawCompat(UIComponent.kt:552) ~[Essential%20(forge_1.19.2).jar%23862!/:?]
	at gg.essential.elementa.UIComponent.draw(UIComponent.kt:599) ~[Essential%20(forge_1.19.2).jar%23862!/:?]
	at gg.essential.elementa.components.UIContainer.draw(UIContainer.kt:16) ~[Essential%20(forge_1.19.2).jar%23862!/:?]
	at gg.essential.elementa.UIComponent.draw(UIComponent.kt:549) ~[Essential%20(forge_1.19.2).jar%23862!/:?]
	at gg.essential.elementa.UIComponent$drawCompat$1.invoke(UIComponent.kt:552) ~[Essential%20(forge_1.19.2).jar%23862!/:?]
	at gg.essential.elementa.UIComponent$drawCompat$1.invoke(UIComponent.kt:552) ~[Essential%20(forge_1.19.2).jar%23862!/:?]
	at gg.essential.universal.UMatrixStack$Compat.runLegacyMethod(UMatrixStack.kt:357) ~[Essential%20(forge_1.19.2).jar%23862!/:?]
	at gg.essential.elementa.UIComponent.drawCompat(UIComponent.kt:552) ~[Essential%20(forge_1.19.2).jar%23862!/:?]
	at gg.essential.elementa.UIComponent.draw(UIComponent.kt:599) ~[Essential%20(forge_1.19.2).jar%23862!/:?]
	at gg.essential.elementa.components.UIContainer.draw(UIContainer.kt:16) ~[Essential%20(forge_1.19.2).jar%23862!/:?]
	at gg.essential.elementa.UIComponent.draw(UIComponent.kt:549) ~[Essential%20(forge_1.19.2).jar%23862!/:?]
	at gg.essential.elementa.UIComponent$drawCompat$1.invoke(UIComponent.kt:552) ~[Essential%20(forge_1.19.2).jar%23862!/:?]
	at gg.essential.elementa.UIComponent$drawCompat$1.invoke(UIComponent.kt:552) ~[Essential%20(forge_1.19.2).jar%23862!/:?]
	at gg.essential.universal.UMatrixStack$Compat.runLegacyMethod(UMatrixStack.kt:357) ~[Essential%20(forge_1.19.2).jar%23862!/:?]
	at gg.essential.elementa.UIComponent.drawCompat(UIComponent.kt:552) ~[Essential%20(forge_1.19.2).jar%23862!/:?]
	at gg.essential.elementa.UIComponent.draw(UIComponent.kt:599) ~[Essential%20(forge_1.19.2).jar%23862!/:?]
	at gg.essential.elementa.components.UIContainer.draw(UIContainer.kt:16) ~[Essential%20(forge_1.19.2).jar%23862!/:?]
	at gg.essential.elementa.UIComponent.draw(UIComponent.kt:549) ~[Essential%20(forge_1.19.2).jar%23862!/:?]
	at gg.essential.elementa.UIComponent$drawCompat$1.invoke(UIComponent.kt:552) ~[Essential%20(forge_1.19.2).jar%23862!/:?]
	at gg.essential.elementa.UIComponent$drawCompat$1.invoke(UIComponent.kt:552) ~[Essential%20(forge_1.19.2).jar%23862!/:?]
	at gg.essential.universal.UMatrixStack$Compat.runLegacyMethod(UMatrixStack.kt:357) ~[Essential%20(forge_1.19.2).jar%23862!/:?]
	at gg.essential.elementa.UIComponent.drawCompat(UIComponent.kt:552) ~[Essential%20(forge_1.19.2).jar%23862!/:?]
	at gg.essential.elementa.UIComponent.draw(UIComponent.kt:599) ~[Essential%20(forge_1.19.2).jar%23862!/:?]
	at gg.essential.elementa.components.Window.doDraw(Window.kt:161) ~[Essential%20(forge_1.19.2).jar%23862!/:?]
	at gg.essential.elementa.components.Window.draw(Window.kt:73) ~[Essential%20(forge_1.19.2).jar%23862!/:?]
	at gg.essential.gui.overlay.OverlayManagerImpl.handleDraw$drawLayer(OverlayManagerImpl.kt:185) ~[Essential%20(forge_1.19.2).jar%23862!/:?]
	at gg.essential.gui.overlay.OverlayManagerImpl.handleDraw(OverlayManagerImpl.kt:199) ~[Essential%20(forge_1.19.2).jar%23862!/:?]
	at gg.essential.gui.overlay.OverlayManagerImpl.handleDraw(OverlayManagerImpl.kt:169) ~[Essential%20(forge_1.19.2).jar%23862!/:?]
	at gg.essential.gui.overlay.OverlayManagerImpl.access$handleDraw(OverlayManagerImpl.kt:57) ~[Essential%20(forge_1.19.2).jar%23862!/:?]
	at gg.essential.gui.overlay.OverlayManagerImpl$Events.postDraw(OverlayManagerImpl.kt:382) ~[Essential%20(forge_1.19.2).jar%23862!/:?]
	at gg.essential.gui.overlay.OverlayManagerImpl$Events.handleDraw(OverlayManagerImpl.kt:467) ~[Essential%20(forge_1.19.2).jar%23862!/:?]
	at gg.essential.lib.kbrewster.eventbus.EventBus$Subscriber.invoke(eventbus.kt:29) ~[Essential%20(forge_1.19.2).jar%23862!/:?]
	at gg.essential.util.EventBus.post(eventbus.kt:131) ~[Essential%20(forge_1.19.2).jar%23862!/:?]
	at gg.essential.mixins.impl.client.gui.GuiScreenHook.drawScreen(GuiScreenHook.java:108) ~[Essential%20(forge_1.19.2).jar%23862!/:?]
	at net.minecraft.client.gui.screens.Screen.handler$hoe000$drawScreenPost(Screen.java:10316) ~[client-1.19.2-20220805.130853-srg.jar%23740!/:?]
	at net.minecraft.client.gui.screens.Screen.m_6305_(Screen.java:106) ~[client-1.19.2-20220805.130853-srg.jar%23740!/:?]
	at net.minecraft.client.gui.screens.TitleScreen.m_6305_(TitleScreen.java:357) ~[client-1.19.2-20220805.130853-srg.jar%23740!/:?]
	at net.minecraftforge.client.ForgeHooksClient.drawScreenInternal(ForgeHooksClient.java:444) ~[forge-1.19.2-43.5.1-universal.jar%23745!/:?]
	at net.minecraftforge.client.ForgeHooksClient.drawScreen(ForgeHooksClient.java:437) ~[forge-1.19.2-43.5.1-universal.jar%23745!/:?]
	at net.minecraft.client.renderer.GameRenderer.mixinextras$bridge$drawScreen$274(GameRenderer.java) ~[client-1.19.2-20220805.130853-srg.jar%23740!/:?]
	at net.minecraft.client.renderer.GameRenderer.wrapOperation$hhh000$wrapRenderScreenFancyMenu(GameRenderer.java:11566) ~[client-1.19.2-20220805.130853-srg.jar%23740!/:?]
	at net.minecraft.client.renderer.GameRenderer.m_109093_(GameRenderer.java:896) ~[client-1.19.2-20220805.130853-srg.jar%23740!/:?]
	at net.minecraft.client.Minecraft.m_91383_(Minecraft.java:1115) ~[client-1.19.2-20220805.130853-srg.jar%23740!/:?]
	at net.minecraft.client.Minecraft.m_91374_(Minecraft.java:700) ~[client-1.19.2-20220805.130853-srg.jar%23740!/:?]
	at net.minecraft.client.main.Main.m_239872_(Main.java:212) ~[1.19.2-43.5.1.jar:?]
	at net.minecraft.client.main.Main.main(Main.java:51) ~[1.19.2-43.5.1.jar:?]
	at jdk.internal.reflect.NativeMethodAccessorImpl.invoke0(Native Method) ~[?:?]
	at jdk.internal.reflect.NativeMethodAccessorImpl.invoke(Unknown Source) ~[?:?]
	at jdk.internal.reflect.DelegatingMethodAccessorImpl.invoke(Unknown Source) ~[?:?]
	at java.lang.reflect.Method.invoke(Unknown Source) ~[?:?]
	at net.minecraftforge.fml.loading.targets.CommonClientLaunchHandler.lambda$launchService$0(CommonClientLaunchHandler.java:27) ~[fmlloader-1.19.2-43.5.1.jar:?]
	at cpw.mods.modlauncher.LaunchServiceHandlerDecorator.launch(LaunchServiceHandlerDecorator.java:30) ~[modlauncher-10.0.8.jar:?]
	at cpw.mods.modlauncher.LaunchServiceHandler.launch(LaunchServiceHandler.java:53) ~[modlauncher-10.0.8.jar:?]
	at cpw.mods.modlauncher.LaunchServiceHandler.launch(LaunchServiceHandler.java:71) ~[modlauncher-10.0.8.jar:?]
	at cpw.mods.modlauncher.Launcher.run(Launcher.java:106) ~[modlauncher-10.0.8.jar:?]
	at cpw.mods.modlauncher.Launcher.main(Launcher.java:77) ~[modlauncher-10.0.8.jar:?]
	at cpw.mods.modlauncher.BootstrapLaunchConsumer.accept(BootstrapLaunchConsumer.java:26) ~[modlauncher-10.0.8.jar:?]
	at cpw.mods.modlauncher.BootstrapLaunchConsumer.accept(BootstrapLaunchConsumer.java:23) ~[modlauncher-10.0.8.jar:?]
	at cpw.mods.bootstraplauncher.BootstrapLauncher.main(BootstrapLauncher.java:141) ~[bootstraplauncher-1.1.2.jar:?]
	at jdk.internal.reflect.NativeMethodAccessorImpl.invoke0(Native Method) ~[?:?]
	at jdk.internal.reflect.NativeMethodAccessorImpl.invoke(Unknown Source) ~[?:?]
	at jdk.internal.reflect.DelegatingMethodAccessorImpl.invoke(Unknown Source) ~[?:?]
	at java.lang.reflect.Method.invoke(Unknown Source) ~[?:?]
	at com.modrinth.theseus.MinecraftLaunch.relaunch(MinecraftLaunch.java:63) ~[theseus.jar%2379!/:?]
	at com.modrinth.theseus.MinecraftLaunch.main(MinecraftLaunch.java:28) ~[theseus.jar%2379!/:?]
[10:48:55] [Render thread/INFO]: [FANCYMENU] ScreenCustomizationLayer registered: gg.essential.gui.friends.SocialMenu
[10:48:58] [CraftPresence/INFO]: [DEBUG] Searching for IPC Pipe: "/var/folders/9j/55k670qj0nj5n3m7lwbfds180000gn/T//discord-ipc-0"
[10:48:58] [CraftPresence/INFO]: [DEBUG] Unable to locate IPC Pipe: "/var/folders/9j/55k670qj0nj5n3m7lwbfds180000gn/T//discord-ipc-0"
[10:48:58] [CraftPresence/INFO]: [DEBUG] Searching for IPC Pipe: "/var/folders/9j/55k670qj0nj5n3m7lwbfds180000gn/T//discord-ipc-1"
[10:48:58] [CraftPresence/INFO]: [DEBUG] Unable to locate IPC Pipe: "/var/folders/9j/55k670qj0nj5n3m7lwbfds180000gn/T//discord-ipc-1"
[10:48:58] [CraftPresence/INFO]: [DEBUG] Searching for IPC Pipe: "/var/folders/9j/55k670qj0nj5n3m7lwbfds180000gn/T//discord-ipc-2"
[10:48:58] [CraftPresence/INFO]: [DEBUG] Unable to locate IPC Pipe: "/var/folders/9j/55k670qj0nj5n3m7lwbfds180000gn/T//discord-ipc-2"
[10:48:58] [CraftPresence/INFO]: [DEBUG] Searching for IPC Pipe: "/var/folders/9j/55k670qj0nj5n3m7lwbfds180000gn/T//discord-ipc-3"
[10:48:58] [CraftPresence/INFO]: [DEBUG] Unable to locate IPC Pipe: "/var/folders/9j/55k670qj0nj5n3m7lwbfds180000gn/T//discord-ipc-3"
[10:48:58] [CraftPresence/INFO]: [DEBUG] Searching for IPC Pipe: "/var/folders/9j/55k670qj0nj5n3m7lwbfds180000gn/T//discord-ipc-4"
[10:48:58] [CraftPresence/INFO]: [DEBUG] Unable to locate IPC Pipe: "/var/folders/9j/55k670qj0nj5n3m7lwbfds180000gn/T//discord-ipc-4"
[10:48:58] [CraftPresence/INFO]: [DEBUG] Searching for IPC Pipe: "/var/folders/9j/55k670qj0nj5n3m7lwbfds180000gn/T//discord-ipc-5"
[10:48:58] [CraftPresence/INFO]: [DEBUG] Unable to locate IPC Pipe: "/var/folders/9j/55k670qj0nj5n3m7lwbfds180000gn/T//discord-ipc-5"
[10:48:58] [CraftPresence/INFO]: [DEBUG] Searching for IPC Pipe: "/var/folders/9j/55k670qj0nj5n3m7lwbfds180000gn/T//discord-ipc-6"
[10:48:58] [CraftPresence/INFO]: [DEBUG] Unable to locate IPC Pipe: "/var/folders/9j/55k670qj0nj5n3m7lwbfds180000gn/T//discord-ipc-6"
[10:48:58] [CraftPresence/INFO]: [DEBUG] Searching for IPC Pipe: "/var/folders/9j/55k670qj0nj5n3m7lwbfds180000gn/T//discord-ipc-7"
[10:48:58] [CraftPresence/INFO]: [DEBUG] Unable to locate IPC Pipe: "/var/folders/9j/55k670qj0nj5n3m7lwbfds180000gn/T//discord-ipc-7"
[10:48:58] [CraftPresence/INFO]: [DEBUG] Searching for IPC Pipe: "/var/folders/9j/55k670qj0nj5n3m7lwbfds180000gn/T//discord-ipc-8"
[10:48:58] [CraftPresence/INFO]: [DEBUG] Unable to locate IPC Pipe: "/var/folders/9j/55k670qj0nj5n3m7lwbfds180000gn/T//discord-ipc-8"
[10:48:58] [CraftPresence/INFO]: [DEBUG] Searching for IPC Pipe: "/var/folders/9j/55k670qj0nj5n3m7lwbfds180000gn/T//discord-ipc-9"
[10:48:58] [CraftPresence/INFO]: [DEBUG] Unable to locate IPC Pipe: "/var/folders/9j/55k670qj0nj5n3m7lwbfds180000gn/T//discord-ipc-9"
[10:48:58] [CraftPresence/INFO]: Attempting to connect to Discord (8/10)...
[10:48:58] [CraftPresence/INFO]: [DEBUG] Attempting connection in: 24005ms
[10:48:59] [Render thread/ERROR]: Signature is missing from textures payload
[10:48:59] [Render thread/ERROR]: Signature is missing from textures payload
[10:48:59] [Render thread/ERROR]: Error rendering cape for fallback player
java.lang.NullPointerException: Cannot invoke "net.minecraft.client.multiplayer.ClientPacketListener.m_104949_(java.util.UUID)" because the return value of "net.minecraft.client.Minecraft.m_91403_()" is null
	at net.minecraft.client.player.AbstractClientPlayer.m_5833_(AbstractClientPlayer.java:45) ~[client-1.19.2-20220805.130853-srg.jar%23740!/:?]
	at gg.essential.cosmetics.EssentialModelRenderer.shouldRender(EssentialModelRenderer.java:79) ~[Essential%20(forge_1.19.2).jar%23862!/:?]
	at net.minecraft.client.player.AbstractClientPlayer.handler$hmp000$overrideCapeIfSelectedInEssential(AbstractClientPlayer.java:1755) ~[client-1.19.2-20220805.130853-srg.jar%23740!/:?]
	at net.minecraft.client.player.AbstractClientPlayer.m_108561_(AbstractClientPlayer.java) ~[client-1.19.2-20220805.130853-srg.jar%23740!/:?]
	at gg.essential.gui.common.EmulatedUI3DPlayer$initPlayer$1$player$1.m_108561_(EmulatedUI3DPlayer.kt:183) ~[Essential%20(forge_1.19.2).jar%23862!/:?]
	at gg.essential.gui.common.UI3DPlayer$FallbackPlayer.getThirdPartyCape(UI3DPlayer.kt:1066) ~[Essential%20(forge_1.19.2).jar%23862!/:?]
	at gg.essential.gui.common.UI3DPlayer$FallbackPlayer.render(UI3DPlayer.kt:1001) ~[Essential%20(forge_1.19.2).jar%23862!/:?]
	at gg.essential.gui.common.UI3DPlayer.doDrawFallbackPlayer(UI3DPlayer.kt:778) ~[Essential%20(forge_1.19.2).jar%23862!/:?]
	at gg.essential.gui.common.UI3DPlayer.drawPlayer(UI3DPlayer.kt:473) ~[Essential%20(forge_1.19.2).jar%23862!/:?]
	at gg.essential.gui.common.UI3DPlayer.access$drawPlayer(UI3DPlayer.kt:159) ~[Essential%20(forge_1.19.2).jar%23862!/:?]
	at gg.essential.gui.common.UI3DPlayer$drawWithOrthographicProjection$1.invoke(UI3DPlayer.kt:338) ~[Essential%20(forge_1.19.2).jar%23862!/:?]
	at gg.essential.gui.common.UI3DPlayer$drawWithOrthographicProjection$1.invoke(UI3DPlayer.kt:337) ~[Essential%20(forge_1.19.2).jar%23862!/:?]
	at gg.essential.universal.UMatrixStack.runWithGlobalState(UMatrixStack.kt:262) ~[Essential%20(forge_1.19.2).jar%23862!/:?]
	at gg.essential.gui.common.UI3DPlayer.drawWithOrthographicProjection(UI3DPlayer.kt:337) ~[Essential%20(forge_1.19.2).jar%23862!/:?]
	at gg.essential.gui.common.UI3DPlayer.draw(UI3DPlayer.kt:304) ~[Essential%20(forge_1.19.2).jar%23862!/:?]
	at gg.essential.gui.common.EmulatedUI3DPlayer.draw(EmulatedUI3DPlayer.kt:268) ~[Essential%20(forge_1.19.2).jar%23862!/:?]
	at gg.essential.elementa.UIComponent.draw(UIComponent.kt:549) ~[Essential%20(forge_1.19.2).jar%23862!/:?]
	at gg.essential.elementa.UIComponent$drawCompat$1.invoke(UIComponent.kt:552) ~[Essential%20(forge_1.19.2).jar%23862!/:?]
	at gg.essential.elementa.UIComponent$drawCompat$1.invoke(UIComponent.kt:552) ~[Essential%20(forge_1.19.2).jar%23862!/:?]
	at gg.essential.universal.UMatrixStack$Compat.runLegacyMethod(UMatrixStack.kt:357) ~[Essential%20(forge_1.19.2).jar%23862!/:?]
	at gg.essential.elementa.UIComponent.drawCompat(UIComponent.kt:552) ~[Essential%20(forge_1.19.2).jar%23862!/:?]
	at gg.essential.elementa.UIComponent.draw(UIComponent.kt:599) ~[Essential%20(forge_1.19.2).jar%23862!/:?]
	at gg.essential.elementa.components.UIBlock.draw(UIBlock.kt:40) ~[Essential%20(forge_1.19.2).jar%23862!/:?]
	at gg.essential.elementa.UIComponent.draw(UIComponent.kt:549) ~[Essential%20(forge_1.19.2).jar%23862!/:?]
	at gg.essential.elementa.UIComponent$drawCompat$1.invoke(UIComponent.kt:552) ~[Essential%20(forge_1.19.2).jar%23862!/:?]
	at gg.essential.elementa.UIComponent$drawCompat$1.invoke(UIComponent.kt:552) ~[Essential%20(forge_1.19.2).jar%23862!/:?]
	at gg.essential.universal.UMatrixStack$Compat.runLegacyMethod(UMatrixStack.kt:357) ~[Essential%20(forge_1.19.2).jar%23862!/:?]
	at gg.essential.elementa.UIComponent.drawCompat(UIComponent.kt:552) ~[Essential%20(forge_1.19.2).jar%23862!/:?]
	at gg.essential.elementa.UIComponent.draw(UIComponent.kt:599) ~[Essential%20(forge_1.19.2).jar%23862!/:?]
	at gg.essential.elementa.components.UIContainer.draw(UIContainer.kt:16) ~[Essential%20(forge_1.19.2).jar%23862!/:?]
	at gg.essential.elementa.UIComponent.draw(UIComponent.kt:549) ~[Essential%20(forge_1.19.2).jar%23862!/:?]
	at gg.essential.elementa.UIComponent$drawCompat$1.invoke(UIComponent.kt:552) ~[Essential%20(forge_1.19.2).jar%23862!/:?]
	at gg.essential.elementa.UIComponent$drawCompat$1.invoke(UIComponent.kt:552) ~[Essential%20(forge_1.19.2).jar%23862!/:?]
	at gg.essential.universal.UMatrixStack$Compat.runLegacyMethod(UMatrixStack.kt:357) ~[Essential%20(forge_1.19.2).jar%23862!/:?]
	at gg.essential.elementa.UIComponent.drawCompat(UIComponent.kt:552) ~[Essential%20(forge_1.19.2).jar%23862!/:?]
	at gg.essential.elementa.UIComponent.draw(UIComponent.kt:599) ~[Essential%20(forge_1.19.2).jar%23862!/:?]
	at gg.essential.elementa.components.UIContainer.draw(UIContainer.kt:16) ~[Essential%20(forge_1.19.2).jar%23862!/:?]
	at gg.essential.elementa.UIComponent.draw(UIComponent.kt:549) ~[Essential%20(forge_1.19.2).jar%23862!/:?]
	at gg.essential.elementa.UIComponent$drawCompat$1.invoke(UIComponent.kt:552) ~[Essential%20(forge_1.19.2).jar%23862!/:?]
	at gg.essential.elementa.UIComponent$drawCompat$1.invoke(UIComponent.kt:552) ~[Essential%20(forge_1.19.2).jar%23862!/:?]
	at gg.essential.universal.UMatrixStack$Compat.runLegacyMethod(UMatrixStack.kt:357) ~[Essential%20(forge_1.19.2).jar%23862!/:?]
	at gg.essential.elementa.UIComponent.drawCompat(UIComponent.kt:552) ~[Essential%20(forge_1.19.2).jar%23862!/:?]
	at gg.essential.elementa.UIComponent.draw(UIComponent.kt:599) ~[Essential%20(forge_1.19.2).jar%23862!/:?]
	at gg.essential.elementa.components.UIContainer.draw(UIContainer.kt:16) ~[Essential%20(forge_1.19.2).jar%23862!/:?]
	at gg.essential.elementa.UIComponent.draw(UIComponent.kt:549) ~[Essential%20(forge_1.19.2).jar%23862!/:?]
	at gg.essential.elementa.UIComponent$drawCompat$1.invoke(UIComponent.kt:552) ~[Essential%20(forge_1.19.2).jar%23862!/:?]
	at gg.essential.elementa.UIComponent$drawCompat$1.invoke(UIComponent.kt:552) ~[Essential%20(forge_1.19.2).jar%23862!/:?]
	at gg.essential.universal.UMatrixStack$Compat.runLegacyMethod(UMatrixStack.kt:357) ~[Essential%20(forge_1.19.2).jar%23862!/:?]
	at gg.essential.elementa.UIComponent.drawCompat(UIComponent.kt:552) ~[Essential%20(forge_1.19.2).jar%23862!/:?]
	at gg.essential.elementa.UIComponent.draw(UIComponent.kt:599) ~[Essential%20(forge_1.19.2).jar%23862!/:?]
	at gg.essential.elementa.components.Window.doDraw(Window.kt:161) ~[Essential%20(forge_1.19.2).jar%23862!/:?]
	at gg.essential.elementa.components.Window.draw(Window.kt:73) ~[Essential%20(forge_1.19.2).jar%23862!/:?]
	at gg.essential.gui.overlay.OverlayManagerImpl.handleDraw$drawLayer(OverlayManagerImpl.kt:185) ~[Essential%20(forge_1.19.2).jar%23862!/:?]
	at gg.essential.gui.overlay.OverlayManagerImpl.handleDraw(OverlayManagerImpl.kt:199) ~[Essential%20(forge_1.19.2).jar%23862!/:?]
	at gg.essential.gui.overlay.OverlayManagerImpl.handleDraw(OverlayManagerImpl.kt:169) ~[Essential%20(forge_1.19.2).jar%23862!/:?]
	at gg.essential.gui.overlay.OverlayManagerImpl.access$handleDraw(OverlayManagerImpl.kt:57) ~[Essential%20(forge_1.19.2).jar%23862!/:?]
	at gg.essential.gui.overlay.OverlayManagerImpl$Events.postDraw(OverlayManagerImpl.kt:382) ~[Essential%20(forge_1.19.2).jar%23862!/:?]
	at gg.essential.gui.overlay.OverlayManagerImpl$Events.handleDraw(OverlayManagerImpl.kt:467) ~[Essential%20(forge_1.19.2).jar%23862!/:?]
	at gg.essential.lib.kbrewster.eventbus.EventBus$Subscriber.invoke(eventbus.kt:29) ~[Essential%20(forge_1.19.2).jar%23862!/:?]
	at gg.essential.util.EventBus.post(eventbus.kt:131) ~[Essential%20(forge_1.19.2).jar%23862!/:?]
	at gg.essential.mixins.impl.client.gui.GuiScreenHook.drawScreen(GuiScreenHook.java:108) ~[Essential%20(forge_1.19.2).jar%23862!/:?]
	at net.minecraft.client.gui.screens.Screen.handler$hoe000$drawScreenPost(Screen.java:10316) ~[client-1.19.2-20220805.130853-srg.jar%23740!/:?]
	at net.minecraft.client.gui.screens.Screen.m_6305_(Screen.java:106) ~[client-1.19.2-20220805.130853-srg.jar%23740!/:?]
	at net.minecraft.client.gui.screens.TitleScreen.m_6305_(TitleScreen.java:357) ~[client-1.19.2-20220805.130853-srg.jar%23740!/:?]
	at net.minecraftforge.client.ForgeHooksClient.drawScreenInternal(ForgeHooksClient.java:444) ~[forge-1.19.2-43.5.1-universal.jar%23745!/:?]
	at net.minecraftforge.client.ForgeHooksClient.drawScreen(ForgeHooksClient.java:437) ~[forge-1.19.2-43.5.1-universal.jar%23745!/:?]
	at net.minecraft.client.renderer.GameRenderer.mixinextras$bridge$drawScreen$274(GameRenderer.java) ~[client-1.19.2-20220805.130853-srg.jar%23740!/:?]
	at net.minecraft.client.renderer.GameRenderer.wrapOperation$hhh000$wrapRenderScreenFancyMenu(GameRenderer.java:11566) ~[client-1.19.2-20220805.130853-srg.jar%23740!/:?]
	at net.minecraft.client.renderer.GameRenderer.m_109093_(GameRenderer.java:896) ~[client-1.19.2-20220805.130853-srg.jar%23740!/:?]
	at net.minecraft.client.Minecraft.m_91383_(Minecraft.java:1115) ~[client-1.19.2-20220805.130853-srg.jar%23740!/:?]
	at net.minecraft.client.Minecraft.m_91374_(Minecraft.java:700) ~[client-1.19.2-20220805.130853-srg.jar%23740!/:?]
	at net.minecraft.client.main.Main.m_239872_(Main.java:212) ~[1.19.2-43.5.1.jar:?]
	at net.minecraft.client.main.Main.main(Main.java:51) ~[1.19.2-43.5.1.jar:?]
	at jdk.internal.reflect.NativeMethodAccessorImpl.invoke0(Native Method) ~[?:?]
	at jdk.internal.reflect.NativeMethodAccessorImpl.invoke(Unknown Source) ~[?:?]
	at jdk.internal.reflect.DelegatingMethodAccessorImpl.invoke(Unknown Source) ~[?:?]
	at java.lang.reflect.Method.invoke(Unknown Source) ~[?:?]
	at net.minecraftforge.fml.loading.targets.CommonClientLaunchHandler.lambda$launchService$0(CommonClientLaunchHandler.java:27) ~[fmlloader-1.19.2-43.5.1.jar:?]
	at cpw.mods.modlauncher.LaunchServiceHandlerDecorator.launch(LaunchServiceHandlerDecorator.java:30) ~[modlauncher-10.0.8.jar:?]
	at cpw.mods.modlauncher.LaunchServiceHandler.launch(LaunchServiceHandler.java:53) ~[modlauncher-10.0.8.jar:?]
	at cpw.mods.modlauncher.LaunchServiceHandler.launch(LaunchServiceHandler.java:71) ~[modlauncher-10.0.8.jar:?]
	at cpw.mods.modlauncher.Launcher.run(Launcher.java:106) ~[modlauncher-10.0.8.jar:?]
	at cpw.mods.modlauncher.Launcher.main(Launcher.java:77) ~[modlauncher-10.0.8.jar:?]
	at cpw.mods.modlauncher.BootstrapLaunchConsumer.accept(BootstrapLaunchConsumer.java:26) ~[modlauncher-10.0.8.jar:?]
	at cpw.mods.modlauncher.BootstrapLaunchConsumer.accept(BootstrapLaunchConsumer.java:23) ~[modlauncher-10.0.8.jar:?]
	at cpw.mods.bootstraplauncher.BootstrapLauncher.main(BootstrapLauncher.java:141) ~[bootstraplauncher-1.1.2.jar:?]
	at jdk.internal.reflect.NativeMethodAccessorImpl.invoke0(Native Method) ~[?:?]
	at jdk.internal.reflect.NativeMethodAccessorImpl.invoke(Unknown Source) ~[?:?]
	at jdk.internal.reflect.DelegatingMethodAccessorImpl.invoke(Unknown Source) ~[?:?]
	at java.lang.reflect.Method.invoke(Unknown Source) ~[?:?]
	at com.modrinth.theseus.MinecraftLaunch.relaunch(MinecraftLaunch.java:63) ~[theseus.jar%2379!/:?]
	at com.modrinth.theseus.MinecraftLaunch.main(MinecraftLaunch.java:28) ~[theseus.jar%2379!/:?]
[10:49:01] [Render thread/INFO]: [FANCYMENU] ScreenCustomizationLayer registered: join_multiplayer_screen
[10:49:01] [Render thread/INFO]: Mixing client.MixinOnlineServerEntry from nochatreports.mixins.json into net.minecraft.client.gui.screens.multiplayer.ServerSelectionList$OnlineServerEntry
[10:49:01] [Render thread/INFO]: Renaming synthetic method lambda$onRender$0()Ljava/util/ArrayList; to md8636ae$lambda$onRender$0$0 in nochatreports.mixins.json:client.MixinOnlineServerEntry
[10:49:01] [Render thread/INFO]: Environment: authHost='https://authserver.mojang.com', accountsHost='https://api.mojang.com', sessionHost='https://sessionserver.mojang.com', servicesHost='https://api.minecraftservices.com', name='PROD'
[10:49:01] [Render thread/INFO]: Environment: PROD
[10:49:01] [Server Pinger #1/INFO]: Mixing client.MixinServerStatusPinger$1 from nochatreports.mixins.json into net.minecraft.client.multiplayer.ServerStatusPinger$1
[10:49:01] [Netty Client IO #0/INFO]: Mixing common.MixinServerStatusSerializer from nochatreports.mixins.json into net.minecraft.network.protocol.status.ServerStatus$Serializer
[10:49:02] [Netty Client IO #0/INFO]: Client has mods that are missing on server: [zume, createdieselgenerators, crash_assistant, lightspeed, essential, feytweaks, cubes_without_borders, e4mc_minecraft, figura, ktnilcks, fullbrightnesstoggle, irisflw, alternate_current, gpu_tape, citresewn, fancymenu, packetfixer]
[10:49:03] [Render thread/INFO]: [EMI] Disconnecting from server, EMI data cleared
[10:49:03] [Thread-67/INFO]: [EMI] Clearing data
[10:49:03] [Render thread/INFO]: [FANCYMENU] ScreenCustomizationLayer registered: progress_screen
[10:49:03] [Render thread/INFO]: Cleared all avatars
[10:49:03] [Render thread/INFO]: emissive suffixes loaded: {_e}.
[10:49:03] [Render thread/INFO]: [FANCYMENU] ScreenCustomizationLayer registered: connect_screen
[10:49:03] [Render thread/INFO]: Connecting to localhost, 25565
[10:49:07] [Render thread/INFO]: Injecting existing registry data into this CLIENT instance
[10:49:08] [Netty Client IO #2/INFO]: Reloading server config for easyanvils
[10:49:08] [Netty Client IO #2/INFO]: Reloading server config for magnumtorch
[10:49:08] [Netty Client IO #2/INFO]: Reloading server config for bettertridents
[10:49:08] [Netty Client IO #2/INFO]: Connected to a modded server.
[10:49:08] [Netty Client IO #2/INFO]: Canceling Microsoft telemetry
[10:49:09] [Render thread/INFO]: New world map session initialized!
[10:49:09] [Render thread/INFO]: New Xaero hud session initialized!
[10:49:09] [Render thread/INFO]: Reloading pipeline on dimension change: NamespacedId{namespace='minecraft', name='overworld'} => NamespacedId{namespace='minecraft', name='overworld'}
[10:49:09] [Render thread/INFO]: Destroying pipeline NamespacedId{namespace='minecraft', name='overworld'}
[10:49:09] [Render thread/INFO]: Creating pipeline for dimension NamespacedId{namespace='minecraft', name='overworld'}
[10:49:09] [Render thread/INFO]: Started 2 worker threads
[10:49:09] [Render thread/INFO]: Started 2 worker threads
[10:49:09] [ForkJoinPool.commonPool-worker-1/INFO]: Authenticating with Figura server...
[10:49:09] [Render thread/INFO]: Sending client config 'fallingtrees:fallingtrees_client' to server
[10:49:09] [Thread-70/INFO]: Checking for updates!
[10:49:09] [Netty Client IO #3/INFO]: Client has mods that are missing on server: [zume, createdieselgenerators, crash_assistant, lightspeed, essential, feytweaks, cubes_without_borders, e4mc_minecraft, figura, ktnilcks, fullbrightnesstoggle, irisflw, alternate_current, gpu_tape, citresewn, fancymenu, packetfixer]
[10:49:09] [Render thread/INFO]: JEI StartEventObserver received class net.minecraftforge.client.event.ClientPlayerNetworkEvent$LoggingIn
[10:49:09] [Render thread/INFO]: JEI StartEventObserver transitioning state from DISABLED to ENABLED
[10:49:09] [Render thread/INFO]: [voicechat] Sending secret request to the server
[10:49:09] [Render thread/WARN]: [voicechat] Failed to open audio channel 'OpenAL Soft on (Headphone) Speakers (Realtek High Definition Audio)', falling back to default
[10:49:09] [Render thread/ERROR]: [voicechat] Voicechat sound manager ALC error: de.maxhenkel.voicechat.voice.client.SoundManager.canEnumerate[191] Invalid value
[10:49:09] [Render thread/INFO]: [FANCYMENU] ScreenCustomizationLayer registered: receiving_level_screen
[10:49:09] [Render thread/INFO]: Synced Flute Songs
[10:49:09] [Render thread/INFO]: Synced Captured Mobs settings
[10:49:09] [Render thread/INFO]: Loaded locks for 'localhost'
[10:49:09] [Render thread/INFO]: Synced Globe data
[10:49:09] [Render thread/INFO]: Synced Hourglass data
[10:49:09] [Render thread/INFO]: Stopping worker threads
[10:49:09] [Render thread/INFO]: Started 2 worker threads
[10:49:10] [Netty Client IO #2/WARN]: Your custom createaddition:rolling/gold_plate recipe (createaddition:rolling/gold_plate) specified a duration. Durations have no impact on this type of recipe.
[10:49:10] [Render thread/INFO]: Stopping worker threads
[10:49:10] [Thread-70/ERROR]: ItemLocks is outdated!
[10:49:10] [Thread-70/INFO]: Currently supported versions: []

[10:49:10] [Render thread/INFO]: Started 2 worker threads
[10:49:10] [Netty Client IO #2/WARN]: Your custom createaddition:rolling/copper_plate recipe (createaddition:rolling/copper_plate) specified a duration. Durations have no impact on this type of recipe.
[10:49:10] [Netty Client IO #2/WARN]: Your custom createaddition:rolling/iron_ingot recipe (createaddition:rolling/iron_ingot) specified a duration. Durations have no impact on this type of recipe.
[10:49:10] [Render thread/INFO]: Reloading radar icon resources...
[10:49:10] [Render thread/INFO]: Reloaded radar icon resources!
[10:49:10] [Render thread/ERROR]: Exception caught during firing event: Registry entry not present: createdieselgenerators:large_diesel_engine
	Index: 42
	Listeners:
		0: HIGHEST
		1: net.minecraftforge.eventbus.EventBus$$Lambda$1741/0x0000000501876b58@196f4c14
		2: HIGH
		3: ASM: class dev.architectury.event.forge.EventHandlerImplClient event(Lnet/minecraftforge/event/TickEvent$ClientTickEvent;)V
		4: net.minecraftforge.eventbus.EventBus$$Lambda$1741/0x0000000501876b58@1b764aa9
		5: NORMAL
		6: ASM: class net.lavabucket.hourglass.client.gui.SleepGui onClientTick(Lnet/minecraftforge/event/TickEvent$ClientTickEvent;)V
		7: ASM: class net.lavabucket.hourglass.client.TimeInterpolator OnClientTickEvent(Lnet/minecraftforge/event/TickEvent$ClientTickEvent;)V
		8: ASM: org.embeddedt.modernfix.forge.init.ModernFixClientForge@35b80714 onConfigKey(Lnet/minecraftforge/event/TickEvent$ClientTickEvent;)V
		9: ASM: class nl.enjarai.doabarrelroll.forge.ForgeClientBusEvents onClientTick(Lnet/minecraftforge/event/TickEvent$ClientTickEvent;)V
		10: net.minecraftforge.eventbus.EventBus$$Lambda$1741/0x0000000501876b58@259398d
		11: ASM: class com.lilypuree.connectiblechains.client.ClientEventHandler onClientTick(Lnet/minecraftforge/event/TickEvent$ClientTickEvent;)V
		12: ASM: class ru.feytox.feytweaks.client.ClientEvents tick(Lnet/minecraftforge/event/TickEvent$ClientTickEvent;)V
		13: net.minecraftforge.eventbus.EventBus$$Lambda$1741/0x0000000501876b58@49959556
		14: ASM: class com.jozufozu.flywheel.backend.instancing.InstancedRenderDispatcher tick(Lnet/minecraftforge/event/TickEvent$ClientTickEvent;)V
		15: ASM: class com.jozufozu.flywheel.event.ForgeEvents tickLight(Lnet/minecraftforge/event/TickEvent$ClientTickEvent;)V
		16: ASM: class vazkii.arl.util.ClientTicker clientTickEnd(Lnet/minecraftforge/event/TickEvent$ClientTickEvent;)V
		17: ASM: xaero.common.events.ClientEventsForge@399dab14 handleClientTickEvent(Lnet/minecraftforge/event/TickEvent$ClientTickEvent;)V
		18: ASM: com.lucasmellof.forgeshot.ForgeShotClient@49ede909 onTick(Lnet/minecraftforge/event/TickEvent$ClientTickEvent;)V
		19: ASM: com.kirdow.itemlocks.forge.ItemLocksForge@753f6fcf onClientTick(Lnet/minecraftforge/event/TickEvent$ClientTickEvent;)V
		20: net.minecraftforge.eventbus.EventBus$$Lambda$1741/0x0000000501876b58@2a797f9c
		21: ASM: com.github.alexthe666.citadel.ClientProxy@4ac6d94f clientTick(Lnet/minecraftforge/event/TickEvent$ClientTickEvent;)V
		22: ASM: xaero.map.events.ClientEventsForge@1818b392 clientTick(Lnet/minecraftforge/event/TickEvent$ClientTickEvent;)V
		23: ASM: de.keksuccino.konkrete.gui.content.handling.AdvancedWidgetsHandler@2c5faf55 onClientTick(Lnet/minecraftforge/event/TickEvent$ClientTickEvent;)V
		24: ASM: class tschipp.carryon.events.ClientEvents onClientTick(Lnet/minecraftforge/event/TickEvent$ClientTickEvent;)V
		25: ASM: de.keksuccino.konkrete.input.MouseInput@32e9cb63 onTick(Lnet/minecraftforge/event/TickEvent$ClientTickEvent;)V
		26: ASM: class se.mickelus.tetra.ClientScheduler onClientTick(Lnet/minecraftforge/event/TickEvent$ClientTickEvent;)V
		27: ASM: eu.midnightdust.forge.MidnightLibClientEvents@736ecec5 registerClientTick(Lnet/minecraftforge/event/TickEvent$ClientTickEvent;)V
		28: ASM: net.minecraftforge.common.ForgeInternalHandler@6ff0d30d checkSettings(Lnet/minecraftforge/event/TickEvent$ClientTickEvent;)V
		29: ASM: class me.flashyreese.mods.sodiumextra.client.ClientTickHandler onTick(Lnet/minecraftforge/event/TickEvent$ClientTickEvent;)V
		30: ASM: class cofh.core.event.CoreClientEvents clientTick(Lnet/minecraftforge/event/TickEvent$ClientTickEvent;)V
		31: net.minecraftforge.eventbus.EventBus$$Lambda$1741/0x0000000501876b58@3f34b78
		32: ASM: class com.railwayteam.railways.forge.events.ClientEventsForge onClientTick(Lnet/minecraftforge/event/TickEvent$ClientTickEvent;)V
		33: ASM: class net.mehvahdjukaar.randomium.forge.RandomiumForgeClient test(Lnet/minecraftforge/event/TickEvent$ClientTickEvent;)V
		34: ASM: com.corosus.watut.loader.forge.EventHandlerForge@2390a61a onGameTick(Lnet/minecraftforge/event/TickEvent$ClientTickEvent;)V
		35: ASM: class com.mr_toad.gpu_tape.client.GTClientEvents onClientTick(Lnet/minecraftforge/event/TickEvent$ClientTickEvent;)V
		36: ASM: class com.teamabnormals.blueprint.client.screen.shaking.ScreenShakeHandler onClientTick(Lnet/minecraftforge/event/TickEvent$ClientTickEvent;)V
		37: net.minecraftforge.eventbus.EventBus$$Lambda$1741/0x0000000501876b58@482d8fda
		38: ASM: class stormdragon_64.placement_plus.event.ClientEvent$ClientForgeEvents onClientTick(Lnet/minecraftforge/event/TickEvent$ClientTickEvent;)V
		39: ASM: com.corosus.coroutil.loader.forge.EventHandlerForge@13f02b41 onGameTick(Lnet/minecraftforge/event/TickEvent$ClientTickEvent;)V
		40: ASM: class com.teamabnormals.endergetic.client.events.OverlayEvents onClientTick(Lnet/minecraftforge/event/TickEvent$ClientTickEvent;)V
		41: ASM: class com.cak.pattern_schematics.forge.PatternSchematicsForgeClientEvents onTick(Lnet/minecraftforge/event/TickEvent$ClientTickEvent;)V
		42: ASM: class com.simibubi.create.foundation.events.ClientEvents onTick(Lnet/minecraftforge/event/TickEvent$ClientTickEvent;)V
		43: ASM: class com.mrh0.createaddition.event.GameEvents clientTickEvent(Lnet/minecraftforge/event/TickEvent$ClientTickEvent;)V
		44: ASM: class com.mrh0.createaddition.event.ClientEventHandler playerRendererEvent(Lnet/minecraftforge/event/TickEvent$ClientTickEvent;)V
		45: ASM: class com.mrh0.createaddition.event.ClientEventHandler tickSoundscapes(Lnet/minecraftforge/event/TickEvent$ClientTickEvent;)V
		46: ASM: class net.mehvahdjukaar.supplementaries.common.events.forge.ClientEventsForge clientTick(Lnet/minecraftforge/event/TickEvent$ClientTickEvent;)V
		47: ASM: class com.simibubi.create.content.equipment.symmetryWand.SymmetryHandler onClientTick(Lnet/minecraftforge/event/TickEvent$ClientTickEvent;)V
		48: ASM: vazkii.quark.content.tools.module.EndermoshMusicDiscModule@6b9dfb57 tick(Lnet/minecraftforge/event/TickEvent$ClientTickEvent;)V
		49: ASM: vazkii.quark.content.tweaks.module.ReacharoundPlacingModule@729cab6f clientTick(Lnet/minecraftforge/event/TickEvent$ClientTickEvent;)V
		50: ASM: vazkii.quark.content.client.module.UsageTickerModule@68cc47a3 clientTick(Lnet/minecraftforge/event/TickEvent$ClientTickEvent;)V
		51: ASM: vazkii.quark.base.module.ModuleLoader@71c9fc23 firstClientTick(Lnet/minecraftforge/event/TickEvent$ClientTickEvent;)V
		52: ASM: se.mickelus.tetra.effect.howling.HowlingOverlay@4dd4a74e onClientTick(Lnet/minecraftforge/event/TickEvent$ClientTickEvent;)V
		53: ASM: se.mickelus.tetra.effect.gui.AbilityOverlays@5725945 onClientTick(Lnet/minecraftforge/event/TickEvent$ClientTickEvent;)V
		54: ASM: se.mickelus.tetra.interactions.SecondaryInteractionOverlay@3a57de2e onClientTick(Lnet/minecraftforge/event/TickEvent$ClientTickEvent;)V
		55: ASM: se.mickelus.tetra.items.modular.impl.toolbelt.booster.OverlayBooster@6a69f0e5 onClientTick(Lnet/minecraftforge/event/TickEvent$ClientTickEvent;)V
		56: ASM: se.mickelus.tetra.items.modular.impl.BlockProgressOverlay@2a3c91e1 onClientTick(Lnet/minecraftforge/event/TickEvent$ClientTickEvent;)V
		57: ASM: se.mickelus.tetra.items.modular.impl.bow.RangedProgressOverlay@2242cfb onClientTick(Lnet/minecraftforge/event/TickEvent$ClientTickEvent;)V
		58: ASM: se.mickelus.tetra.items.modular.impl.crossbow.CrossbowOverlay@414663fc onClientTick(Lnet/minecraftforge/event/TickEvent$ClientTickEvent;)V
		59: ASM: se.mickelus.tetra.items.modular.impl.holo.gui.scan.ScannerOverlayGui@9df2a77 onClientTick(Lnet/minecraftforge/event/TickEvent$ClientTickEvent;)V
		60: ASM: se.mickelus.tetra.blocks.multischematic.MultiblockSchematicGui@1181af66 onClientTick(Lnet/minecraftforge/event/TickEvent$ClientTickEvent;)V
		61: net.minecraftforge.eventbus.EventBus$$Lambda$1741/0x0000000501876b58@2df79cac
		62: ASM: class com.clickadv.event.ClientEventHandler OnTick(Lnet/minecraftforge/event/TickEvent$ClientTickEvent;)V
		63: ASM: top.theillusivec4.curios.client.ClientEventHandler@21e7d91e onKeyInput(Lnet/minecraftforge/event/TickEvent$ClientTickEvent;)V
		64: ASM: com.illusivesoulworks.polymorph.client.ClientEventsListener@13e9b236 tick(Lnet/minecraftforge/event/TickEvent$ClientTickEvent;)V
		65: ASM: class com.connectivity.event.ClientEventHandler onClientTick(Lnet/minecraftforge/event/TickEvent$ClientTickEvent;)V
		66: ASM: de.maxhenkel.voicechat.intercompatibility.ForgeClientCompatibilityManager@7471ae3f onKeyInput(Lnet/minecraftforge/event/TickEvent$ClientTickEvent;)V
		67: net.minecraftforge.eventbus.EventBus$$Lambda$1741/0x0000000501876b58@4c139311
		68: ASM: de.maxhenkel.voicechat.intercompatibility.ForgeClientCompatibilityManager@7471ae3f onInput(Lnet/minecraftforge/event/TickEvent$ClientTickEvent;)V
		69: ASM: class shadows.placebo.patreon.TrailsManager clientTick(Lnet/minecraftforge/event/TickEvent$ClientTickEvent;)V
		70: ASM: class com.cupboard.event.ClientEventHandler onClientTick(Lnet/minecraftforge/event/TickEvent$ClientTickEvent;)V
		71: ASM: squeek.appleskin.client.HUDOverlayHandler@642cfb88 onClientTick(Lnet/minecraftforge/event/TickEvent$ClientTickEvent;)V
		72: ASM: se.mickelus.tetra.items.modular.impl.crossbow.CrossbowOverlay@59eb3c7e onClientTick(Lnet/minecraftforge/event/TickEvent$ClientTickEvent;)V
		73: ASM: journeymap.client.event.forge.ForgeClientTickEvent@5bbbb97 onClientTick(Lnet/minecraftforge/event/TickEvent$ClientTickEvent;)V
		74: ASM: com.teamabnormals.blueprint.core.sonar.OnlineImageCache@7ac2552f onEvent(Lnet/minecraftforge/event/TickEvent$ClientTickEvent;)V
java.lang.NullPointerException: Registry entry not present: createdieselgenerators:large_diesel_engine
	at java.base/java.util.Objects.requireNonNull(Unknown Source)
	at TRANSFORMER/Registrate.MC1._19@1.1.5/com.tterrag.registrate.util.entry.RegistryEntry.get(RegistryEntry.java:105)
	at TRANSFORMER/Registrate.MC1._19@1.1.5/com.tterrag.registrate.util.entry.ItemProviderEntry.is(ItemProviderEntry.java:29)
	at TRANSFORMER/Registrate.MC1._19@1.1.5/com.tterrag.registrate.util.entry.ItemProviderEntry.isIn(ItemProviderEntry.java:25)
	at TRANSFORMER/create@0.5.1.i/com.simibubi.create.foundation.placement.IPlacementHelper.matchesItem(IPlacementHelper.java:161)
	at TRANSFORMER/create@0.5.1.i/com.simibubi.create.foundation.placement.PlacementHelpers.lambda$checkHelpers$0(PlacementHelpers.java:104)
	at java.base/java.util.stream.ReferencePipeline$2$1.accept(Unknown Source)
	at java.base/java.util.ArrayList$ArrayListSpliterator.forEachRemaining(Unknown Source)
	at java.base/java.util.stream.AbstractPipeline.copyInto(Unknown Source)
	at java.base/java.util.stream.AbstractPipeline.wrapAndCopyInto(Unknown Source)
	at java.base/java.util.stream.ReduceOps$ReduceOp.evaluateSequential(Unknown Source)
	at java.base/java.util.stream.AbstractPipeline.evaluate(Unknown Source)
	at java.base/java.util.stream.ReferencePipeline.collect(Unknown Source)
	at TRANSFORMER/create@0.5.1.i/com.simibubi.create.foundation.placement.PlacementHelpers.checkHelpers(PlacementHelpers.java:105)
	at TRANSFORMER/create@0.5.1.i/com.simibubi.create.foundation.placement.PlacementHelpers.tick(PlacementHelpers.java:66)
	at TRANSFORMER/create@0.5.1.i/com.simibubi.create.foundation.events.ClientEvents.onTick(ClientEvents.java:156)
	at TRANSFORMER/create@0.5.1.i/com.simibubi.create.foundation.events.__ClientEvents_onTick_ClientTickEvent.invoke(.dynamic)
	at MC-BOOTSTRAP/net.minecraftforge.eventbus/net.minecraftforge.eventbus.ASMEventHandler.invoke(ASMEventHandler.java:73)
	at MC-BOOTSTRAP/net.minecraftforge.eventbus/net.minecraftforge.eventbus.EventBus.post(EventBus.java:315)
	at MC-BOOTSTRAP/net.minecraftforge.eventbus/net.minecraftforge.eventbus.EventBus.post(EventBus.java:296)
	at TRANSFORMER/forge@43.5.1/net.minecraftforge.event.ForgeEventFactory.onPostClientTick(ForgeEventFactory.java:839)
	at TRANSFORMER/minecraft@1.19.2/net.minecraft.client.Minecraft.m_91398_(Minecraft.java:1852)
	at TRANSFORMER/minecraft@1.19.2/net.minecraft.client.Minecraft.m_91383_(Minecraft.java:1078)
	at TRANSFORMER/minecraft@1.19.2/net.minecraft.client.Minecraft.m_91374_(Minecraft.java:700)
	at TRANSFORMER/minecraft@1.19.2/net.minecraft.client.main.Main.m_239872_(Main.java:212)
	at TRANSFORMER/minecraft@1.19.2/net.minecraft.client.main.Main.main(Main.java:51)
	at java.base/jdk.internal.reflect.NativeMethodAccessorImpl.invoke0(Native Method)
	at java.base/jdk.internal.reflect.NativeMethodAccessorImpl.invoke(Unknown Source)
	at java.base/jdk.internal.reflect.DelegatingMethodAccessorImpl.invoke(Unknown Source)
	at java.base/java.lang.reflect.Method.invoke(Unknown Source)
	at MC-BOOTSTRAP/fmlloader@1.19.2-43.5.1/net.minecraftforge.fml.loading.targets.CommonClientLaunchHandler.lambda$launchService$0(CommonClientLaunchHandler.java:27)
	at MC-BOOTSTRAP/cpw.mods.modlauncher@10.0.8/cpw.mods.modlauncher.LaunchServiceHandlerDecorator.launch(LaunchServiceHandlerDecorator.java:30)
	at MC-BOOTSTRAP/cpw.mods.modlauncher@10.0.8/cpw.mods.modlauncher.LaunchServiceHandler.launch(LaunchServiceHandler.java:53)
	at MC-BOOTSTRAP/cpw.mods.modlauncher@10.0.8/cpw.mods.modlauncher.LaunchServiceHandler.launch(LaunchServiceHandler.java:71)
	at MC-BOOTSTRAP/cpw.mods.modlauncher@10.0.8/cpw.mods.modlauncher.Launcher.run(Launcher.java:106)
	at MC-BOOTSTRAP/cpw.mods.modlauncher@10.0.8/cpw.mods.modlauncher.Launcher.main(Launcher.java:77)
	at MC-BOOTSTRAP/cpw.mods.modlauncher@10.0.8/cpw.mods.modlauncher.BootstrapLaunchConsumer.accept(BootstrapLaunchConsumer.java:26)
	at MC-BOOTSTRAP/cpw.mods.modlauncher@10.0.8/cpw.mods.modlauncher.BootstrapLaunchConsumer.accept(BootstrapLaunchConsumer.java:23)
	at cpw.mods.bootstraplauncher@1.1.2/cpw.mods.bootstraplauncher.BootstrapLauncher.main(BootstrapLauncher.java:141)
	at java.base/jdk.internal.reflect.NativeMethodAccessorImpl.invoke0(Native Method)
	at java.base/jdk.internal.reflect.NativeMethodAccessorImpl.invoke(Unknown Source)
	at java.base/jdk.internal.reflect.DelegatingMethodAccessorImpl.invoke(Unknown Source)
	at java.base/java.lang.reflect.Method.invoke(Unknown Source)
	at com.modrinth.theseus.MinecraftLaunch.relaunch(MinecraftLaunch.java:63)
	at com.modrinth.theseus.MinecraftLaunch.main(MinecraftLaunch.java:28)

[10:49:10] [Netty Client IO #2/WARN]: Your custom createaddition:rolling/straw recipe (createaddition:rolling/straw) specified a duration. Durations have no impact on this type of recipe.
[10:49:10] [Netty Client IO #2/WARN]: Your custom createaddition:rolling/iron_plate recipe (createaddition:rolling/iron_plate) specified a duration. Durations have no impact on this type of recipe.
[10:49:10] [Netty Client IO #2/WARN]: Your custom createaddition:rolling/gold_ingot recipe (createaddition:rolling/gold_ingot) specified a duration. Durations have no impact on this type of recipe.
[10:49:10] [Netty Client IO #2/WARN]: Your custom createaddition:rolling/brass_ingot recipe (createaddition:rolling/brass_ingot) specified a duration. Durations have no impact on this type of recipe.
[10:49:10] [Netty Client IO #2/WARN]: Your custom createaddition:rolling/electrum_plate recipe (createaddition:rolling/electrum_plate) specified a duration. Durations have no impact on this type of recipe.
[10:49:10] [Netty Client IO #2/WARN]: Your custom createaddition:rolling/electrum_ingot recipe (createaddition:rolling/electrum_ingot) specified a duration. Durations have no impact on this type of recipe.
[10:49:10] [Netty Client IO #2/WARN]: Your custom createaddition:rolling/copper_ingot recipe (createaddition:rolling/copper_ingot) specified a duration. Durations have no impact on this type of recipe.
[10:49:10] [ForkJoinPool.commonPool-worker-1/INFO]: Successfully authed with the Figura auth server!
[10:49:10] [ForkJoinPool.commonPool-worker-1/INFO]: Initializing custom websocket
[10:49:10] [ForkJoinPool.commonPool-worker-1/ERROR]: Could not find parent com/neovisionaries/ws/client/WebSocketAdapter for class org/figuramc/figura/backend2/websocket/FiguraWebSocketAdapter in classloader jdk.internal.loader.ClassLoaders$AppClassLoader@76ed5528 on thread Thread[ForkJoinPool.commonPool-worker-1,5,main]
[10:49:10] [ForkJoinPool.commonPool-worker-1/ERROR]: An error occurred building event handler
java.lang.ClassNotFoundException: com.neovisionaries.ws.client.WebSocketAdapter
	at jdk.internal.loader.BuiltinClassLoader.loadClass(Unknown Source) ~[?:?]
	at jdk.internal.loader.ClassLoaders$AppClassLoader.loadClass(Unknown Source) ~[?:?]
	at java.lang.ClassLoader.loadClass(Unknown Source) ~[?:?]
	at net.minecraftforge.eventbus.EventSubclassTransformer.buildEvents(EventSubclassTransformer.java:92) ~[eventbus-6.0.3.jar:?]
	at net.minecraftforge.eventbus.EventSubclassTransformer.transform(EventSubclassTransformer.java:44) ~[eventbus-6.0.3.jar:?]
	at net.minecraftforge.eventbus.EventBusEngine.processClass(EventBusEngine.java:26) ~[eventbus-6.0.3.jar:?]
	at net.minecraftforge.eventbus.service.ModLauncherService.processClassWithFlags(ModLauncherService.java:32) ~[eventbus-6.0.3.jar:6.0.3+6.0.3+master.039e4ea9]
	at cpw.mods.modlauncher.LaunchPluginHandler.offerClassNodeToPlugins(LaunchPluginHandler.java:88) ~[modlauncher-10.0.8.jar:?]
	at cpw.mods.modlauncher.ClassTransformer.transform(ClassTransformer.java:120) ~[modlauncher-10.0.8.jar:?]
	at cpw.mods.modlauncher.TransformingClassLoader.maybeTransformClassBytes(TransformingClassLoader.java:50) ~[modlauncher-10.0.8.jar:?]
	at cpw.mods.cl.ModuleClassLoader.readerToClass(ModuleClassLoader.java:113) ~[securejarhandler-2.1.4.jar:?]
	at cpw.mods.cl.ModuleClassLoader.lambda$findClass$15(ModuleClassLoader.java:219) ~[securejarhandler-2.1.4.jar:?]
	at cpw.mods.cl.ModuleClassLoader.loadFromModule(ModuleClassLoader.java:229) ~[securejarhandler-2.1.4.jar:?]
	at cpw.mods.cl.ModuleClassLoader.findClass(ModuleClassLoader.java:219) ~[securejarhandler-2.1.4.jar:?]
	at cpw.mods.cl.ModuleClassLoader.loadClass(ModuleClassLoader.java:135) ~[securejarhandler-2.1.4.jar:?]
	at java.lang.ClassLoader.loadClass(Unknown Source) ~[?:?]
	at org.figuramc.figura.backend2.trust.KeyStoreHelper.websocketWithBackendCertificates(KeyStoreHelper.java:36) ~[?:?]
	at org.figuramc.figura.backend2.NetworkStuff.connectWS(NetworkStuff.java:441) ~[?:?]
	at org.figuramc.figura.backend2.NetworkStuff.connect(NetworkStuff.java:206) ~[?:?]
	at org.figuramc.figura.backend2.NetworkStuff.authSuccess(NetworkStuff.java:188) ~[?:?]
	at org.figuramc.figura.backend2.AuthHandler.lambda$auth$0(AuthHandler.java:33) ~[?:?]
	at java.util.concurrent.CompletableFuture$AsyncRun.run(Unknown Source) ~[?:?]
	at java.util.concurrent.CompletableFuture$AsyncRun.exec(Unknown Source) ~[?:?]
	at java.util.concurrent.ForkJoinTask.doExec(Unknown Source) ~[?:?]
	at java.util.concurrent.ForkJoinPool$WorkQueue.topLevelExec(Unknown Source) ~[?:?]
	at java.util.concurrent.ForkJoinPool.scan(Unknown Source) ~[?:?]
	at java.util.concurrent.ForkJoinPool.runWorker(Unknown Source) ~[?:?]
	at java.util.concurrent.ForkJoinWorkerThread.run(Unknown Source) ~[?:?]
[10:49:10] [ForkJoinPool.commonPool-worker-1/ERROR]: Could not find parent com/neovisionaries/ws/client/WebSocketException for class com/neovisionaries/ws/client/HostnameUnverifiedException in classloader jdk.internal.loader.ClassLoaders$AppClassLoader@76ed5528 on thread Thread[ForkJoinPool.commonPool-worker-1,5,main]
[10:49:10] [ForkJoinPool.commonPool-worker-1/ERROR]: An error occurred building event handler
java.lang.ClassNotFoundException: com.neovisionaries.ws.client.WebSocketException
	at jdk.internal.loader.BuiltinClassLoader.loadClass(Unknown Source) ~[?:?]
	at jdk.internal.loader.ClassLoaders$AppClassLoader.loadClass(Unknown Source) ~[?:?]
	at java.lang.ClassLoader.loadClass(Unknown Source) ~[?:?]
	at net.minecraftforge.eventbus.EventSubclassTransformer.buildEvents(EventSubclassTransformer.java:92) ~[eventbus-6.0.3.jar:?]
	at net.minecraftforge.eventbus.EventSubclassTransformer.transform(EventSubclassTransformer.java:44) ~[eventbus-6.0.3.jar:?]
	at net.minecraftforge.eventbus.EventBusEngine.processClass(EventBusEngine.java:26) ~[eventbus-6.0.3.jar:?]
	at net.minecraftforge.eventbus.service.ModLauncherService.processClassWithFlags(ModLauncherService.java:32) ~[eventbus-6.0.3.jar:6.0.3+6.0.3+master.039e4ea9]
	at cpw.mods.modlauncher.LaunchPluginHandler.offerClassNodeToPlugins(LaunchPluginHandler.java:88) ~[modlauncher-10.0.8.jar:?]
	at cpw.mods.modlauncher.ClassTransformer.transform(ClassTransformer.java:120) ~[modlauncher-10.0.8.jar:?]
	at cpw.mods.modlauncher.TransformingClassLoader.maybeTransformClassBytes(TransformingClassLoader.java:50) ~[modlauncher-10.0.8.jar:?]
	at cpw.mods.cl.ModuleClassLoader.readerToClass(ModuleClassLoader.java:113) ~[securejarhandler-2.1.4.jar:?]
	at cpw.mods.cl.ModuleClassLoader.lambda$findClass$15(ModuleClassLoader.java:219) ~[securejarhandler-2.1.4.jar:?]
	at cpw.mods.cl.ModuleClassLoader.loadFromModule(ModuleClassLoader.java:229) ~[securejarhandler-2.1.4.jar:?]
	at cpw.mods.cl.ModuleClassLoader.findClass(ModuleClassLoader.java:219) ~[securejarhandler-2.1.4.jar:?]
	at cpw.mods.cl.ModuleClassLoader.loadClass(ModuleClassLoader.java:135) ~[securejarhandler-2.1.4.jar:?]
	at java.lang.ClassLoader.loadClass(Unknown Source) ~[?:?]
	at com.neovisionaries.ws.client.WebSocketFactory.createDirectRawSocket(WebSocketFactory.java:912) ~[?:?]
	at com.neovisionaries.ws.client.WebSocketFactory.createRawSocket(WebSocketFactory.java:868) ~[?:?]
	at com.neovisionaries.ws.client.WebSocketFactory.createSocket(WebSocketFactory.java:801) ~[?:?]
	at com.neovisionaries.ws.client.WebSocketFactory.createSocket(WebSocketFactory.java:780) ~[?:?]
	at com.neovisionaries.ws.client.WebSocketFactory.createSocket(WebSocketFactory.java:564) ~[?:?]
	at com.neovisionaries.ws.client.WebSocketFactory.createSocket(WebSocketFactory.java:520) ~[?:?]
	at org.figuramc.figura.backend2.trust.KeyStoreHelper.websocketWithBackendCertificates(KeyStoreHelper.java:36) ~[?:?]
	at org.figuramc.figura.backend2.NetworkStuff.connectWS(NetworkStuff.java:441) ~[?:?]
	at org.figuramc.figura.backend2.NetworkStuff.connect(NetworkStuff.java:206) ~[?:?]
	at org.figuramc.figura.backend2.NetworkStuff.authSuccess(NetworkStuff.java:188) ~[?:?]
	at org.figuramc.figura.backend2.AuthHandler.lambda$auth$0(AuthHandler.java:33) ~[?:?]
	at java.util.concurrent.CompletableFuture$AsyncRun.run(Unknown Source) ~[?:?]
	at java.util.concurrent.CompletableFuture$AsyncRun.exec(Unknown Source) ~[?:?]
	at java.util.concurrent.ForkJoinTask.doExec(Unknown Source) ~[?:?]
	at java.util.concurrent.ForkJoinPool$WorkQueue.topLevelExec(Unknown Source) ~[?:?]
	at java.util.concurrent.ForkJoinPool.scan(Unknown Source) ~[?:?]
	at java.util.concurrent.ForkJoinPool.runWorker(Unknown Source) ~[?:?]
	at java.util.concurrent.ForkJoinWorkerThread.run(Unknown Source) ~[?:?]
[10:49:10] [ForkJoinPool.commonPool-worker-1/ERROR]: Could not find parent com/neovisionaries/ws/client/WebSocketThread for class com/neovisionaries/ws/client/ConnectThread in classloader jdk.internal.loader.ClassLoaders$AppClassLoader@76ed5528 on thread Thread[ForkJoinPool.commonPool-worker-1,5,main]
[10:49:10] [ForkJoinPool.commonPool-worker-1/ERROR]: An error occurred building event handler
java.lang.ClassNotFoundException: com.neovisionaries.ws.client.WebSocketThread
	at jdk.internal.loader.BuiltinClassLoader.loadClass(Unknown Source) ~[?:?]
	at jdk.internal.loader.ClassLoaders$AppClassLoader.loadClass(Unknown Source) ~[?:?]
	at java.lang.ClassLoader.loadClass(Unknown Source) ~[?:?]
	at net.minecraftforge.eventbus.EventSubclassTransformer.buildEvents(EventSubclassTransformer.java:92) ~[eventbus-6.0.3.jar:?]
	at net.minecraftforge.eventbus.EventSubclassTransformer.transform(EventSubclassTransformer.java:44) ~[eventbus-6.0.3.jar:?]
	at net.minecraftforge.eventbus.EventBusEngine.processClass(EventBusEngine.java:26) ~[eventbus-6.0.3.jar:?]
	at net.minecraftforge.eventbus.service.ModLauncherService.processClassWithFlags(ModLauncherService.java:32) ~[eventbus-6.0.3.jar:6.0.3+6.0.3+master.039e4ea9]
	at cpw.mods.modlauncher.LaunchPluginHandler.offerClassNodeToPlugins(LaunchPluginHandler.java:88) ~[modlauncher-10.0.8.jar:?]
	at cpw.mods.modlauncher.ClassTransformer.transform(ClassTransformer.java:120) ~[modlauncher-10.0.8.jar:?]
	at cpw.mods.modlauncher.TransformingClassLoader.maybeTransformClassBytes(TransformingClassLoader.java:50) ~[modlauncher-10.0.8.jar:?]
	at cpw.mods.cl.ModuleClassLoader.readerToClass(ModuleClassLoader.java:113) ~[securejarhandler-2.1.4.jar:?]
	at cpw.mods.cl.ModuleClassLoader.lambda$findClass$15(ModuleClassLoader.java:219) ~[securejarhandler-2.1.4.jar:?]
	at cpw.mods.cl.ModuleClassLoader.loadFromModule(ModuleClassLoader.java:229) ~[securejarhandler-2.1.4.jar:?]
	at cpw.mods.cl.ModuleClassLoader.findClass(ModuleClassLoader.java:219) ~[securejarhandler-2.1.4.jar:?]
	at cpw.mods.cl.ModuleClassLoader.loadClass(ModuleClassLoader.java:135) ~[securejarhandler-2.1.4.jar:?]
	at java.lang.ClassLoader.loadClass(Unknown Source) ~[?:?]
	at com.neovisionaries.ws.client.WebSocketFactory.createWebSocket(WebSocketFactory.java:952) ~[?:?]
	at com.neovisionaries.ws.client.WebSocketFactory.createSocket(WebSocketFactory.java:804) ~[?:?]
	at com.neovisionaries.ws.client.WebSocketFactory.createSocket(WebSocketFactory.java:780) ~[?:?]
	at com.neovisionaries.ws.client.WebSocketFactory.createSocket(WebSocketFactory.java:564) ~[?:?]
	at com.neovisionaries.ws.client.WebSocketFactory.createSocket(WebSocketFactory.java:520) ~[?:?]
	at org.figuramc.figura.backend2.trust.KeyStoreHelper.websocketWithBackendCertificates(KeyStoreHelper.java:36) ~[?:?]
	at org.figuramc.figura.backend2.NetworkStuff.connectWS(NetworkStuff.java:441) ~[?:?]
	at org.figuramc.figura.backend2.NetworkStuff.connect(NetworkStuff.java:206) ~[?:?]
	at org.figuramc.figura.backend2.NetworkStuff.authSuccess(NetworkStuff.java:188) ~[?:?]
	at org.figuramc.figura.backend2.AuthHandler.lambda$auth$0(AuthHandler.java:33) ~[?:?]
	at java.util.concurrent.CompletableFuture$AsyncRun.run(Unknown Source) ~[?:?]
	at java.util.concurrent.CompletableFuture$AsyncRun.exec(Unknown Source) ~[?:?]
	at java.util.concurrent.ForkJoinTask.doExec(Unknown Source) ~[?:?]
	at java.util.concurrent.ForkJoinPool$WorkQueue.topLevelExec(Unknown Source) ~[?:?]
	at java.util.concurrent.ForkJoinPool.scan(Unknown Source) ~[?:?]
	at java.util.concurrent.ForkJoinPool.runWorker(Unknown Source) ~[?:?]
	at java.util.concurrent.ForkJoinWorkerThread.run(Unknown Source) ~[?:?]
[10:49:10] [ForkJoinPool.commonPool-worker-1/ERROR]: Could not find parent com/neovisionaries/ws/client/WebSocketThread for class com/neovisionaries/ws/client/FinishThread in classloader jdk.internal.loader.ClassLoaders$AppClassLoader@76ed5528 on thread Thread[ForkJoinPool.commonPool-worker-1,5,main]
[10:49:10] [ForkJoinPool.commonPool-worker-1/ERROR]: An error occurred building event handler
java.lang.ClassNotFoundException: com.neovisionaries.ws.client.WebSocketThread
	at jdk.internal.loader.BuiltinClassLoader.loadClass(Unknown Source) ~[?:?]
	at jdk.internal.loader.ClassLoaders$AppClassLoader.loadClass(Unknown Source) ~[?:?]
	at java.lang.ClassLoader.loadClass(Unknown Source) ~[?:?]
	at net.minecraftforge.eventbus.EventSubclassTransformer.buildEvents(EventSubclassTransformer.java:92) ~[eventbus-6.0.3.jar:?]
	at net.minecraftforge.eventbus.EventSubclassTransformer.transform(EventSubclassTransformer.java:44) ~[eventbus-6.0.3.jar:?]
	at net.minecraftforge.eventbus.EventBusEngine.processClass(EventBusEngine.java:26) ~[eventbus-6.0.3.jar:?]
	at net.minecraftforge.eventbus.service.ModLauncherService.processClassWithFlags(ModLauncherService.java:32) ~[eventbus-6.0.3.jar:6.0.3+6.0.3+master.039e4ea9]
	at cpw.mods.modlauncher.LaunchPluginHandler.offerClassNodeToPlugins(LaunchPluginHandler.java:88) ~[modlauncher-10.0.8.jar:?]
	at cpw.mods.modlauncher.ClassTransformer.transform(ClassTransformer.java:120) ~[modlauncher-10.0.8.jar:?]
	at cpw.mods.modlauncher.TransformingClassLoader.maybeTransformClassBytes(TransformingClassLoader.java:50) ~[modlauncher-10.0.8.jar:?]
	at cpw.mods.cl.ModuleClassLoader.readerToClass(ModuleClassLoader.java:113) ~[securejarhandler-2.1.4.jar:?]
	at cpw.mods.cl.ModuleClassLoader.lambda$findClass$15(ModuleClassLoader.java:219) ~[securejarhandler-2.1.4.jar:?]
	at cpw.mods.cl.ModuleClassLoader.loadFromModule(ModuleClassLoader.java:229) ~[securejarhandler-2.1.4.jar:?]
	at cpw.mods.cl.ModuleClassLoader.findClass(ModuleClassLoader.java:219) ~[securejarhandler-2.1.4.jar:?]
	at cpw.mods.cl.ModuleClassLoader.loadClass(ModuleClassLoader.java:135) ~[securejarhandler-2.1.4.jar:?]
	at java.lang.ClassLoader.loadClass(Unknown Source) ~[?:?]
	at com.neovisionaries.ws.client.WebSocketFactory.createWebSocket(WebSocketFactory.java:952) ~[?:?]
	at com.neovisionaries.ws.client.WebSocketFactory.createSocket(WebSocketFactory.java:804) ~[?:?]
	at com.neovisionaries.ws.client.WebSocketFactory.createSocket(WebSocketFactory.java:780) ~[?:?]
	at com.neovisionaries.ws.client.WebSocketFactory.createSocket(WebSocketFactory.java:564) ~[?:?]
	at com.neovisionaries.ws.client.WebSocketFactory.createSocket(WebSocketFactory.java:520) ~[?:?]
	at org.figuramc.figura.backend2.trust.KeyStoreHelper.websocketWithBackendCertificates(KeyStoreHelper.java:36) ~[?:?]
	at org.figuramc.figura.backend2.NetworkStuff.connectWS(NetworkStuff.java:441) ~[?:?]
	at org.figuramc.figura.backend2.NetworkStuff.connect(NetworkStuff.java:206) ~[?:?]
	at org.figuramc.figura.backend2.NetworkStuff.authSuccess(NetworkStuff.java:188) ~[?:?]
	at org.figuramc.figura.backend2.AuthHandler.lambda$auth$0(AuthHandler.java:33) ~[?:?]
	at java.util.concurrent.CompletableFuture$AsyncRun.run(Unknown Source) ~[?:?]
	at java.util.concurrent.CompletableFuture$AsyncRun.exec(Unknown Source) ~[?:?]
	at java.util.concurrent.ForkJoinTask.doExec(Unknown Source) ~[?:?]
	at java.util.concurrent.ForkJoinPool$WorkQueue.topLevelExec(Unknown Source) ~[?:?]
	at java.util.concurrent.ForkJoinPool.scan(Unknown Source) ~[?:?]
	at java.util.concurrent.ForkJoinPool.runWorker(Unknown Source) ~[?:?]
	at java.util.concurrent.ForkJoinWorkerThread.run(Unknown Source) ~[?:?]
[10:49:11] [ForkJoinPool.commonPool-worker-1/ERROR]: Could not find parent com/neovisionaries/ws/client/PeriodicalFrameSender for class com/neovisionaries/ws/client/PingSender in classloader jdk.internal.loader.ClassLoaders$AppClassLoader@76ed5528 on thread Thread[ForkJoinPool.commonPool-worker-1,5,main]
[10:49:11] [ForkJoinPool.commonPool-worker-1/ERROR]: An error occurred building event handler
java.lang.ClassNotFoundException: com.neovisionaries.ws.client.PeriodicalFrameSender
	at jdk.internal.loader.BuiltinClassLoader.loadClass(Unknown Source) ~[?:?]
	at jdk.internal.loader.ClassLoaders$AppClassLoader.loadClass(Unknown Source) ~[?:?]
	at java.lang.ClassLoader.loadClass(Unknown Source) ~[?:?]
	at net.minecraftforge.eventbus.EventSubclassTransformer.buildEvents(EventSubclassTransformer.java:92) ~[eventbus-6.0.3.jar:?]
	at net.minecraftforge.eventbus.EventSubclassTransformer.transform(EventSubclassTransformer.java:44) ~[eventbus-6.0.3.jar:?]
	at net.minecraftforge.eventbus.EventBusEngine.processClass(EventBusEngine.java:26) ~[eventbus-6.0.3.jar:?]
	at net.minecraftforge.eventbus.service.ModLauncherService.processClassWithFlags(ModLauncherService.java:32) ~[eventbus-6.0.3.jar:6.0.3+6.0.3+master.039e4ea9]
	at cpw.mods.modlauncher.LaunchPluginHandler.offerClassNodeToPlugins(LaunchPluginHandler.java:88) ~[modlauncher-10.0.8.jar:?]
	at cpw.mods.modlauncher.ClassTransformer.transform(ClassTransformer.java:120) ~[modlauncher-10.0.8.jar:?]
	at cpw.mods.modlauncher.TransformingClassLoader.maybeTransformClassBytes(TransformingClassLoader.java:50) ~[modlauncher-10.0.8.jar:?]
	at cpw.mods.cl.ModuleClassLoader.readerToClass(ModuleClassLoader.java:113) ~[securejarhandler-2.1.4.jar:?]
	at cpw.mods.cl.ModuleClassLoader.lambda$findClass$15(ModuleClassLoader.java:219) ~[securejarhandler-2.1.4.jar:?]
	at cpw.mods.cl.ModuleClassLoader.loadFromModule(ModuleClassLoader.java:229) ~[securejarhandler-2.1.4.jar:?]
	at cpw.mods.cl.ModuleClassLoader.findClass(ModuleClassLoader.java:219) ~[securejarhandler-2.1.4.jar:?]
	at cpw.mods.cl.ModuleClassLoader.loadClass(ModuleClassLoader.java:135) ~[securejarhandler-2.1.4.jar:?]
	at java.lang.ClassLoader.loadClass(Unknown Source) ~[?:?]
	at com.neovisionaries.ws.client.WebSocket.<init>(WebSocket.java:1146) ~[?:?]
	at com.neovisionaries.ws.client.WebSocketFactory.createWebSocket(WebSocketFactory.java:952) ~[?:?]
	at com.neovisionaries.ws.client.WebSocketFactory.createSocket(WebSocketFactory.java:804) ~[?:?]
	at com.neovisionaries.ws.client.WebSocketFactory.createSocket(WebSocketFactory.java:780) ~[?:?]
	at com.neovisionaries.ws.client.WebSocketFactory.createSocket(WebSocketFactory.java:564) ~[?:?]
	at com.neovisionaries.ws.client.WebSocketFactory.createSocket(WebSocketFactory.java:520) ~[?:?]
	at org.figuramc.figura.backend2.trust.KeyStoreHelper.websocketWithBackendCertificates(KeyStoreHelper.java:36) ~[?:?]
	at org.figuramc.figura.backend2.NetworkStuff.connectWS(NetworkStuff.java:441) ~[?:?]
	at org.figuramc.figura.backend2.NetworkStuff.connect(NetworkStuff.java:206) ~[?:?]
	at org.figuramc.figura.backend2.NetworkStuff.authSuccess(NetworkStuff.java:188) ~[?:?]
	at org.figuramc.figura.backend2.AuthHandler.lambda$auth$0(AuthHandler.java:33) ~[?:?]
	at java.util.concurrent.CompletableFuture$AsyncRun.run(Unknown Source) ~[?:?]
	at java.util.concurrent.CompletableFuture$AsyncRun.exec(Unknown Source) ~[?:?]
	at java.util.concurrent.ForkJoinTask.doExec(Unknown Source) ~[?:?]
	at java.util.concurrent.ForkJoinPool$WorkQueue.topLevelExec(Unknown Source) ~[?:?]
	at java.util.concurrent.ForkJoinPool.scan(Unknown Source) ~[?:?]
	at java.util.concurrent.ForkJoinPool.runWorker(Unknown Source) ~[?:?]
	at java.util.concurrent.ForkJoinWorkerThread.run(Unknown Source) ~[?:?]
[10:49:11] [ForkJoinPool.commonPool-worker-1/ERROR]: Could not find parent com/neovisionaries/ws/client/PeriodicalFrameSender for class com/neovisionaries/ws/client/PongSender in classloader jdk.internal.loader.ClassLoaders$AppClassLoader@76ed5528 on thread Thread[ForkJoinPool.commonPool-worker-1,5,main]
[10:49:11] [ForkJoinPool.commonPool-worker-1/ERROR]: An error occurred building event handler
java.lang.ClassNotFoundException: com.neovisionaries.ws.client.PeriodicalFrameSender
	at jdk.internal.loader.BuiltinClassLoader.loadClass(Unknown Source) ~[?:?]
	at jdk.internal.loader.ClassLoaders$AppClassLoader.loadClass(Unknown Source) ~[?:?]
	at java.lang.ClassLoader.loadClass(Unknown Source) ~[?:?]
	at net.minecraftforge.eventbus.EventSubclassTransformer.buildEvents(EventSubclassTransformer.java:92) ~[eventbus-6.0.3.jar:?]
	at net.minecraftforge.eventbus.EventSubclassTransformer.transform(EventSubclassTransformer.java:44) ~[eventbus-6.0.3.jar:?]
	at net.minecraftforge.eventbus.EventBusEngine.processClass(EventBusEngine.java:26) ~[eventbus-6.0.3.jar:?]
	at net.minecraftforge.eventbus.service.ModLauncherService.processClassWithFlags(ModLauncherService.java:32) ~[eventbus-6.0.3.jar:6.0.3+6.0.3+master.039e4ea9]
	at cpw.mods.modlauncher.LaunchPluginHandler.offerClassNodeToPlugins(LaunchPluginHandler.java:88) ~[modlauncher-10.0.8.jar:?]
	at cpw.mods.modlauncher.ClassTransformer.transform(ClassTransformer.java:120) ~[modlauncher-10.0.8.jar:?]
	at cpw.mods.modlauncher.TransformingClassLoader.maybeTransformClassBytes(TransformingClassLoader.java:50) ~[modlauncher-10.0.8.jar:?]
	at cpw.mods.cl.ModuleClassLoader.readerToClass(ModuleClassLoader.java:113) ~[securejarhandler-2.1.4.jar:?]
	at cpw.mods.cl.ModuleClassLoader.lambda$findClass$15(ModuleClassLoader.java:219) ~[securejarhandler-2.1.4.jar:?]
	at cpw.mods.cl.ModuleClassLoader.loadFromModule(ModuleClassLoader.java:229) ~[securejarhandler-2.1.4.jar:?]
	at cpw.mods.cl.ModuleClassLoader.findClass(ModuleClassLoader.java:219) ~[securejarhandler-2.1.4.jar:?]
	at cpw.mods.cl.ModuleClassLoader.loadClass(ModuleClassLoader.java:135) ~[securejarhandler-2.1.4.jar:?]
	at java.lang.ClassLoader.loadClass(Unknown Source) ~[?:?]
	at com.neovisionaries.ws.client.WebSocket.<init>(WebSocket.java:1147) ~[?:?]
	at com.neovisionaries.ws.client.WebSocketFactory.createWebSocket(WebSocketFactory.java:952) ~[?:?]
	at com.neovisionaries.ws.client.WebSocketFactory.createSocket(WebSocketFactory.java:804) ~[?:?]
	at com.neovisionaries.ws.client.WebSocketFactory.createSocket(WebSocketFactory.java:780) ~[?:?]
	at com.neovisionaries.ws.client.WebSocketFactory.createSocket(WebSocketFactory.java:564) ~[?:?]
	at com.neovisionaries.ws.client.WebSocketFactory.createSocket(WebSocketFactory.java:520) ~[?:?]
	at org.figuramc.figura.backend2.trust.KeyStoreHelper.websocketWithBackendCertificates(KeyStoreHelper.java:36) ~[?:?]
	at org.figuramc.figura.backend2.NetworkStuff.connectWS(NetworkStuff.java:441) ~[?:?]
	at org.figuramc.figura.backend2.NetworkStuff.connect(NetworkStuff.java:206) ~[?:?]
	at org.figuramc.figura.backend2.NetworkStuff.authSuccess(NetworkStuff.java:188) ~[?:?]
	at org.figuramc.figura.backend2.AuthHandler.lambda$auth$0(AuthHandler.java:33) ~[?:?]
	at java.util.concurrent.CompletableFuture$AsyncRun.run(Unknown Source) ~[?:?]
	at java.util.concurrent.CompletableFuture$AsyncRun.exec(Unknown Source) ~[?:?]
	at java.util.concurrent.ForkJoinTask.doExec(Unknown Source) ~[?:?]
	at java.util.concurrent.ForkJoinPool$WorkQueue.topLevelExec(Unknown Source) ~[?:?]
	at java.util.concurrent.ForkJoinPool.scan(Unknown Source) ~[?:?]
	at java.util.concurrent.ForkJoinPool.runWorker(Unknown Source) ~[?:?]
	at java.util.concurrent.ForkJoinWorkerThread.run(Unknown Source) ~[?:?]
[10:49:11] [ForkJoinPool.commonPool-worker-1/ERROR]: Could not find parent com/neovisionaries/ws/client/PerMessageCompressionExtension for class com/neovisionaries/ws/client/PerMessageDeflateExtension in classloader jdk.internal.loader.ClassLoaders$AppClassLoader@76ed5528 on thread Thread[ForkJoinPool.commonPool-worker-1,5,main]
[10:49:11] [ForkJoinPool.commonPool-worker-1/ERROR]: An error occurred building event handler
java.lang.ClassNotFoundException: com.neovisionaries.ws.client.PerMessageCompressionExtension
	at jdk.internal.loader.BuiltinClassLoader.loadClass(Unknown Source) ~[?:?]
	at jdk.internal.loader.ClassLoaders$AppClassLoader.loadClass(Unknown Source) ~[?:?]
	at java.lang.ClassLoader.loadClass(Unknown Source) ~[?:?]
	at net.minecraftforge.eventbus.EventSubclassTransformer.buildEvents(EventSubclassTransformer.java:92) ~[eventbus-6.0.3.jar:?]
	at net.minecraftforge.eventbus.EventSubclassTransformer.transform(EventSubclassTransformer.java:44) ~[eventbus-6.0.3.jar:?]
	at net.minecraftforge.eventbus.EventBusEngine.processClass(EventBusEngine.java:26) ~[eventbus-6.0.3.jar:?]
	at net.minecraftforge.eventbus.service.ModLauncherService.processClassWithFlags(ModLauncherService.java:32) ~[eventbus-6.0.3.jar:6.0.3+6.0.3+master.039e4ea9]
	at cpw.mods.modlauncher.LaunchPluginHandler.offerClassNodeToPlugins(LaunchPluginHandler.java:88) ~[modlauncher-10.0.8.jar:?]
	at cpw.mods.modlauncher.ClassTransformer.transform(ClassTransformer.java:120) ~[modlauncher-10.0.8.jar:?]
	at cpw.mods.modlauncher.TransformingClassLoader.maybeTransformClassBytes(TransformingClassLoader.java:50) ~[modlauncher-10.0.8.jar:?]
	at cpw.mods.cl.ModuleClassLoader.readerToClass(ModuleClassLoader.java:113) ~[securejarhandler-2.1.4.jar:?]
	at cpw.mods.cl.ModuleClassLoader.lambda$findClass$15(ModuleClassLoader.java:219) ~[securejarhandler-2.1.4.jar:?]
	at cpw.mods.cl.ModuleClassLoader.loadFromModule(ModuleClassLoader.java:229) ~[securejarhandler-2.1.4.jar:?]
	at cpw.mods.cl.ModuleClassLoader.findClass(ModuleClassLoader.java:219) ~[securejarhandler-2.1.4.jar:?]
	at cpw.mods.cl.ModuleClassLoader.loadClass(ModuleClassLoader.java:135) ~[securejarhandler-2.1.4.jar:?]
	at java.lang.ClassLoader.loadClass(Unknown Source) ~[?:?]
	at com.neovisionaries.ws.client.HandshakeBuilder.addExtension(HandshakeBuilder.java:188) ~[?:?]
	at com.neovisionaries.ws.client.WebSocket.addExtension(WebSocket.java:1404) ~[?:?]
	at org.figuramc.figura.backend2.trust.KeyStoreHelper.websocketWithBackendCertificates(KeyStoreHelper.java:38) ~[?:?]
	at org.figuramc.figura.backend2.NetworkStuff.connectWS(NetworkStuff.java:441) ~[?:?]
	at org.figuramc.figura.backend2.NetworkStuff.connect(NetworkStuff.java:206) ~[?:?]
	at org.figuramc.figura.backend2.NetworkStuff.authSuccess(NetworkStuff.java:188) ~[?:?]
	at org.figuramc.figura.backend2.AuthHandler.lambda$auth$0(AuthHandler.java:33) ~[?:?]
	at java.util.concurrent.CompletableFuture$AsyncRun.run(Unknown Source) ~[?:?]
	at java.util.concurrent.CompletableFuture$AsyncRun.exec(Unknown Source) ~[?:?]
	at java.util.concurrent.ForkJoinTask.doExec(Unknown Source) ~[?:?]
	at java.util.concurrent.ForkJoinPool$WorkQueue.topLevelExec(Unknown Source) ~[?:?]
	at java.util.concurrent.ForkJoinPool.scan(Unknown Source) ~[?:?]
	at java.util.concurrent.ForkJoinPool.runWorker(Unknown Source) ~[?:?]
	at java.util.concurrent.ForkJoinWorkerThread.run(Unknown Source) ~[?:?]
[10:49:11] [ForkJoinPool.commonPool-worker-1/ERROR]: Could not find parent com/neovisionaries/ws/client/WebSocketExtension for class com/neovisionaries/ws/client/PerMessageCompressionExtension in classloader jdk.internal.loader.ClassLoaders$AppClassLoader@76ed5528 on thread Thread[ForkJoinPool.commonPool-worker-1,5,main]
[10:49:11] [ForkJoinPool.commonPool-worker-1/ERROR]: An error occurred building event handler
java.lang.ClassNotFoundException: com.neovisionaries.ws.client.WebSocketExtension
	at jdk.internal.loader.BuiltinClassLoader.loadClass(Unknown Source) ~[?:?]
	at jdk.internal.loader.ClassLoaders$AppClassLoader.loadClass(Unknown Source) ~[?:?]
	at java.lang.ClassLoader.loadClass(Unknown Source) ~[?:?]
	at net.minecraftforge.eventbus.EventSubclassTransformer.buildEvents(EventSubclassTransformer.java:92) ~[eventbus-6.0.3.jar:?]
	at net.minecraftforge.eventbus.EventSubclassTransformer.transform(EventSubclassTransformer.java:44) ~[eventbus-6.0.3.jar:?]
	at net.minecraftforge.eventbus.EventBusEngine.processClass(EventBusEngine.java:26) ~[eventbus-6.0.3.jar:?]
	at net.minecraftforge.eventbus.service.ModLauncherService.processClassWithFlags(ModLauncherService.java:32) ~[eventbus-6.0.3.jar:6.0.3+6.0.3+master.039e4ea9]
	at cpw.mods.modlauncher.LaunchPluginHandler.offerClassNodeToPlugins(LaunchPluginHandler.java:88) ~[modlauncher-10.0.8.jar:?]
	at cpw.mods.modlauncher.ClassTransformer.transform(ClassTransformer.java:120) ~[modlauncher-10.0.8.jar:?]
	at cpw.mods.modlauncher.TransformingClassLoader.maybeTransformClassBytes(TransformingClassLoader.java:50) ~[modlauncher-10.0.8.jar:?]
	at cpw.mods.cl.ModuleClassLoader.readerToClass(ModuleClassLoader.java:113) ~[securejarhandler-2.1.4.jar:?]
	at cpw.mods.cl.ModuleClassLoader.lambda$findClass$15(ModuleClassLoader.java:219) ~[securejarhandler-2.1.4.jar:?]
	at cpw.mods.cl.ModuleClassLoader.loadFromModule(ModuleClassLoader.java:229) ~[securejarhandler-2.1.4.jar:?]
	at cpw.mods.cl.ModuleClassLoader.findClass(ModuleClassLoader.java:219) ~[securejarhandler-2.1.4.jar:?]
	at cpw.mods.cl.ModuleClassLoader.loadClass(ModuleClassLoader.java:135) ~[securejarhandler-2.1.4.jar:?]
	at java.lang.ClassLoader.loadClass(Unknown Source) ~[?:?]
	at java.lang.ClassLoader.defineClass1(Native Method) ~[?:?]
	at java.lang.ClassLoader.defineClass(Unknown Source) ~[?:?]
	at cpw.mods.cl.ModuleClassLoader.readerToClass(ModuleClassLoader.java:119) ~[securejarhandler-2.1.4.jar:?]
	at cpw.mods.cl.ModuleClassLoader.lambda$findClass$15(ModuleClassLoader.java:219) ~[securejarhandler-2.1.4.jar:?]
	at cpw.mods.cl.ModuleClassLoader.loadFromModule(ModuleClassLoader.java:229) ~[securejarhandler-2.1.4.jar:?]
	at cpw.mods.cl.ModuleClassLoader.findClass(ModuleClassLoader.java:219) ~[securejarhandler-2.1.4.jar:?]
	at cpw.mods.cl.ModuleClassLoader.loadClass(ModuleClassLoader.java:135) ~[securejarhandler-2.1.4.jar:?]
	at java.lang.ClassLoader.loadClass(Unknown Source) ~[?:?]
	at com.neovisionaries.ws.client.HandshakeBuilder.addExtension(HandshakeBuilder.java:188) ~[?:?]
	at com.neovisionaries.ws.client.WebSocket.addExtension(WebSocket.java:1404) ~[?:?]
	at org.figuramc.figura.backend2.trust.KeyStoreHelper.websocketWithBackendCertificates(KeyStoreHelper.java:38) ~[?:?]
	at org.figuramc.figura.backend2.NetworkStuff.connectWS(NetworkStuff.java:441) ~[?:?]
	at org.figuramc.figura.backend2.NetworkStuff.connect(NetworkStuff.java:206) ~[?:?]
	at org.figuramc.figura.backend2.NetworkStuff.authSuccess(NetworkStuff.java:188) ~[?:?]
	at org.figuramc.figura.backend2.AuthHandler.lambda$auth$0(AuthHandler.java:33) ~[?:?]
	at java.util.concurrent.CompletableFuture$AsyncRun.run(Unknown Source) ~[?:?]
	at java.util.concurrent.CompletableFuture$AsyncRun.exec(Unknown Source) ~[?:?]
	at java.util.concurrent.ForkJoinTask.doExec(Unknown Source) ~[?:?]
	at java.util.concurrent.ForkJoinPool$WorkQueue.topLevelExec(Unknown Source) ~[?:?]
	at java.util.concurrent.ForkJoinPool.scan(Unknown Source) ~[?:?]
	at java.util.concurrent.ForkJoinPool.runWorker(Unknown Source) ~[?:?]
	at java.util.concurrent.ForkJoinWorkerThread.run(Unknown Source) ~[?:?]
[10:49:11] [ForkJoinPool.commonPool-worker-1/ERROR]: Could not find parent com/neovisionaries/ws/client/Huffman for class com/neovisionaries/ws/client/FixedLiteralLengthHuffman in classloader jdk.internal.loader.ClassLoaders$AppClassLoader@76ed5528 on thread Thread[ForkJoinPool.commonPool-worker-1,5,main]
[10:49:11] [ForkJoinPool.commonPool-worker-1/ERROR]: An error occurred building event handler
java.lang.ClassNotFoundException: com.neovisionaries.ws.client.Huffman
	at jdk.internal.loader.BuiltinClassLoader.loadClass(Unknown Source) ~[?:?]
	at jdk.internal.loader.ClassLoaders$AppClassLoader.loadClass(Unknown Source) ~[?:?]
	at java.lang.ClassLoader.loadClass(Unknown Source) ~[?:?]
	at net.minecraftforge.eventbus.EventSubclassTransformer.buildEvents(EventSubclassTransformer.java:92) ~[eventbus-6.0.3.jar:?]
	at net.minecraftforge.eventbus.EventSubclassTransformer.transform(EventSubclassTransformer.java:44) ~[eventbus-6.0.3.jar:?]
	at net.minecraftforge.eventbus.EventBusEngine.processClass(EventBusEngine.java:26) ~[eventbus-6.0.3.jar:?]
	at net.minecraftforge.eventbus.service.ModLauncherService.processClassWithFlags(ModLauncherService.java:32) ~[eventbus-6.0.3.jar:6.0.3+6.0.3+master.039e4ea9]
	at cpw.mods.modlauncher.LaunchPluginHandler.offerClassNodeToPlugins(LaunchPluginHandler.java:88) ~[modlauncher-10.0.8.jar:?]
	at cpw.mods.modlauncher.ClassTransformer.transform(ClassTransformer.java:120) ~[modlauncher-10.0.8.jar:?]
	at cpw.mods.modlauncher.TransformingClassLoader.maybeTransformClassBytes(TransformingClassLoader.java:50) ~[modlauncher-10.0.8.jar:?]
	at cpw.mods.cl.ModuleClassLoader.readerToClass(ModuleClassLoader.java:113) ~[securejarhandler-2.1.4.jar:?]
	at cpw.mods.cl.ModuleClassLoader.lambda$findClass$15(ModuleClassLoader.java:219) ~[securejarhandler-2.1.4.jar:?]
	at cpw.mods.cl.ModuleClassLoader.loadFromModule(ModuleClassLoader.java:229) ~[securejarhandler-2.1.4.jar:?]
	at cpw.mods.cl.ModuleClassLoader.findClass(ModuleClassLoader.java:219) ~[securejarhandler-2.1.4.jar:?]
	at cpw.mods.cl.ModuleClassLoader.loadClass(ModuleClassLoader.java:135) ~[securejarhandler-2.1.4.jar:?]
	at java.lang.ClassLoader.loadClass(Unknown Source) ~[?:?]
	at com.neovisionaries.ws.client.WebSocketExtension.createInstance(WebSocketExtension.java:329) ~[?:?]
	at com.neovisionaries.ws.client.WebSocketExtension.parse(WebSocketExtension.java:268) ~[?:?]
	at com.neovisionaries.ws.client.HandshakeBuilder.addExtension(HandshakeBuilder.java:188) ~[?:?]
	at com.neovisionaries.ws.client.WebSocket.addExtension(WebSocket.java:1404) ~[?:?]
	at org.figuramc.figura.backend2.trust.KeyStoreHelper.websocketWithBackendCertificates(KeyStoreHelper.java:38) ~[?:?]
	at org.figuramc.figura.backend2.NetworkStuff.connectWS(NetworkStuff.java:441) ~[?:?]
	at org.figuramc.figura.backend2.NetworkStuff.connect(NetworkStuff.java:206) ~[?:?]
	at org.figuramc.figura.backend2.NetworkStuff.authSuccess(NetworkStuff.java:188) ~[?:?]
	at org.figuramc.figura.backend2.AuthHandler.lambda$auth$0(AuthHandler.java:33) ~[?:?]
	at java.util.concurrent.CompletableFuture$AsyncRun.run(Unknown Source) ~[?:?]
	at java.util.concurrent.CompletableFuture$AsyncRun.exec(Unknown Source) ~[?:?]
	at java.util.concurrent.ForkJoinTask.doExec(Unknown Source) ~[?:?]
	at java.util.concurrent.ForkJoinPool$WorkQueue.topLevelExec(Unknown Source) ~[?:?]
	at java.util.concurrent.ForkJoinPool.scan(Unknown Source) ~[?:?]
	at java.util.concurrent.ForkJoinPool.runWorker(Unknown Source) ~[?:?]
	at java.util.concurrent.ForkJoinWorkerThread.run(Unknown Source) ~[?:?]
[10:49:11] [ForkJoinPool.commonPool-worker-1/ERROR]: Could not find parent com/neovisionaries/ws/client/Huffman for class com/neovisionaries/ws/client/FixedDistanceHuffman in classloader jdk.internal.loader.ClassLoaders$AppClassLoader@76ed5528 on thread Thread[ForkJoinPool.commonPool-worker-1,5,main]
[10:49:11] [ForkJoinPool.commonPool-worker-1/ERROR]: An error occurred building event handler
java.lang.ClassNotFoundException: com.neovisionaries.ws.client.Huffman
	at jdk.internal.loader.BuiltinClassLoader.loadClass(Unknown Source) ~[?:?]
	at jdk.internal.loader.ClassLoaders$AppClassLoader.loadClass(Unknown Source) ~[?:?]
	at java.lang.ClassLoader.loadClass(Unknown Source) ~[?:?]
	at net.minecraftforge.eventbus.EventSubclassTransformer.buildEvents(EventSubclassTransformer.java:92) ~[eventbus-6.0.3.jar:?]
	at net.minecraftforge.eventbus.EventSubclassTransformer.transform(EventSubclassTransformer.java:44) ~[eventbus-6.0.3.jar:?]
	at net.minecraftforge.eventbus.EventBusEngine.processClass(EventBusEngine.java:26) ~[eventbus-6.0.3.jar:?]
	at net.minecraftforge.eventbus.service.ModLauncherService.processClassWithFlags(ModLauncherService.java:32) ~[eventbus-6.0.3.jar:6.0.3+6.0.3+master.039e4ea9]
	at cpw.mods.modlauncher.LaunchPluginHandler.offerClassNodeToPlugins(LaunchPluginHandler.java:88) ~[modlauncher-10.0.8.jar:?]
	at cpw.mods.modlauncher.ClassTransformer.transform(ClassTransformer.java:120) ~[modlauncher-10.0.8.jar:?]
	at cpw.mods.modlauncher.TransformingClassLoader.maybeTransformClassBytes(TransformingClassLoader.java:50) ~[modlauncher-10.0.8.jar:?]
	at cpw.mods.cl.ModuleClassLoader.readerToClass(ModuleClassLoader.java:113) ~[securejarhandler-2.1.4.jar:?]
	at cpw.mods.cl.ModuleClassLoader.lambda$findClass$15(ModuleClassLoader.java:219) ~[securejarhandler-2.1.4.jar:?]
	at cpw.mods.cl.ModuleClassLoader.loadFromModule(ModuleClassLoader.java:229) ~[securejarhandler-2.1.4.jar:?]
	at cpw.mods.cl.ModuleClassLoader.findClass(ModuleClassLoader.java:219) ~[securejarhandler-2.1.4.jar:?]
	at cpw.mods.cl.ModuleClassLoader.loadClass(ModuleClassLoader.java:135) ~[securejarhandler-2.1.4.jar:?]
	at java.lang.ClassLoader.loadClass(Unknown Source) ~[?:?]
	at com.neovisionaries.ws.client.WebSocketExtension.createInstance(WebSocketExtension.java:329) ~[?:?]
	at com.neovisionaries.ws.client.WebSocketExtension.parse(WebSocketExtension.java:268) ~[?:?]
	at com.neovisionaries.ws.client.HandshakeBuilder.addExtension(HandshakeBuilder.java:188) ~[?:?]
	at com.neovisionaries.ws.client.WebSocket.addExtension(WebSocket.java:1404) ~[?:?]
	at org.figuramc.figura.backend2.trust.KeyStoreHelper.websocketWithBackendCertificates(KeyStoreHelper.java:38) ~[?:?]
	at org.figuramc.figura.backend2.NetworkStuff.connectWS(NetworkStuff.java:441) ~[?:?]
	at org.figuramc.figura.backend2.NetworkStuff.connect(NetworkStuff.java:206) ~[?:?]
	at org.figuramc.figura.backend2.NetworkStuff.authSuccess(NetworkStuff.java:188) ~[?:?]
	at org.figuramc.figura.backend2.AuthHandler.lambda$auth$0(AuthHandler.java:33) ~[?:?]
	at java.util.concurrent.CompletableFuture$AsyncRun.run(Unknown Source) ~[?:?]
	at java.util.concurrent.CompletableFuture$AsyncRun.exec(Unknown Source) ~[?:?]
	at java.util.concurrent.ForkJoinTask.doExec(Unknown Source) ~[?:?]
	at java.util.concurrent.ForkJoinPool$WorkQueue.topLevelExec(Unknown Source) ~[?:?]
	at java.util.concurrent.ForkJoinPool.scan(Unknown Source) ~[?:?]
	at java.util.concurrent.ForkJoinPool.runWorker(Unknown Source) ~[?:?]
	at java.util.concurrent.ForkJoinWorkerThread.run(Unknown Source) ~[?:?]
[10:49:11] [Render thread/ERROR]: Unreported exception thrown!
java.lang.NullPointerException: Registry entry not present: createdieselgenerators:large_diesel_engine
	at java.util.Objects.requireNonNull(Unknown Source) ~[?:?]
	at com.tterrag.registrate.util.entry.RegistryEntry.get(RegistryEntry.java:105) ~[Registrate-MC1.19-1.1.5.jar%23858!/:?]
	at com.tterrag.registrate.util.entry.ItemProviderEntry.is(ItemProviderEntry.java:29) ~[Registrate-MC1.19-1.1.5.jar%23858!/:?]
	at com.tterrag.registrate.util.entry.ItemProviderEntry.isIn(ItemProviderEntry.java:25) ~[Registrate-MC1.19-1.1.5.jar%23858!/:?]
	at com.simibubi.create.foundation.placement.IPlacementHelper.matchesItem(IPlacementHelper.java:161) ~[create-1.19.2-0.5.1.i.jar%23516!/:0.5.1.i]
	at com.simibubi.create.foundation.placement.PlacementHelpers.lambda$checkHelpers$0(PlacementHelpers.java:104) ~[create-1.19.2-0.5.1.i.jar%23516!/:0.5.1.i]
	at java.util.stream.ReferencePipeline$2$1.accept(Unknown Source) ~[?:?]
	at java.util.ArrayList$ArrayListSpliterator.forEachRemaining(Unknown Source) ~[?:?]
	at java.util.stream.AbstractPipeline.copyInto(Unknown Source) ~[?:?]
	at java.util.stream.AbstractPipeline.wrapAndCopyInto(Unknown Source) ~[?:?]
	at java.util.stream.ReduceOps$ReduceOp.evaluateSequential(Unknown Source) ~[?:?]
	at java.util.stream.AbstractPipeline.evaluate(Unknown Source) ~[?:?]
	at java.util.stream.ReferencePipeline.collect(Unknown Source) ~[?:?]
	at com.simibubi.create.foundation.placement.PlacementHelpers.checkHelpers(PlacementHelpers.java:105) ~[create-1.19.2-0.5.1.i.jar%23516!/:0.5.1.i]
	at com.simibubi.create.foundation.placement.PlacementHelpers.tick(PlacementHelpers.java:66) ~[create-1.19.2-0.5.1.i.jar%23516!/:0.5.1.i]
	at com.simibubi.create.foundation.events.ClientEvents.onTick(ClientEvents.java:156) ~[create-1.19.2-0.5.1.i.jar%23516!/:0.5.1.i]
	at com.simibubi.create.foundation.events.__ClientEvents_onTick_ClientTickEvent.invoke(.dynamic) ~[create-1.19.2-0.5.1.i.jar%23516!/:0.5.1.i]
	at net.minecraftforge.eventbus.ASMEventHandler.invoke(ASMEventHandler.java:73) ~[eventbus-6.0.3.jar%23129!/:?]
	at net.minecraftforge.eventbus.EventBus.post(EventBus.java:315) ~[eventbus-6.0.3.jar%23129!/:?]
	at net.minecraftforge.eventbus.EventBus.post(EventBus.java:296) ~[eventbus-6.0.3.jar%23129!/:?]
	at net.minecraftforge.event.ForgeEventFactory.onPostClientTick(ForgeEventFactory.java:839) ~[forge-1.19.2-43.5.1-universal.jar%23745!/:?]
	at net.minecraft.client.Minecraft.m_91398_(Minecraft.java:1852) ~[client-1.19.2-20220805.130853-srg.jar%23740!/:?]
	at net.minecraft.client.Minecraft.m_91383_(Minecraft.java:1078) ~[client-1.19.2-20220805.130853-srg.jar%23740!/:?]
	at net.minecraft.client.Minecraft.m_91374_(Minecraft.java:700) ~[client-1.19.2-20220805.130853-srg.jar%23740!/:?]
	at net.minecraft.client.main.Main.m_239872_(Main.java:212) ~[1.19.2-43.5.1.jar:?]
	at net.minecraft.client.main.Main.main(Main.java:51) ~[1.19.2-43.5.1.jar:?]
	at jdk.internal.reflect.NativeMethodAccessorImpl.invoke0(Native Method) ~[?:?]
	at jdk.internal.reflect.NativeMethodAccessorImpl.invoke(Unknown Source) ~[?:?]
	at jdk.internal.reflect.DelegatingMethodAccessorImpl.invoke(Unknown Source) ~[?:?]
	at java.lang.reflect.Method.invoke(Unknown Source) ~[?:?]
	at net.minecraftforge.fml.loading.targets.CommonClientLaunchHandler.lambda$launchService$0(CommonClientLaunchHandler.java:27) ~[fmlloader-1.19.2-43.5.1.jar:?]
	at cpw.mods.modlauncher.LaunchServiceHandlerDecorator.launch(LaunchServiceHandlerDecorator.java:30) ~[modlauncher-10.0.8.jar:?]
	at cpw.mods.modlauncher.LaunchServiceHandler.launch(LaunchServiceHandler.java:53) ~[modlauncher-10.0.8.jar:?]
	at cpw.mods.modlauncher.LaunchServiceHandler.launch(LaunchServiceHandler.java:71) ~[modlauncher-10.0.8.jar:?]
	at cpw.mods.modlauncher.Launcher.run(Launcher.java:106) ~[modlauncher-10.0.8.jar:?]
	at cpw.mods.modlauncher.Launcher.main(Launcher.java:77) ~[modlauncher-10.0.8.jar:?]
	at cpw.mods.modlauncher.BootstrapLaunchConsumer.accept(BootstrapLaunchConsumer.java:26) ~[modlauncher-10.0.8.jar:?]
	at cpw.mods.modlauncher.BootstrapLaunchConsumer.accept(BootstrapLaunchConsumer.java:23) ~[modlauncher-10.0.8.jar:?]
	at cpw.mods.bootstraplauncher.BootstrapLauncher.main(BootstrapLauncher.java:141) ~[bootstraplauncher-1.1.2.jar:?]
	at jdk.internal.reflect.NativeMethodAccessorImpl.invoke0(Native Method) ~[?:?]
	at jdk.internal.reflect.NativeMethodAccessorImpl.invoke(Unknown Source) ~[?:?]
	at jdk.internal.reflect.DelegatingMethodAccessorImpl.invoke(Unknown Source) ~[?:?]
	at java.lang.reflect.Method.invoke(Unknown Source) ~[?:?]
	at com.modrinth.theseus.MinecraftLaunch.relaunch(MinecraftLaunch.java:63) ~[theseus.jar%2379!/:?]
	at com.modrinth.theseus.MinecraftLaunch.main(MinecraftLaunch.java:28) ~[theseus.jar%2379!/:?]
[10:49:13] [Render thread/INFO]: [EMI] Disconnecting from server, EMI data cleared
[10:49:13] [Thread-73/INFO]: [EMI] Clearing data
[10:49:13] [Render thread/INFO]: Finalizing world map session...
[10:49:13] [Thread-32/INFO]: World map force-cleaned!
[10:49:13] [Netty Client IO #2/INFO]: Received common config 'fallingtrees:fallingtrees_common' from server
[10:49:13] [Render thread/INFO]: World map session finalized.
[10:49:13] [Render thread/INFO]: Xaero hud session finalized.
[10:49:13] [Render thread/INFO]: Unloading synced configs from server
[10:49:13] [Render thread/INFO]: JEI StartEventObserver received class net.minecraftforge.client.event.ClientPlayerNetworkEvent$LoggingOut
[10:49:13] [Render thread/INFO]: JEI StartEventObserver transitioning state from ENABLED to DISABLED
[10:49:13] [Sound engine/ERROR]: Stop: Invalid name parameter.
[10:49:13] [Render thread/INFO]: [FANCYMENU] ScreenCustomizationLayer registered: generic_dirt_message_screen
[10:49:13] [Render thread/INFO]: Saved lock repository 'localhost'
[10:49:13] [Render thread/INFO]: [voicechat] Clearing audio channels
[10:49:13] [ForkJoinPool.commonPool-worker-1/ERROR]: Could not find parent com/neovisionaries/ws/client/WebSocketException for class com/neovisionaries/ws/client/InsufficientDataException in classloader jdk.internal.loader.ClassLoaders$AppClassLoader@76ed5528 on thread Thread[ForkJoinPool.commonPool-worker-1,5,main]
[10:49:13] [ForkJoinPool.commonPool-worker-1/ERROR]: An error occurred building event handler
java.lang.ClassNotFoundException: com.neovisionaries.ws.client.WebSocketException
	at jdk.internal.loader.BuiltinClassLoader.loadClass(Unknown Source) ~[?:?]
	at jdk.internal.loader.ClassLoaders$AppClassLoader.loadClass(Unknown Source) ~[?:?]
	at java.lang.ClassLoader.loadClass(Unknown Source) ~[?:?]
	at net.minecraftforge.eventbus.EventSubclassTransformer.buildEvents(EventSubclassTransformer.java:92) ~[eventbus-6.0.3.jar:?]
	at net.minecraftforge.eventbus.EventSubclassTransformer.transform(EventSubclassTransformer.java:44) ~[eventbus-6.0.3.jar:?]
	at net.minecraftforge.eventbus.EventBusEngine.processClass(EventBusEngine.java:26) ~[eventbus-6.0.3.jar:?]
	at net.minecraftforge.eventbus.service.ModLauncherService.processClassWithFlags(ModLauncherService.java:32) ~[eventbus-6.0.3.jar:6.0.3+6.0.3+master.039e4ea9]
	at cpw.mods.modlauncher.LaunchPluginHandler.offerClassNodeToPlugins(LaunchPluginHandler.java:88) ~[modlauncher-10.0.8.jar:?]
	at cpw.mods.modlauncher.ClassTransformer.transform(ClassTransformer.java:120) ~[modlauncher-10.0.8.jar:?]
	at cpw.mods.modlauncher.TransformingClassLoader.maybeTransformClassBytes(TransformingClassLoader.java:50) ~[modlauncher-10.0.8.jar:?]
	at cpw.mods.cl.ModuleClassLoader.readerToClass(ModuleClassLoader.java:113) ~[securejarhandler-2.1.4.jar:?]
	at cpw.mods.cl.ModuleClassLoader.lambda$findClass$15(ModuleClassLoader.java:219) ~[securejarhandler-2.1.4.jar:?]
	at cpw.mods.cl.ModuleClassLoader.loadFromModule(ModuleClassLoader.java:229) ~[securejarhandler-2.1.4.jar:?]
	at cpw.mods.cl.ModuleClassLoader.findClass(ModuleClassLoader.java:219) ~[securejarhandler-2.1.4.jar:?]
	at cpw.mods.cl.ModuleClassLoader.loadClass(ModuleClassLoader.java:135) ~[securejarhandler-2.1.4.jar:?]
	at java.lang.ClassLoader.loadClass(Unknown Source) ~[?:?]
	at com.neovisionaries.ws.client.WebSocket.openInputStream(WebSocket.java:3341) ~[?:?]
	at com.neovisionaries.ws.client.WebSocket.shakeHands(WebSocket.java:3307) ~[?:?]
	at com.neovisionaries.ws.client.WebSocket.connect(WebSocket.java:2354) ~[?:?]
	at org.figuramc.figura.backend2.NetworkStuff.connectWS(NetworkStuff.java:442) ~[?:?]
	at org.figuramc.figura.backend2.NetworkStuff.connect(NetworkStuff.java:206) ~[?:?]
	at org.figuramc.figura.backend2.NetworkStuff.authSuccess(NetworkStuff.java:188) ~[?:?]
	at org.figuramc.figura.backend2.AuthHandler.lambda$auth$0(AuthHandler.java:33) ~[?:?]
	at java.util.concurrent.CompletableFuture$AsyncRun.run(Unknown Source) ~[?:?]
	at java.util.concurrent.CompletableFuture$AsyncRun.exec(Unknown Source) ~[?:?]
	at java.util.concurrent.ForkJoinTask.doExec(Unknown Source) ~[?:?]
	at java.util.concurrent.ForkJoinPool$WorkQueue.topLevelExec(Unknown Source) ~[?:?]
	at java.util.concurrent.ForkJoinPool.scan(Unknown Source) ~[?:?]
	at java.util.concurrent.ForkJoinPool.runWorker(Unknown Source) ~[?:?]
	at java.util.concurrent.ForkJoinWorkerThread.run(Unknown Source) ~[?:?]
[10:49:13] [ForkJoinPool.commonPool-worker-1/ERROR]: Could not find parent com/neovisionaries/ws/client/WebSocketException for class com/neovisionaries/ws/client/NoMoreFrameException in classloader jdk.internal.loader.ClassLoaders$AppClassLoader@76ed5528 on thread Thread[ForkJoinPool.commonPool-worker-1,5,main]
[10:49:13] [ForkJoinPool.commonPool-worker-1/ERROR]: An error occurred building event handler
java.lang.ClassNotFoundException: com.neovisionaries.ws.client.WebSocketException
	at jdk.internal.loader.BuiltinClassLoader.loadClass(Unknown Source) ~[?:?]
	at jdk.internal.loader.ClassLoaders$AppClassLoader.loadClass(Unknown Source) ~[?:?]
	at java.lang.ClassLoader.loadClass(Unknown Source) ~[?:?]
	at net.minecraftforge.eventbus.EventSubclassTransformer.buildEvents(EventSubclassTransformer.java:92) ~[eventbus-6.0.3.jar:?]
	at net.minecraftforge.eventbus.EventSubclassTransformer.transform(EventSubclassTransformer.java:44) ~[eventbus-6.0.3.jar:?]
	at net.minecraftforge.eventbus.EventBusEngine.processClass(EventBusEngine.java:26) ~[eventbus-6.0.3.jar:?]
	at net.minecraftforge.eventbus.service.ModLauncherService.processClassWithFlags(ModLauncherService.java:32) ~[eventbus-6.0.3.jar:6.0.3+6.0.3+master.039e4ea9]
	at cpw.mods.modlauncher.LaunchPluginHandler.offerClassNodeToPlugins(LaunchPluginHandler.java:88) ~[modlauncher-10.0.8.jar:?]
	at cpw.mods.modlauncher.ClassTransformer.transform(ClassTransformer.java:120) ~[modlauncher-10.0.8.jar:?]
	at cpw.mods.modlauncher.TransformingClassLoader.maybeTransformClassBytes(TransformingClassLoader.java:50) ~[modlauncher-10.0.8.jar:?]
	at cpw.mods.cl.ModuleClassLoader.readerToClass(ModuleClassLoader.java:113) ~[securejarhandler-2.1.4.jar:?]
	at cpw.mods.cl.ModuleClassLoader.lambda$findClass$15(ModuleClassLoader.java:219) ~[securejarhandler-2.1.4.jar:?]
	at cpw.mods.cl.ModuleClassLoader.loadFromModule(ModuleClassLoader.java:229) ~[securejarhandler-2.1.4.jar:?]
	at cpw.mods.cl.ModuleClassLoader.findClass(ModuleClassLoader.java:219) ~[securejarhandler-2.1.4.jar:?]
	at cpw.mods.cl.ModuleClassLoader.loadClass(ModuleClassLoader.java:135) ~[securejarhandler-2.1.4.jar:?]
	at java.lang.ClassLoader.loadClass(Unknown Source) ~[?:?]
	at com.neovisionaries.ws.client.WebSocket.openInputStream(WebSocket.java:3341) ~[?:?]
	at com.neovisionaries.ws.client.WebSocket.shakeHands(WebSocket.java:3307) ~[?:?]
	at com.neovisionaries.ws.client.WebSocket.connect(WebSocket.java:2354) ~[?:?]
	at org.figuramc.figura.backend2.NetworkStuff.connectWS(NetworkStuff.java:442) ~[?:?]
	at org.figuramc.figura.backend2.NetworkStuff.connect(NetworkStuff.java:206) ~[?:?]
	at org.figuramc.figura.backend2.NetworkStuff.authSuccess(NetworkStuff.java:188) ~[?:?]
	at org.figuramc.figura.backend2.AuthHandler.lambda$auth$0(AuthHandler.java:33) ~[?:?]
	at java.util.concurrent.CompletableFuture$AsyncRun.run(Unknown Source) ~[?:?]
	at java.util.concurrent.CompletableFuture$AsyncRun.exec(Unknown Source) ~[?:?]
	at java.util.concurrent.ForkJoinTask.doExec(Unknown Source) ~[?:?]
	at java.util.concurrent.ForkJoinPool$WorkQueue.topLevelExec(Unknown Source) ~[?:?]
	at java.util.concurrent.ForkJoinPool.scan(Unknown Source) ~[?:?]
	at java.util.concurrent.ForkJoinPool.runWorker(Unknown Source) ~[?:?]
	at java.util.concurrent.ForkJoinWorkerThread.run(Unknown Source) ~[?:?]
[10:49:13] [ForkJoinPool.commonPool-worker-1/ERROR]: Could not find parent com/neovisionaries/ws/client/WebSocketException for class com/neovisionaries/ws/client/OpeningHandshakeException in classloader jdk.internal.loader.ClassLoaders$AppClassLoader@76ed5528 on thread Thread[ForkJoinPool.commonPool-worker-1,5,main]
[10:49:13] [ForkJoinPool.commonPool-worker-1/ERROR]: An error occurred building event handler
java.lang.ClassNotFoundException: com.neovisionaries.ws.client.WebSocketException
	at jdk.internal.loader.BuiltinClassLoader.loadClass(Unknown Source) ~[?:?]
	at jdk.internal.loader.ClassLoaders$AppClassLoader.loadClass(Unknown Source) ~[?:?]
	at java.lang.ClassLoader.loadClass(Unknown Source) ~[?:?]
	at net.minecraftforge.eventbus.EventSubclassTransformer.buildEvents(EventSubclassTransformer.java:92) ~[eventbus-6.0.3.jar:?]
	at net.minecraftforge.eventbus.EventSubclassTransformer.transform(EventSubclassTransformer.java:44) ~[eventbus-6.0.3.jar:?]
	at net.minecraftforge.eventbus.EventBusEngine.processClass(EventBusEngine.java:26) ~[eventbus-6.0.3.jar:?]
	at net.minecraftforge.eventbus.service.ModLauncherService.processClassWithFlags(ModLauncherService.java:32) ~[eventbus-6.0.3.jar:6.0.3+6.0.3+master.039e4ea9]
	at cpw.mods.modlauncher.LaunchPluginHandler.offerClassNodeToPlugins(LaunchPluginHandler.java:88) ~[modlauncher-10.0.8.jar:?]
	at cpw.mods.modlauncher.ClassTransformer.transform(ClassTransformer.java:120) ~[modlauncher-10.0.8.jar:?]
	at cpw.mods.modlauncher.TransformingClassLoader.maybeTransformClassBytes(TransformingClassLoader.java:50) ~[modlauncher-10.0.8.jar:?]
	at cpw.mods.cl.ModuleClassLoader.readerToClass(ModuleClassLoader.java:113) ~[securejarhandler-2.1.4.jar:?]
	at cpw.mods.cl.ModuleClassLoader.lambda$findClass$15(ModuleClassLoader.java:219) ~[securejarhandler-2.1.4.jar:?]
	at cpw.mods.cl.ModuleClassLoader.loadFromModule(ModuleClassLoader.java:229) ~[securejarhandler-2.1.4.jar:?]
	at cpw.mods.cl.ModuleClassLoader.findClass(ModuleClassLoader.java:219) ~[securejarhandler-2.1.4.jar:?]
	at cpw.mods.cl.ModuleClassLoader.loadClass(ModuleClassLoader.java:135) ~[securejarhandler-2.1.4.jar:?]
	at java.lang.ClassLoader.loadClass(Unknown Source) ~[?:?]
	at com.neovisionaries.ws.client.WebSocket.readHandshake(WebSocket.java:3440) ~[?:?]
	at com.neovisionaries.ws.client.WebSocket.shakeHands(WebSocket.java:3319) ~[?:?]
	at com.neovisionaries.ws.client.WebSocket.connect(WebSocket.java:2354) ~[?:?]
	at org.figuramc.figura.backend2.NetworkStuff.connectWS(NetworkStuff.java:442) ~[?:?]
	at org.figuramc.figura.backend2.NetworkStuff.connect(NetworkStuff.java:206) ~[?:?]
	at org.figuramc.figura.backend2.NetworkStuff.authSuccess(NetworkStuff.java:188) ~[?:?]
	at org.figuramc.figura.backend2.AuthHandler.lambda$auth$0(AuthHandler.java:33) ~[?:?]
	at java.util.concurrent.CompletableFuture$AsyncRun.run(Unknown Source) ~[?:?]
	at java.util.concurrent.CompletableFuture$AsyncRun.exec(Unknown Source) ~[?:?]
	at java.util.concurrent.ForkJoinTask.doExec(Unknown Source) ~[?:?]
	at java.util.concurrent.ForkJoinPool$WorkQueue.topLevelExec(Unknown Source) ~[?:?]
	at java.util.concurrent.ForkJoinPool.scan(Unknown Source) ~[?:?]
	at java.util.concurrent.ForkJoinPool.runWorker(Unknown Source) ~[?:?]
	at java.util.concurrent.ForkJoinWorkerThread.run(Unknown Source) ~[?:?]
[10:49:13] [Render thread/INFO]: Stopping worker threads
[10:49:13] [Render thread/INFO]: Cleared all avatars
[10:49:13] [Render thread/INFO]: emissive suffixes loaded: {_e}.
[10:49:15] [Finalizer/WARN]: One or more BufferBuilders have been leaked, ModernFix will attempt to correct this.
[10:49:15] [ForkJoinPool.commonPool-worker-1/ERROR]: Could not find parent com/neovisionaries/ws/client/WebSocketThread for class com/neovisionaries/ws/client/ReadingThread in classloader jdk.internal.loader.ClassLoaders$AppClassLoader@76ed5528 on thread Thread[ForkJoinPool.commonPool-worker-1,5,main]
[10:49:15] [ForkJoinPool.commonPool-worker-1/ERROR]: An error occurred building event handler
java.lang.ClassNotFoundException: com.neovisionaries.ws.client.WebSocketThread
	at jdk.internal.loader.BuiltinClassLoader.loadClass(Unknown Source) ~[?:?]
	at jdk.internal.loader.ClassLoaders$AppClassLoader.loadClass(Unknown Source) ~[?:?]
	at java.lang.ClassLoader.loadClass(Unknown Source) ~[?:?]
	at net.minecraftforge.eventbus.EventSubclassTransformer.buildEvents(EventSubclassTransformer.java:92) ~[eventbus-6.0.3.jar:?]
	at net.minecraftforge.eventbus.EventSubclassTransformer.transform(EventSubclassTransformer.java:44) ~[eventbus-6.0.3.jar:?]
	at net.minecraftforge.eventbus.EventBusEngine.processClass(EventBusEngine.java:26) ~[eventbus-6.0.3.jar:?]
	at net.minecraftforge.eventbus.service.ModLauncherService.processClassWithFlags(ModLauncherService.java:32) ~[eventbus-6.0.3.jar:6.0.3+6.0.3+master.039e4ea9]
	at cpw.mods.modlauncher.LaunchPluginHandler.offerClassNodeToPlugins(LaunchPluginHandler.java:88) ~[modlauncher-10.0.8.jar:?]
	at cpw.mods.modlauncher.ClassTransformer.transform(ClassTransformer.java:120) ~[modlauncher-10.0.8.jar:?]
	at cpw.mods.modlauncher.TransformingClassLoader.maybeTransformClassBytes(TransformingClassLoader.java:50) ~[modlauncher-10.0.8.jar:?]
	at cpw.mods.cl.ModuleClassLoader.readerToClass(ModuleClassLoader.java:113) ~[securejarhandler-2.1.4.jar:?]
	at cpw.mods.cl.ModuleClassLoader.lambda$findClass$15(ModuleClassLoader.java:219) ~[securejarhandler-2.1.4.jar:?]
	at cpw.mods.cl.ModuleClassLoader.loadFromModule(ModuleClassLoader.java:229) ~[securejarhandler-2.1.4.jar:?]
	at cpw.mods.cl.ModuleClassLoader.findClass(ModuleClassLoader.java:219) ~[securejarhandler-2.1.4.jar:?]
	at cpw.mods.cl.ModuleClassLoader.loadClass(ModuleClassLoader.java:135) ~[securejarhandler-2.1.4.jar:?]
	at java.lang.ClassLoader.loadClass(Unknown Source) ~[?:?]
	at com.neovisionaries.ws.client.WebSocket.startThreads(WebSocket.java:3457) ~[?:?]
	at com.neovisionaries.ws.client.WebSocket.connect(WebSocket.java:2384) ~[?:?]
	at org.figuramc.figura.backend2.NetworkStuff.connectWS(NetworkStuff.java:442) ~[?:?]
	at org.figuramc.figura.backend2.NetworkStuff.connect(NetworkStuff.java:206) ~[?:?]
	at org.figuramc.figura.backend2.NetworkStuff.authSuccess(NetworkStuff.java:188) ~[?:?]
	at org.figuramc.figura.backend2.AuthHandler.lambda$auth$0(AuthHandler.java:33) ~[?:?]
	at java.util.concurrent.CompletableFuture$AsyncRun.run(Unknown Source) ~[?:?]
	at java.util.concurrent.CompletableFuture$AsyncRun.exec(Unknown Source) ~[?:?]
	at java.util.concurrent.ForkJoinTask.doExec(Unknown Source) ~[?:?]
	at java.util.concurrent.ForkJoinPool$WorkQueue.topLevelExec(Unknown Source) ~[?:?]
	at java.util.concurrent.ForkJoinPool.scan(Unknown Source) ~[?:?]
	at java.util.concurrent.ForkJoinPool.runWorker(Unknown Source) ~[?:?]
	at java.util.concurrent.ForkJoinWorkerThread.run(Unknown Source) ~[?:?]
[10:49:15] [ForkJoinPool.commonPool-worker-1/ERROR]: Could not find parent com/neovisionaries/ws/client/WebSocketThread for class com/neovisionaries/ws/client/WritingThread in classloader jdk.internal.loader.ClassLoaders$AppClassLoader@76ed5528 on thread Thread[ForkJoinPool.commonPool-worker-1,5,main]
[10:49:15] [ForkJoinPool.commonPool-worker-1/ERROR]: An error occurred building event handler
java.lang.ClassNotFoundException: com.neovisionaries.ws.client.WebSocketThread
	at jdk.internal.loader.BuiltinClassLoader.loadClass(Unknown Source) ~[?:?]
	at jdk.internal.loader.ClassLoaders$AppClassLoader.loadClass(Unknown Source) ~[?:?]
	at java.lang.ClassLoader.loadClass(Unknown Source) ~[?:?]
	at net.minecraftforge.eventbus.EventSubclassTransformer.buildEvents(EventSubclassTransformer.java:92) ~[eventbus-6.0.3.jar:?]
	at net.minecraftforge.eventbus.EventSubclassTransformer.transform(EventSubclassTransformer.java:44) ~[eventbus-6.0.3.jar:?]
	at net.minecraftforge.eventbus.EventBusEngine.processClass(EventBusEngine.java:26) ~[eventbus-6.0.3.jar:?]
	at net.minecraftforge.eventbus.service.ModLauncherService.processClassWithFlags(ModLauncherService.java:32) ~[eventbus-6.0.3.jar:6.0.3+6.0.3+master.039e4ea9]
	at cpw.mods.modlauncher.LaunchPluginHandler.offerClassNodeToPlugins(LaunchPluginHandler.java:88) ~[modlauncher-10.0.8.jar:?]
	at cpw.mods.modlauncher.ClassTransformer.transform(ClassTransformer.java:120) ~[modlauncher-10.0.8.jar:?]
	at cpw.mods.modlauncher.TransformingClassLoader.maybeTransformClassBytes(TransformingClassLoader.java:50) ~[modlauncher-10.0.8.jar:?]
	at cpw.mods.cl.ModuleClassLoader.readerToClass(ModuleClassLoader.java:113) ~[securejarhandler-2.1.4.jar:?]
	at cpw.mods.cl.ModuleClassLoader.lambda$findClass$15(ModuleClassLoader.java:219) ~[securejarhandler-2.1.4.jar:?]
	at cpw.mods.cl.ModuleClassLoader.loadFromModule(ModuleClassLoader.java:229) ~[securejarhandler-2.1.4.jar:?]
	at cpw.mods.cl.ModuleClassLoader.findClass(ModuleClassLoader.java:219) ~[securejarhandler-2.1.4.jar:?]
	at cpw.mods.cl.ModuleClassLoader.loadClass(ModuleClassLoader.java:135) ~[securejarhandler-2.1.4.jar:?]
	at java.lang.ClassLoader.loadClass(Unknown Source) ~[?:?]
	at com.neovisionaries.ws.client.WebSocket.startThreads(WebSocket.java:3458) ~[?:?]
	at com.neovisionaries.ws.client.WebSocket.connect(WebSocket.java:2384) ~[?:?]
	at org.figuramc.figura.backend2.NetworkStuff.connectWS(NetworkStuff.java:442) ~[?:?]
	at org.figuramc.figura.backend2.NetworkStuff.connect(NetworkStuff.java:206) ~[?:?]
	at org.figuramc.figura.backend2.NetworkStuff.authSuccess(NetworkStuff.java:188) ~[?:?]
	at org.figuramc.figura.backend2.AuthHandler.lambda$auth$0(AuthHandler.java:33) ~[?:?]
	at java.util.concurrent.CompletableFuture$AsyncRun.run(Unknown Source) ~[?:?]
	at java.util.concurrent.CompletableFuture$AsyncRun.exec(Unknown Source) ~[?:?]
	at java.util.concurrent.ForkJoinTask.doExec(Unknown Source) ~[?:?]
	at java.util.concurrent.ForkJoinPool$WorkQueue.topLevelExec(Unknown Source) ~[?:?]
	at java.util.concurrent.ForkJoinPool.scan(Unknown Source) ~[?:?]
	at java.util.concurrent.ForkJoinPool.runWorker(Unknown Source) ~[?:?]
	at java.util.concurrent.ForkJoinWorkerThread.run(Unknown Source) ~[?:?]
[10:49:15] [ReadingThread/INFO]: Connecting to Figura ws backend (wss://figura.moonlight-devs.org/ws)
[10:49:15] [Render thread/FATAL]: Preparing crash report with UUID f36726a6-bae3-4503-a0f5-174fa8274b7f
[10:49:15] [Render thread/FATAL]: Preparing crash report with UUID a81fce15-5027-49dd-96d7-82f8f5486dcf
